{
  "best_epoch": 45,
  "best_val_loss": 2.1985648969809213,
  "test_loss": 2.3280477982300978,
  "test_acc": 0.11612933874130249,
  "test_prec": 0.10256586223840714,
  "test_rec": 0.11612933874130249,
  "test_f1": 0.07963407039642334,
  "test_iou": 0.04806336760520935,
  "overall_accuracy_test": 0.2939591407775879,
  "tooth_21": {
    "class_id": 9,
    "class_name": "Diente 21",
    "precision": 0.33287957310676575,
    "recall": 0.43024080991744995,
    "f1": 0.37534937262535095,
    "iou": 0.23103390634059906
  }
}