{
  "best_epoch": 28,
  "best_val_loss": 3.209095060825348,
  "test_loss": 4.013078836294321,
  "test_acc": 0.07913633435964584,
  "test_prec": 0.0652642548084259,
  "test_rec": 0.07913633435964584,
  "test_f1": 0.043384045362472534,
  "test_iou": 0.024351734668016434,
  "overall_accuracy_test": 0.16984637081623077,
  "tooth_21": {
    "class_id": 9,
    "class_name": "Diente 21",
    "precision": 0.12429378181695938,
    "recall": 0.004044011235237122,
    "f1": 0.007833162322640419,
    "iou": 0.003931981977075338
  }
}