{
  "class_weights": {
    "0": 0.016866769641637802,
    "1": 0.8323345184326172,
    "2": 1.335431694984436,
    "3": 1.3181263208389282,
    "4": 1.0862120389938354,
    "5": 1.0682145357131958,
    "6": 0.6334126591682434,
    "7": 1.2728840112686157,
    "8": 0.8365513682365417,
    "9": 1.2920894622802734,
    "10": 1.305358648300171,
    "11": 1.0727152824401855,
    "12": 1.0630865097045898,
    "13": 0.6349971890449524,
    "14": 1.2291678190231323
  },
  "hist_train": {
    "0": 15124938,
    "1": 306498,
    "2": 191031,
    "3": 193539,
    "4": 234861,
    "5": 238818,
    "6": 402753,
    "7": 200418,
    "8": 304953,
    "9": 197439,
    "10": 195432,
    "11": 237816,
    "12": 239970,
    "13": 401748,
    "14": 207546
  }
}