{
  "best_epoch": 26,
  "best_val_loss": 2.112702488899231,
  "test_loss": 1.9843659003575642,
  "test_acc": 0.2910671532154083,
  "test_prec": 0.0848911926150322,
  "test_rec": 0.13336652517318726,
  "test_f1": 0.08331673592329025,
  "test_iou": 0.050772491842508316,
  "overall_accuracy_test": 0.2910671532154083,
  "tooth_21": {
    "class_id": 9,
    "class_name": "Diente 21",
    "precision": 0.3436126410961151,
    "recall": 0.6026188135147095,
    "f1": 0.4376676380634308,
    "iou": 0.2801373302936554
  }
}