{
  "train_loss": [
    3.1676696915375557,
    3.069846258665386,
    3.04679757984061,
    3.081654901880967,
    3.026697312530718,
    3.0086275226191472,
    3.005856518368972,
    2.9849654153773657,
    2.9780624803743865,
    2.9745682095226487,
    2.9790421078079623,
    2.983471179008484,
    2.972396793490962,
    2.952785652562192,
    2.9643861883565,
    2.941275832527562,
    2.952122562182577,
    2.9173252494711623,
    2.9202728572644685,
    2.9173711055203486,
    2.9150668702627485,
    2.909713601438623,
    2.897559743178518,
    2.9059003108426142,
    2.914274442195892,
    2.9020946138783503,
    2.8952845893408123,
    2.9003085318364596,
    2.9125657081604004,
    2.884153492199747,
    2.8871952439609325,
    2.8916898131370545,
    2.879996857517644,
    2.8777639263554624,
    2.8878935525291842,
    2.8636616913895856,
    2.8597017263111315
  ],
  "train_acc": [
    0.035715918987989426,
    0.04460667073726654,
    0.04231173172593117,
    0.04631009325385094,
    0.04401944577693939,
    0.04451735317707062,
    0.045728616416454315,
    0.04722470045089722,
    0.04902588576078415,
    0.05004380643367767,
    0.04970795661211014,
    0.05071336030960083,
    0.053606681525707245,
    0.05129902437329292,
    0.0539579838514328,
    0.050299905240535736,
    0.05502057448029518,
    0.05340469256043434,
    0.05521049350500107,
    0.057600293308496475,
    0.056617822498083115,
    0.05723355710506439,
    0.058124203234910965,
    0.055123940110206604,
    0.05809237062931061,
    0.0560871846973896,
    0.05942125245928764,
    0.059502359479665756,
    0.05771749094128609,
    0.05818014591932297,
    0.05834832042455673,
    0.05876609683036804,
    0.061676181852817535,
    0.06040304899215698,
    0.06156246364116669,
    0.06172751262784004,
    0.06104294955730438
  ],
  "train_prec": [
    0.035965368151664734,
    0.0425201952457428,
    0.04183829203248024,
    0.045644309371709824,
    0.04387304559350014,
    0.043855320662260056,
    0.04528054594993591,
    0.04756717011332512,
    0.05046771466732025,
    0.04681014269590378,
    0.049333881586790085,
    0.050096604973077774,
    0.051746126264333725,
    0.05224228277802467,
    0.054768893867731094,
    0.05169053003191948,
    0.053541868925094604,
    0.053861916065216064,
    0.056435637176036835,
    0.05688800662755966,
    0.05658245086669922,
    0.0625012218952179,
    0.06322573125362396,
    0.06342040747404099,
    0.062063395977020264,
    0.06356677412986755,
    0.10215312242507935,
    0.06587044894695282,
    0.06311236321926117,
    0.0658799260854721,
    0.06834504008293152,
    0.06720860302448273,
    0.07242592424154282,
    0.0676872655749321,
    0.06826318800449371,
    0.0701787918806076,
    0.07072900980710983
  ],
  "train_rec": [
    0.035715918987989426,
    0.04460667073726654,
    0.04231173172593117,
    0.04631009325385094,
    0.04401944577693939,
    0.04451735317707062,
    0.045728616416454315,
    0.04722470045089722,
    0.04902588576078415,
    0.05004380643367767,
    0.04970795661211014,
    0.05071336030960083,
    0.053606681525707245,
    0.05129902437329292,
    0.0539579838514328,
    0.050299905240535736,
    0.05502057448029518,
    0.05340469256043434,
    0.05521049350500107,
    0.057600293308496475,
    0.056617822498083115,
    0.05723355710506439,
    0.058124203234910965,
    0.055123940110206604,
    0.05809237062931061,
    0.0560871846973896,
    0.05942125245928764,
    0.059502359479665756,
    0.05771749094128609,
    0.05818014591932297,
    0.05834832042455673,
    0.05876609683036804,
    0.061676181852817535,
    0.06040304899215698,
    0.06156246364116669,
    0.06172751262784004,
    0.06104294955730438
  ],
  "train_f1": [
    0.03340901434421539,
    0.03908282145857811,
    0.03526540845632553,
    0.04141708090901375,
    0.03775661811232567,
    0.041141171008348465,
    0.04225429147481918,
    0.04344493895769119,
    0.04428897053003311,
    0.04616875573992729,
    0.04213534668087959,
    0.04859152436256409,
    0.04536096006631851,
    0.048288099467754364,
    0.045031167566776276,
    0.049330562353134155,
    0.04871702194213867,
    0.05072479695081711,
    0.049596089869737625,
    0.04485505819320679,
    0.05238295719027519,
    0.05289100110530853,
    0.04905634745955467,
    0.047649990767240524,
    0.049115270376205444,
    0.052795521914958954,
    0.051558591425418854,
    0.053118932992219925,
    0.05406922847032547,
    0.05191805958747864,
    0.05286349728703499,
    0.05484718829393387,
    0.05214673653244972,
    0.055239591747522354,
    0.05194183439016342,
    0.05385792255401611,
    0.055818334221839905
  ],
  "train_iou": [
    0.01832888275384903,
    0.020713811740279198,
    0.0186145156621933,
    0.021955175325274467,
    0.020093968138098717,
    0.02199200913310051,
    0.022625239565968513,
    0.023343263193964958,
    0.023761261254549026,
    0.02519150823354721,
    0.023246439173817635,
    0.02645682916045189,
    0.024766728281974792,
    0.02647293545305729,
    0.02470453828573227,
    0.026735514402389526,
    0.02651459351181984,
    0.027405021712183952,
    0.027308505028486252,
    0.025326741859316826,
    0.028722070157527924,
    0.029190462082624435,
    0.0273848008364439,
    0.02587145008146763,
    0.027068879455327988,
    0.029009267687797546,
    0.0285404734313488,
    0.029003310948610306,
    0.02973172999918461,
    0.028798870742321014,
    0.029103174805641174,
    0.030116677284240723,
    0.029252536594867706,
    0.030722860246896744,
    0.028891753405332565,
    0.029684774577617645,
    0.03091295249760151
  ],
  "val_loss": [
    3.025622636079788,
    3.025029808282852,
    3.0389441549777985,
    3.0479892194271088,
    3.0966523985068,
    3.0331029295921326,
    3.0538936853408813,
    3.0626570781071982,
    3.1666199962298074,
    3.061232258876165,
    3.0629111528396606,
    3.1650217572848,
    3.131942391395569,
    3.0804382264614105,
    3.1406499246756234,
    3.1271610955397287,
    3.07723801334699,
    3.132862468560537,
    3.182515472173691,
    3.168136795361837,
    3.143108050028483,
    3.171176532904307,
    3.1864392360051474,
    3.1767056981722512,
    3.1460942924022675,
    3.1923162937164307,
    3.263360172510147,
    3.167583038409551,
    3.201189657052358,
    3.221980005502701,
    3.3271946012973785,
    3.300964266061783,
    3.328130225340525,
    3.3872427145640054,
    3.2552623748779297,
    3.3213514188925424,
    3.3441603581110635
  ],
  "val_acc": [
    0.07026030123233795,
    0.07675310969352722,
    0.08492793142795563,
    0.0832362174987793,
    0.09073060005903244,
    0.0923822894692421,
    0.08736173063516617,
    0.104364313185215,
    0.10348605364561081,
    0.08991081267595291,
    0.10593637824058533,
    0.10154184699058533,
    0.08961178362369537,
    0.11424078792333603,
    0.0947985127568245,
    0.10396692901849747,
    0.10941550135612488,
    0.09477430582046509,
    0.08718998730182648,
    0.11616576462984085,
    0.10406424105167389,
    0.09702602028846741,
    0.08050930500030518,
    0.08151344954967499,
    0.08841902017593384,
    0.09080243855714798,
    0.10237685590982437,
    0.09056626260280609,
    0.09273193776607513,
    0.08675194531679153,
    0.07970569282770157,
    0.08211492002010345,
    0.0853106677532196,
    0.0788242518901825,
    0.10005494952201843,
    0.08524753153324127,
    0.08692851662635803
  ],