{
  "class_weights": {
    "0": 5.151098731587256e-12,
    "1": 8.812240759152601e-14,
    "2": 2.4248303018281625e-12,
    "3": 2.0900421150715776e-12,
    "4": 9.438975209080658e-13,
    "5": 7.118600956097787e-13,
    "6": 3.738121194963445e-13,
    "7": 2.2445465082919502e-14,
    "8": 1.8898034179204437e-13,
    "9": 8.590431290573727e-14,
    "10": 2.365963870133714e-13,
    "11": 3.9478763682633533e-13,
    "12": 5.966587358734177e-13,
    "13": 6.75,
    "14": 8.150933676924141e-14,
    "15": 3.2136430018828155e-13,
    "16": 3.3384110905386455e-13,
    "17": 5.4931640833255635e-12,
    "18": 6.75,
    "19": 6.75,
    "20": 3.7665518897193537e-14,
    "21": 4.075589827646012e-14,
    "22": 6.721541183883628e-14,
    "23": 8.505222893161191e-13,
    "24": 3.160112449496211e-11,
    "25": 1.1741172270540723e-11,
    "26": 6.75
  },
  "hist_train": {
    "0": 13104,
    "1": 765980,
    "2": 27837,
    "3": 32296,
    "4": 71512,
    "5": 94822,
    "6": 180572,
    "7": 3007289,
    "8": 357180,
    "9": 785758,
    "10": 285296,
    "11": 170978,
    "12": 113130,
    "13": 0,
    "14": 828126,
    "15": 210042,
    "16": 202192,
    "17": 12288,
    "18": 0,
    "19": 0,
    "20": 1792090,
    "21": 1656202,
    "22": 1004234,
    "23": 79363,
    "24": 2136,
    "25": 5749,
    "26": 0
  }
}