{
  "train_loss": [
    2.412141227280652,
    2.3424830608897738,
    2.3409943386360452,
    2.3321404832380788,
    2.325078437063429,
    2.3221565970668085,
    2.3131580648598846,
    2.308936321735382,
    2.3042114399097584,
    2.30160166643284,
    2.299154501491123,
    2.2937028915793807,
    2.287705980406867,
    2.2897484766112433,
    2.287125587463379,
    2.2855440810874654,
    2.2834023051791723,
    2.2865948915481566,
    2.285357298674407,
    2.2823714401986863,
    2.281717140586288,
    2.276474509415803,
    2.278992924866853,
    2.2814215580622355,
    2.274393305513594,
    2.278369084993998,
    2.2765245296336984,
    2.2742952284989535,
    2.2728693480844853,
    2.2713708458123385,
    2.2710212575064763,
    2.272159641318851,
    2.268049437911422,
    2.2714173511222557,
    2.266736174071277,
    2.2691526770591737,
    2.257253254784478,
    2.2604558339825385,
    2.2621683372391597,
    2.2634224944644505,
    2.2623106161753337,
    2.2631324803387676,
    2.2602931057965314,
    2.2617459063176755,
    2.265778366283134,
    2.259741877184974,
    2.2654303767062998,
    2.265717723192992
  ],
  "train_acc": [
    0.23634909093379974,
    0.24959728121757507,
    0.25276750326156616,
    0.2540630102157593,
    0.2545135021209717,
    0.2546647787094116,
    0.25503936409950256,
    0.25522738695144653,
    0.25497764348983765,
    0.2553052008152008,
    0.25534752011299133,
    0.25630107522010803,
    0.25611746311187744,
    0.2557438611984253,
    0.2565184533596039,
    0.2555181384086609,
    0.256303071975708,
    0.25670939683914185,
    0.2560507357120514,
    0.25658202171325684,
    0.2564803659915924,
    0.25689172744750977,
    0.25715717673301697,
    0.25681570172309875,
    0.2571489214897156,
    0.25696852803230286,
    0.2570609748363495,
    0.25742095708847046,
    0.25735631585121155,
    0.2577948570251465,
    0.2578034996986389,
    0.2576425075531006,
    0.2576756775379181,
    0.25761255621910095,
    0.2580806612968445,
    0.2578886151313782,
    0.25860193371772766,
    0.258476197719574,
    0.2586016058921814,
    0.25770822167396545,
    0.2585829496383667,
    0.2581312954425812,
    0.25810208916664124,
    0.2588850259780884,
    0.25833162665367126,
    0.2585492730140686,
    0.25811195373535156,
    0.25907576084136963
  ],
  "train_prec": [
    0.04191126674413681,
    0.052595123648643494,
    0.05140490084886551,
    0.049348849803209305,
    0.054484013468027115,
    0.04378419369459152,
    0.061869554221630096,
    0.03996504843235016,
    0.03685157001018524,
    0.052029650658369064,
    0.04471255838871002,
    0.04803606867790222,
    0.045157067477703094,
    0.054998405277729034,
    0.06444469094276428,
    0.07758928090333939,
    0.044468943029642105,
    0.03754407539963722,
    0.05911850929260254,
    0.05740026757121086,
    0.061366744339466095,
    0.04807739332318306,
    0.06198573112487793,
    0.05720134451985359,
    0.05582156777381897,
    0.04755830764770508,
    0.08602746576070786,
    0.06095755472779274,
    0.052271828055381775,
    0.08261115103960037,
    0.06729356199502945,
    0.05048513785004616,
    0.0652415081858635,
    0.06613077223300934,
    0.07341941446065903,
    0.08655726164579391,
    0.09180184453725815,
    0.07237298041582108,
    0.07833828777074814,
    0.08834820985794067,
    0.07804570347070694,
    0.0808919370174408,
    0.10381346195936203,
    0.08565974980592728,
    0.08239620178937912,
    0.07793711125850677,
    0.0942382663488388,
    0.09576248377561569
  ],
  "train_rec": [
    0.03849687799811363,
    0.0398494228720665,
    0.039262231439352036,
    0.03924707695841789,
    0.03921222686767578,
    0.03938913717865944,
    0.03974624350667,
    0.03984794765710831,
    0.04010433703660965,
    0.04023916646838188,
    0.0415225550532341,
    0.042037032544612885,
    0.043401263654232025,
    0.0428827665746212,
    0.043368153274059296,
    0.04408559203147888,
    0.043329160660505295,
    0.04350769519805908,
    0.0429457351565361,
    0.04487724229693413,
    0.04398545250296593,
    0.04554981738328934,
    0.04508528485894203,
    0.04344794899225235,
    0.046181343495845795,
    0.04505877569317818,
    0.04475528374314308,
    0.04507200047373772,
    0.045207347720861435,
    0.04635341092944145,
    0.04620863497257233,
    0.04715309292078018,
    0.046986181288957596,
    0.04609687626361847,
    0.045917633920907974,
    0.046335477381944656,
    0.048036132007837296,
    0.0473390594124794,
    0.047105927020311356,
    0.04708261415362358,
    0.04706421121954918,
    0.04545491188764572,
    0.046669650822877884,
    0.04736083373427391,
    0.045898813754320145,
    0.046218521893024445,
    0.046143386512994766,
    0.0472809299826622
  ],
  "train_f1": [
    0.025881623849272728,
    0.024845777079463005,
    0.022434420883655548,
    0.022118523716926575,
    0.02140101045370102,
    0.02203393168747425,
    0.02182389795780182,
    0.022271081805229187,
    0.02220665104687214,
    0.02222292125225067,
    0.02432103455066681,
    0.024752607569098473,
    0.025905635207891464,
    0.025132562965154648,
    0.02576334960758686,
    0.02545795403420925,
    0.025181127712130547,
    0.02522852271795273,
    0.025496069341897964,
    0.026625709608197212,
    0.026266731321811676,
    0.026400916278362274,
    0.025943873450160027,
    0.025814659893512726,
    0.027187883853912354,
    0.02846037596464157,
    0.02632591687142849,
    0.02679971233010292,
    0.02682868391275406,
    0.02813028357923031,
    0.028706487268209457,
    0.02743549831211567,
    0.02777121774852276,
    0.02709246799349785,
    0.028322147205471992,
    0.02714546024799347,
    0.02868630737066269,
    0.028368854895234108,
    0.02802775613963604,
    0.028294095769524574,
    0.02853049337863922,
    0.02813236601650715,
    0.02816353552043438,
    0.02854127809405327,
    0.027488326653838158,
    0.028201282024383545,
    0.02795233577489853,
    0.028937388211488724
  ],
  "train_iou": [
    0.015024688094854355,
    0.014561532996594906,
    0.013284177519381046,
    0.013134236447513103,
    0.012736008502542973,
    0.013073221780359745,
    0.012967076152563095,
    0.013208979740738869,
    0.013182186521589756,
    0.013188605196774006,
    0.014324315823614597,
    0.014571744948625565,
    0.015206133015453815,
    0.01479110587388277,
    0.015145127661526203,
    0.014990822412073612,
    0.014822350814938545,
    0.014870245940983295,
    0.014964842237532139,
    0.01567463018000126,
    0.015402036719024181,
    0.015543793328106403,
    0.015290956944227219,
    0.015162836760282516,
    0.016001904383301735,
    0.016590600833296776,
    0.015491075813770294,
    0.015758870169520378,
    0.015761690214276314,
    0.016482338309288025,
    0.01676696352660656,
    0.016159716993570328,
    0.016291242092847824,
    0.01591474562883377,
    0.01657155528664589,
    0.015960123389959335,
    0.01682090014219284,
    0.01665138453245163,
    0.016457373276352882,
    0.016563313081860542,
    0.016715658828616142,
    0.01643333211541176,
    0.01651877537369728,
    0.01676872745156288,
    0.01611567661166191,
    0.01650850847363472,
    0.01639254204928875,
    0.016951128840446472
  ],