{
  "best_epoch": 36,
  "best_val_loss": 2.1534564793109894,
  "test_loss": 2.0218182057142258,
  "test_acc": 0.12453243136405945,
  "test_prec": 0.14248070120811462,
  "test_rec": 0.12453243136405945,
  "test_f1": 0.11004599928855896,
  "test_iou": 0.06634709239006042,
  "overall_accuracy_test": 0.3115478456020355,
  "tooth_21": {
    "class_id": 9,
    "class_name": "Diente 21",
    "precision": 0.22664624452590942,
    "recall": 0.6022469401359558,
    "f1": 0.3293476402759552,
    "iou": 0.19713714718818665
  }
}