{
  "hist": {
    "train": {
      "loss": [
        0.7571233510971069,
        0.7439464330673218,
        0.737700879573822,
        0.7263376712799072,
        0.7214447458585104,
        0.7224246362845103,
        0.7169383565584818,
        0.7132925589879354,
        0.7111119826634725,
        0.7122659484545389,
        0.7096785604953766,
        0.7059950530529022,
        0.7101307014624277,
        0.701246827840805,
        0.7009447117646536,
        0.7027388016382853,
        0.7037384609381357,
        0.6994830866654714,
        0.7010322014490763,
        0.6988489329814911,
        0.697269449631373
      ],
      "acc": [
        0.30461561414930555,
        0.3264567057291667,
        0.34994642469618054,
        0.3786824544270833,
        0.4217475043402778,
        0.43738335503472214,
        0.4620890299479166,
        0.4803087022569444,
        0.49754570855034724,
        0.5094122992621527,
        0.5264350043402778,
        0.5289930555555555,
        0.5378953721788194,
        0.5374952528211806,
        0.5424085828993056,
        0.5415988498263888,
        0.5437466091579862,
        0.5437649197048611,
        0.5395711263020834,
        0.5481641981336806,
        0.5464104546440972
      ],
      "prec": [
        0.13027489315016066,
        0.13326813906440196,
        0.1327321995712909,
        0.13570561582200666,
        0.13961067507089034,
        0.13716287284148543,
        0.14020159728820114,
        0.14044527767274295,
        0.1424340446639951,
        0.14167401468666543,
        0.14592008627043787,
        0.14618036825384936,
        0.14520827046263934,
        0.14925350315402192,
        0.14814693233910436,
        0.14862573364572443,
        0.1476918210254392,
        0.1502078490373396,
        0.14899237534841248,
        0.15178141924864422,
        0.1518190839246457
      ],
      "rec": [
        0.7648773553029976,
        0.7539409425559159,
        0.7182726052722156,
        0.700491495437254,
        0.6655108550776426,
        0.6283579561124374,
        0.608271062624575,
        0.5848117166856515,
        0.5708307809012808,
        0.5492377532001611,
        0.5416126250344685,
        0.539240686073329,
        0.5208789981153433,
        0.5417349069978284,
        0.5296923021358316,
        0.5330064693828525,
        0.5256134433628653,
        0.5373792767186126,
        0.539843184381832,
        0.5377703456550763,
        0.540434066533686
      ],
      "f1": [
        0.22259480306446602,
        0.22625727762210912,
        0.22379523291288853,
        0.22721885795278884,
        0.2305961848044209,
        0.22498979688958254,
        0.22775731727443174,
        0.22625952568374608,
        0.22755894070063232,
        0.224986635483389,
        0.22962752066546702,
        0.22961329503911843,
        0.2270684837684026,
        0.23391387998025878,
        0.23136615145669093,
        0.23231901476549785,
        0.23035000147741092,
        0.2345221629756419,
        0.23327115889983882,
        0.23656684766577496,
        0.23665563986669866
      ],
      "iou": [
        0.12528257417566444,
        0.12764984724111086,
        0.12607929787430802,
        0.12820475250126273,
        0.13039856098288383,
        0.12684989328248822,
        0.128563640850086,
        0.12761351006241448,
        0.1285258308865775,
        0.1268200940294765,
        0.12978251738247262,
        0.1297635663610646,
        0.12810558380660594,
        0.13248554239742755,
        0.13086490859739536,
        0.13142927544838182,
        0.13021856718504782,
        0.13288134659767906,
        0.132073983111963,
        0.13418016537746183,
        0.13426706991950763
      ]
    },
    "val": {
      "loss": [
        0.6924341022968292,
        0.6932387351989746,
        0.7081916630268097,
        0.7586282193660736,
        0.78682541847229,
        0.7364988923072815,
        0.7094719111919403,
        0.6975658535957336,
        0.6936227083206177,
        0.6918444037437439,
        0.6929807662963867,
        0.6963559985160828,
        0.6979933977127075,
        0.6978824138641357,
        0.6947000622749329,
        0.6977631747722626,
        0.692907303571701,
        0.6897824704647064,
        0.6904406547546387,
        0.6953186392784119,
        0.69856858253479
      ],
      "acc": [
        0.31009928385416663,
        0.8018595377604167,
        0.86553955078125,
        0.86553955078125,
        0.86553955078125,
        0.8653055826822917,
        0.8268839518229167,
        0.7044270833333333,
        0.7069498697916667,
        0.616943359375,
        0.516571044921875,
        0.634490966796875,
        0.6939290364583333,
        0.6946207682291667,
        0.615020751953125,
        0.5170491536458334,
        0.5368754069010417,
        0.5459493001302083,
        0.6186319986979167,
        0.720245361328125,
        0.758697509765625
      ],
      "prec": [
        0.14245635817251132,
        0.08026030368763558,
        0.0,
        0.0,
        0.0,
        0.08571428571428572,
        0.13282897210009317,
        0.15298499068638904,
        0.15858663218282865,
        0.15543825350660478,
        0.14639955797430196,
        0.1466173309298224,
        0.14593029624264536,
        0.1650755892079312,
        0.1501251786712371,
        0.1481226203321303,
        0.14569458670516627,
        0.15504761955812962,
        0.15781394537132373,
        0.1605911163654788,
        0.16750504940225996
      ],
      "rec": [
        0.8185833329205612,
        0.11668243456322927,
        0.0,
        0.0,
        0.0,
        0.0004730368968779565,
        0.06883842611625976,
        0.26247025976577654,
        0.2802322586397341,
        0.40832000079252256,
        0.5342823790866508,
        0.3633162775876274,
        0.2786174939446324,
        0.2933505706987902,
        0.39725853241334674,
        0.5315762447970069,
        0.5050791614450988,
        0.5344041468742415,
        0.42403341142982626,
        0.2555468323038796,
        0.19192543353460106
      ],
      "f1": [
        0.24240594543111604,
        0.09510345713918521,
        0.0,
        0.0,
        0.0,
        0.0009408812921436412,
        0.08696077444027046,
        0.17933700991945029,
        0.19462943471317948,
        0.2150452876659708,
        0.22539181633124344,
        0.2010411597452692,
        0.1587805555721335,
        0.16891741968335605,
        0.20392401138882857,
        0.22124193984027807,
        0.22565290409208466,
        0.24033684910784622,
        0.22937871644169572,
        0.178825788094221,
        0.15088247069168878
      ],
      "iou": [
        0.13800920249591636,
        0.052549353784973725,
        0.0,
        0.0,
        0.0,
        0.00047088369172814315,
        0.046467964965286615,
        0.09890357393486879,
        0.10818682693075966,
        0.12058080763554671,
        0.12703006428700636,
        0.11201987046649495,
        0.08784402878960582,
        0.09362630351853905,
        0.11382011255923176,
        0.1244332719841485,
        0.12718996899478374,
        0.1366028545948222,
        0.1295490777847474,
        0.09888035780290612,
        0.0827314900461867
      ]
    }
  },
  "test": {
    "loss": 0.6930117607116699,
    "acc": 0.299896240234375,
    "prec": 0.13137024237466294,
    "rec": 0.7902270080807132,
    "f1": 0.22414880287130304,
    "iou": 0.1262927298050841
  }
}