{
  "class_weights": {
    "0": 1.9832437558528482e-13,
    "1": 1.8594708292660883e-13,
    "2": 5.272613508994217e-12,
    "3": 4.50962054157622e-12,
    "4": 1.91331954620122e-12,
    "5": 1.0065687432864179e-12,
    "6": 8.164203362838462e-13,
    "7": 4.3590795578175856e-14,
    "8": 3.445582848985579e-13,
    "9": 1.8229792946456574e-13,
    "10": 4.282845508362526e-13,
    "11": 6.153285346532922e-13,
    "12": 9.949662621577815e-13,
    "13": 5.042958411971554e-11,
    "14": 1.647056514612888e-13,
    "15": 6.482997732398799e-13,
    "16": 6.070198597246668e-13,
    "17": 1.591981060866665e-11,
    "18": 3.184713256998428e-11,
    "19": 1.6479491382614952e-11,
    "20": 7.327538369909098e-14,
    "21": 8.769075282534164e-14,
    "22": 1.4226174491899224e-13,
    "23": 1.4802631776583697e-12,
    "24": 1.079827199879091e-11,
    "25": 1.170249661064382e-11,
    "26": 27.0
  },
  "hist_train": {
    "0": 1361406,
    "1": 1452026,
    "2": 51208,
    "3": 59872,
    "4": 141116,
    "5": 268238,
    "6": 330712,
    "7": 6193968,
    "8": 783612,
    "9": 1481092,
    "10": 630422,
    "11": 438790,
    "12": 271366,
    "13": 5354,
    "14": 1639288,
    "15": 416474,
    "16": 444796,
    "17": 16960,
    "18": 8478,
    "19": 16384,
    "20": 3684730,
    "21": 3079002,
    "22": 1897910,
    "23": 182400,
    "24": 25004,
    "25": 23072,
    "26": 0
  }
}