{
  "0": 90.57493857493857,
  "1": 0.9746450572403035,
  "3": 9.037509193429763,
  "4": 1365.3333333333333,
  "5": 2.246435100548446,
  "6": 970.1052631578947,
  "7": 0.19701358530093954,
  "8": 0.956860302133624,
  "9": 1.0870167782266387,
  "10": 1.6802187784867821,
  "11": 1.4955576291127428,
  "12": 9.075332348596751,
  "14": 0.6165785776409982,
  "15": 3.586341083763012,
  "16": 3.481348569269997,
  "20": 0.26420882129495576,
  "21": 0.5442707179873323,
  "22": 0.4906237938698644,
  "23": 31.751937984496124,
  "24": 9.03308012741975
}