{
  "train_loss": [
    2.9826686302525403,
    2.8633657538757893,
    2.8488894802930185,
    2.838699315117194,
    2.8204381315238414,
    2.8284195763470956,
    2.8280734652480226,
    2.819492017469442,
    2.79962281312198,
    2.7984765728167,
    2.7966856016988646,
    2.8046671511072208,
    2.791748133733813,
    2.766381900106664,
    2.785791572584982,
    2.8010655805523954,
    2.7669298533613356,
    2.7678264880268992,
    2.738140809934822,
    2.752477663600312,
    2.753439058601635,
    2.7422197467775593,
    2.7831318165733023,
    2.7474823379162077,
    2.7350400779327053,
    2.744491140195428,
    2.734613541776806,
    2.7548990728243576,
    2.750412873619108,
    2.7222547477949064,
    2.748736666924005,
    2.7393328230620315,
    2.727485155970634,
    2.7213282611733476,
    2.7297129258790425,
    2.7213514347501846
  ],
  "train_acc": [
    0.05215469002723694,
    0.06415314972400665,
    0.06876698136329651,
    0.06915807723999023,
    0.07900765538215637,
    0.06634443253278732,
    0.07490099221467972,
    0.06669340282678604,
    0.06978663802146912,
    0.07540129125118256,
    0.06772017478942871,
    0.07041355967521667,
    0.0741465762257576,
    0.07380669564008713,
    0.07429063320159912,
    0.06883607804775238,
    0.07245051115751266,
    0.0758238434791565,
    0.07483996450901031,
    0.07654377073049545,
    0.07775471359491348,
    0.07845627516508102,
    0.07379506528377533,
    0.07450149953365326,
    0.0741378515958786,
    0.07735002040863037,
    0.07866125553846359,
    0.0767948105931282,
    0.07727694511413574,
    0.0756811574101448,
    0.07419843226671219,
    0.07711191475391388,
    0.0769505500793457,
    0.07869618386030197,
    0.07754860818386078,
    0.07964903861284256
  ],
  "train_prec": [
    0.04446416720747948,
    0.05017960071563721,
    0.052711088210344315,
    0.04955354332923889,
    0.05217299610376358,
    0.05049819126725197,
    0.05127137154340744,
    0.05087815225124359,
    0.052599936723709106,
    0.05156679451465607,
    0.04953614994883537,
    0.04988276585936546,
    0.050015889108181,
    0.050440989434719086,
    0.05176554620265961,
    0.052378930151462555,
    0.05038626864552498,
    0.05091860145330429,
    0.05247831717133522,
    0.054535161703825,
    0.05512949824333191,
    0.05623706802725792,
    0.05098823457956314,
    0.05409260094165802,
    0.05255213752388954,
    0.054365918040275574,
    0.05428179353475571,
    0.05402905121445656,
    0.05437687784433365,
    0.053652361035346985,
    0.05627153068780899,
    0.050997402518987656,
    0.055280379951000214,
    0.05460166186094284,
    0.05571168288588524,
    0.05542140454053879
  ],
  "train_rec": [
    0.05215469002723694,
    0.06415314972400665,
    0.06876698136329651,
    0.06915807723999023,
    0.07900765538215637,
    0.06634443253278732,
    0.07490099221467972,
    0.06669340282678604,
    0.06978663802146912,
    0.07540129125118256,
    0.06772017478942871,
    0.07041355967521667,
    0.0741465762257576,
    0.07380669564008713,
    0.07429063320159912,
    0.06883607804775238,
    0.07245051115751266,
    0.0758238434791565,
    0.07483996450901031,
    0.07654377073049545,
    0.07775471359491348,
    0.07845627516508102,
    0.07379506528377533,
    0.07450149953365326,
    0.0741378515958786,
    0.07735002040863037,
    0.07866125553846359,
    0.0767948105931282,
    0.07727694511413574,
    0.0756811574101448,
    0.07419843226671219,
    0.07711191475391388,
    0.0769505500793457,
    0.07869618386030197,
    0.07754860818386078,
    0.07964903861284256
  ],
  "train_f1": [
    0.04227038472890854,
    0.046939387917518616,
    0.044085532426834106,
    0.044804587960243225,
    0.04299670457839966,
    0.045039787888526917,
    0.04136435687541962,
    0.04266328364610672,
    0.042446792125701904,
    0.04012615606188774,
    0.04404627904295921,
    0.04004162177443504,
    0.04500982537865639,
    0.04450139403343201,
    0.03844739496707916,
    0.044029977172613144,
    0.038872819393873215,
    0.034098073840141296,
    0.0390457808971405,
    0.04468148946762085,
    0.04219567030668259,
    0.04455126076936722,
    0.03559628501534462,
    0.04402865469455719,
    0.041993916034698486,
    0.039409950375556946,
    0.03883426636457443,
    0.04284143075346947,
    0.04341050237417221,
    0.04060235992074013,
    0.04271461069583893,
    0.03720524534583092,
    0.042222000658512115,
    0.037210624665021896,
    0.04331108182668686,
    0.041288554668426514
  ],
  "train_iou": [
    0.023217786103487015,
    0.0249544158577919,
    0.02329721674323082,
    0.023932170122861862,
    0.02288661152124405,
    0.024201612919569016,
    0.02209104597568512,
    0.023162338882684708,
    0.02288474515080452,
    0.021475646644830704,
    0.023685181513428688,
    0.021795960143208504,
    0.024704016745090485,
    0.02433474361896515,
    0.02041352540254593,
    0.02383613958954811,
    0.02111566811800003,
    0.018833352252840996,
    0.021297991275787354,
    0.02435571886599064,
    0.02276095747947693,
    0.024684228003025055,
    0.019346727058291435,
    0.024354781955480576,
    0.02292362041771412,
    0.021653924137353897,
    0.02136218175292015,
    0.023388059809803963,
    0.02382962591946125,
    0.022320613265037537,
    0.0235174298286438,
    0.020317628979682922,
    0.023232392966747284,
    0.020132238045334816,
    0.02398194745182991,
    0.02243863046169281
  ],
  "val_loss": [
    0.470254123210907,
    0.6272573669751486,
    0.6662805477778116,
    0.6496306459108988,
    0.7835618654886881,
    0.7228772044181824,
    0.7360880374908447,
    0.7565010984738668,
    0.8074823021888733,
    0.7293153603871664,
    0.6947740912437439,
    0.6761999130249023,
    0.6824922362963358,
    0.7337958415349325,
    0.7971308827400208,
    0.7476348280906677,
    0.691839873790741,
    0.7175353368123373,
    0.8389100432395935,
    0.7066100438435873,
    0.7245656251907349,
    0.8327006101608276,
    0.7459785540898641,
    0.7065484325091044,
    0.744236965974172,
    0.7747419675191244,
    0.7380840182304382,
    0.6804371078809103,
    0.7343746225039164,
    0.6958998243014017,
    0.7150307297706604,
    0.7029697100321451,
    0.7591903209686279,
    0.8031085729598999,
    0.7581176360448202,
    0.7735501527786255
  ],
  "val_acc": [
    0.0522545650601387,
    0.028541073203086853,
    0.047870784997940063,
    0.10046108067035675,
    0.00932244025170803,
    0.08125030249357224,
    0.10771535336971283,
    0.11441251635551453,
    0.10086730122566223,
    0.09881249815225601,
    0.09986308217048645,
    0.10060172528028488,
    0.12426058948040009,
    0.06309555470943451,
    0.10031390190124512,
    0.10159744322299957,
    0.05053609609603882,
    0.11162476986646652,
    0.09969315677881241,
    0.1028774082660675,
    0.11196998506784439,
    0.1025654524564743,
    0.10395079106092453,
    0.09121276438236237,
    0.08551621437072754,
    0.11322297900915146,
    0.09728267788887024,
    0.10046274214982986,
    0.12216570973396301,
    0.11670303344726562,
    0.10083939135074615,
    0.11520864814519882,
    0.06422211974859238,
    0.10225044935941696,
    0.10930951684713364,
    0.11447420716285706
  ],