{
  "14": 0.5421763880308672,
  "7": 0.1502184920533684,
  "22": 0.4508505131262654,
  "20": 0.25168527600422713,
  "10": 1.5814586535091266,
  "4": 6.078053963387465,
  "21": 0.2722001965005065,
  "9": 0.5744620503592425,
  "1": 0.5928397193491154,
  "5": 4.691686983676003,
  "8": 1.2632010578592134,
  "12": 3.9882449734478373,
  "15": 2.1480949231399142,
  "16": 2.2155901028570564,
  "6": 2.5415822549870657,
  "11": 2.858649337990415,
  "23": 5.627168899977806,
  "3": 13.403811114022632,
  "2": 15.35739932308949,
  "17": 33.04615384615385,
  "24": 211.23134543359262,
  "26": 165.23076923076923,
  "19": 112.60985536925637,
  "25": 58.86112634973306,
  "13": 521.4061870333056
}