{
  "train": {
    "num_samples": 6444,
    "num_points": 8192,
    "unique_labels": 26,
    "bg_percentage": 0.4125328703299581
  },
  "val": {
    "num_samples": 95,
    "num_points": 8192,
    "unique_labels": 26,
    "bg_percentage": 0.4209498355263158
  },
  "test": {
    "num_samples": 97,
    "num_points": 8192,
    "unique_labels": 27,
    "bg_percentage": 0.04870227931701031
  }
}