{
  "train_loss": [
    3.1353386130917915,
    3.1016526408355034,
    3.0977465813931038,
    3.08281132545613,
    3.0898625921582643,
    3.0760924018448614,
    3.0794306696569165,
    3.0887386488648594,
    3.0812395948459668,
    3.0759007611682425,
    3.100360733868907,
    3.094196327556908,
    3.0884218854088767,
    3.0861594322445667,
    3.088793567565294,
    3.084582817155632,
    3.0903237247112516,
    3.0814504153666444,
    3.104695584251092,
    3.0804734212315217,
    3.0874869690508646,
    3.0944628369852514,
    3.078845637438466,
    3.1114415014543497,
    3.0834372805840022,
    3.108215787596862,
    3.0832296658625835,
    3.07892640904423,
    3.084000054788412,
    3.087895159384575,
    3.0817362003610036,
    3.093868103169154,
    3.0867862745731736,
    3.0861790738584385,
    3.0867124029251722,
    3.0887001943410994,
    3.0743902420908986,
    3.0883055841169393,
    3.094033395490682,
    3.0808847562087958,
    3.087160371936387,
    3.093773702706546,
    3.078222009772262,
    3.0972566578024825,
    3.0928684273616973,
    3.0930295017128984,
    3.08268251826772
  ],
  "train_acc": [
    0.03617125749588013,
    0.04027201980352402,
    0.03892138600349426,
    0.03854665532708168,
    0.03946284204721451,
    0.03913329541683197,
    0.03794462978839874,
    0.03751128166913986,
    0.03836027532815933,
    0.037144921720027924,
    0.03920046240091324,
    0.0378958135843277,
    0.039382413029670715,
    0.04020008072257042,
    0.03873718902468681,
    0.037049636244773865,
    0.03755280375480652,
    0.03898322582244873,
    0.03772414103150368,
    0.038933902978897095,
    0.03938592970371246,
    0.039784692227840424,
    0.03788290545344353,
    0.038357507437467575,
    0.03803744539618492,
    0.038782596588134766,
    0.04192756861448288,
    0.03875836730003357,
    0.03922456130385399,
    0.03901936113834381,
    0.03956817090511322,
    0.038994599133729935,
    0.0388898104429245,
    0.03879556432366371,
    0.03976811468601227,
    0.03872836008667946,
    0.03928147628903389,
    0.039310306310653687,
    0.04045020416378975,
    0.03955906629562378,
    0.03966951370239258,
    0.03999937325716019,
    0.03997635841369629,
    0.03964618965983391,
    0.03999970853328705,
    0.03989360108971596,
    0.03947652131319046
  ],
  "train_prec": [
    0.0358281210064888,
    0.038895055651664734,
    0.03720579296350479,
    0.03735172003507614,
    0.03547941893339157,
    0.035997889935970306,
    0.032616980373859406,
    0.03370071202516556,
    0.03858252987265587,
    0.03877682983875275,
    0.0352281779050827,
    0.03410682827234268,
    0.03420358523726463,
    0.03603684902191162,
    0.03559325635433197,
    0.032823529094457626,
    0.03282184153795242,
    0.03076741099357605,
    0.03323761001229286,
    0.02958846092224121,
    0.029762370511889458,
    0.03428398817777634,
    0.0318915992975235,
    0.03287240117788315,
    0.0328354686498642,
    0.032378681004047394,
    0.03252789378166199,
    0.030480556190013885,
    0.034186951816082,
    0.031253259629011154,
    0.025610029697418213,
    0.03950365632772446,
    0.031759440898895264,
    0.030235441401600838,
    0.028630129992961884,
    0.03308549523353577,
    0.03072466515004635,
    0.032146155834198,
    0.07416567206382751,
    0.030720410868525505,
    0.025130588561296463,
    0.024551399052143097,
    0.024850860238075256,
    0.027177561074495316,
    0.03742866590619087,
    0.02378132753074169,
    0.022933583706617355
  ],
  "train_rec": [
    0.03617125749588013,
    0.04027201980352402,
    0.03892138600349426,
    0.03854665532708168,
    0.03946284204721451,
    0.03913329541683197,
    0.03794462978839874,
    0.03751128166913986,
    0.03836027532815933,
    0.037144921720027924,
    0.03920046240091324,
    0.0378958135843277,
    0.039382413029670715,
    0.04020008072257042,
    0.03873718902468681,
    0.037049636244773865,
    0.03755280375480652,
    0.03898322582244873,
    0.03772414103150368,
    0.038933902978897095,
    0.03938592970371246,
    0.039784692227840424,
    0.03788290545344353,
    0.038357507437467575,
    0.03803744539618492,
    0.038782596588134766,
    0.04192756861448288,
    0.03875836730003357,
    0.03922456130385399,
    0.03901936113834381,
    0.03956817090511322,
    0.038994599133729935,
    0.0388898104429245,
    0.03879556432366371,
    0.03976811468601227,
    0.03872836008667946,
    0.03928147628903389,
    0.039310306310653687,
    0.04045020416378975,
    0.03955906629562378,
    0.03966951370239258,
    0.03999937325716019,
    0.03997635841369629,
    0.03964618965983391,
    0.03999970853328705,
    0.03989360108971596,
    0.03947652131319046
  ],
  "train_f1": [
    0.034129783511161804,
    0.03371215611696243,
    0.03366657719016075,
    0.030657678842544556,
    0.03361174464225769,
    0.03024677000939846,
    0.030781451612710953,
    0.03278714790940285,
    0.029641084372997284,
    0.029241815209388733,
    0.032247044146060944,
    0.027110449969768524,
    0.029304398223757744,
    0.02934696339070797,
    0.022132698446512222,
    0.03034612536430359,
    0.028386283665895462,
    0.027048835530877113,
    0.0220135897397995,
    0.023096079006791115,
    0.029293546453118324,
    0.03321570158004761,
    0.02521659806370735,
    0.025936516001820564,
    0.031772106885910034,
    0.03018174320459366,
    0.026091597974300385,
    0.0313497930765152,
    0.024531837552785873,
    0.02711646631360054,
    0.025247227400541306,
    0.02586379647254944,
    0.030223306268453598,
    0.024159738793969154,
    0.019796397536993027,
    0.02398819290101528,
    0.022403374314308167,
    0.028450392186641693,
    0.023223046213388443,
    0.020077114924788475,
    0.021444711834192276,
    0.016372904181480408,
    0.016613302752375603,
    0.01940065249800682,
    0.016365285962820053,
    0.01759045012295246,
    0.021932756528258324
  ],
  "train_iou": [
    0.01881999894976616,
    0.01775001361966133,
    0.017813516780734062,
    0.016599707305431366,
    0.01794152706861496,
    0.016033761203289032,
    0.016862686723470688,
    0.017478657886385918,
    0.016079258173704147,
    0.01605174131691456,
    0.017241785302758217,
    0.014593435451388359,
    0.016708357259631157,
    0.015410425141453743,
    0.011568094603717327,
    0.01671907864511013,
    0.015532590448856354,
    0.015478293411433697,
    0.011743542738258839,
    0.01289511937648058,
    0.01616784557700157,
    0.017997629940509796,
    0.013925394974648952,
    0.013914413750171661,
    0.01763376221060753,
    0.017063839361071587,
    0.014480076730251312,
    0.017566051334142685,
    0.014277119189500809,
    0.015417162328958511,
    0.014754719100892544,
    0.014723212458193302,
    0.01667243242263794,
    0.014172093011438847,
    0.012007258832454681,
    0.01398287620395422,
    0.013253074139356613,
    0.016330035403370857,
    0.01360141858458519,
    0.012112363241612911,
    0.012881618924438953,
    0.010289499536156654,
    0.01040483359247446,
    0.011760354042053223,
    0.010285826399922371,
    0.010883085429668427,
    0.013093536719679832
  ],