{
  "train_loss": [
    2.473180427816179,
    2.4091670548474347,
    2.399826153119405,
    2.4023915538081417,
    2.398461781607734,
    2.392849529672552,
    2.3914208871346934,
    2.3927319425123708,
    2.391044084231059,
    2.393451451372217,
    2.388512134552002,
    2.3893602159288196,
    2.3896382495209023,
    2.3884256292272497,
    2.3867484194261057,
    2.3914607842763265,
    2.385335980521308,
    2.3866285032696193,
    2.3836481120851305,
    2.385838151419604,
    2.385736486646864,
    2.3849564146112514,
    2.384687266084883,
    2.384260333025897,
    2.3845618455498307,
    2.3837001531212416,
    2.3836555635487593,
    2.3796307546121103,
    2.379162128324862,
    2.378998189943808,
    2.3791892599176476,
    2.380077850377118,
    2.379784800829711,
    2.3793883191214666,
    2.3803399430380927,
    2.3797774173595285,
    2.3796472010789094,
    2.3780386673079597,
    2.379005046244021,
    2.3787216954761083,
    2.3795995827074403,
    2.377955979329568,
    2.3788982956497757,
    2.3766306201616922,
    2.3763753952803435,
    2.3765202345671477,
    2.3764802433826304,
    2.3765883335360773,
    2.3765238700089633,
    2.3760214116838245
  ],
  "train_acc": [
    0.23684760928153992,
    0.25452864170074463,
    0.2548118829727173,
    0.2548138201236725,
    0.25481560826301575,
    0.2548156678676605,
    0.2548156678676605,
    0.2548156678676605,
    0.2548156678676605,
    0.2548156678676605,
    0.2548156678676605,
    0.2548156678676605,
    0.2548156678676605,
    0.2548156678676605,
    0.2548156678676605,
    0.2548156678676605,
    0.2548156678676605,
    0.2548156678676605,
    0.2548156678676605,
    0.2548156678676605,
    0.2548156678676605,
    0.2548156678676605,
    0.2548156678676605,
    0.2548156678676605,
    0.2548156678676605,
    0.2548156678676605,
    0.2548156678676605,
    0.2548156678676605,
    0.2548156678676605,
    0.2548156678676605,
    0.2548156678676605,
    0.2548156678676605,
    0.2548156678676605,
    0.2548156678676605,
    0.2548156678676605,
    0.2548156678676605,
    0.2548156678676605,
    0.2548156678676605,
    0.2548156678676605,
    0.2548156678676605,
    0.2548156678676605,
    0.2548156678676605,
    0.2548156678676605,
    0.2548156678676605,
    0.2548156678676605,
    0.2548156678676605,
    0.2548156678676605,
    0.2548156678676605,
    0.2548156678676605,
    0.2548156678676605
  ],
  "train_prec": [
    0.03903335705399513,
    0.023113682866096497,
    0.02021467685699463,
    0.01578989066183567,
    0.018696872517466545,
    0.009437616914510727,
    0.009437616914510727,
    0.009437616914510727,
    0.009437616914510727,
    0.009437616914510727,
    0.009437616914510727,
    0.009437616914510727,
    0.009437616914510727,
    0.009437616914510727,
    0.009437616914510727,
    0.009437616914510727,
    0.009437616914510727,
    0.009437616914510727,
    0.009437616914510727,
    0.009437616914510727,
    0.009437616914510727,
    0.009437616914510727,
    0.009437616914510727,
    0.009437616914510727,
    0.009437616914510727,
    0.009437616914510727,
    0.009437616914510727,
    0.009437616914510727,
    0.009437616914510727,
    0.009437616914510727,
    0.009437616914510727,
    0.009437616914510727,
    0.009437616914510727,
    0.009437616914510727,
    0.009437616914510727,
    0.009437616914510727,
    0.009437616914510727,
    0.009437616914510727,
    0.009437616914510727,
    0.009437616914510727,
    0.009437616914510727,
    0.009437616914510727,
    0.009437616914510727,
    0.009437616914510727,
    0.009437616914510727,
    0.009437616914510727,
    0.009437616914510727,
    0.009437616914510727,
    0.009437616914510727,
    0.009437616914510727
  ],
  "train_rec": [
    0.03713085874915123,
    0.03703175485134125,
    0.03703718259930611,
    0.037037093192338943,
    0.037037041038274765,
    0.03703703731298447,
    0.03703703731298447,
    0.03703703731298447,
    0.03703703731298447,
    0.03703703731298447,
    0.03703703731298447,
    0.03703703731298447,
    0.03703703731298447,
    0.03703703731298447,
    0.03703703731298447,
    0.03703703731298447,
    0.03703703731298447,
    0.03703703731298447,
    0.03703703731298447,
    0.03703703731298447,
    0.03703703731298447,
    0.03703703731298447,
    0.03703703731298447,
    0.03703703731298447,
    0.03703703731298447,
    0.03703703731298447,
    0.03703703731298447,
    0.03703703731298447,
    0.03703703731298447,
    0.03703703731298447,
    0.03703703731298447,
    0.03703703731298447,
    0.03703703731298447,
    0.03703703731298447,
    0.03703703731298447,
    0.03703703731298447,
    0.03703703731298447,
    0.03703703731298447,
    0.03703703731298447,
    0.03703703731298447,
    0.03703703731298447,
    0.03703703731298447,
    0.03703703731298447,
    0.03703703731298447,
    0.03703703731298447,
    0.03703703731298447,
    0.03703703731298447,
    0.03703703731298447,
    0.03703703731298447,
    0.03703703731298447
  ],
  "train_f1": [
    0.02287626452744007,
    0.015209932811558247,
    0.01504548266530037,
    0.015043788589537144,
    0.015042287297546864,
    0.015042237937450409,
    0.015042237937450409,
    0.015042237937450409,
    0.015042237937450409,
    0.015042237937450409,
    0.015042237937450409,
    0.015042237937450409,
    0.015042237937450409,
    0.015042237937450409,
    0.015042237937450409,
    0.015042237937450409,
    0.015042237937450409,
    0.015042237937450409,
    0.015042237937450409,
    0.015042237937450409,
    0.015042237937450409,
    0.015042237937450409,
    0.015042237937450409,
    0.015042237937450409,
    0.015042237937450409,
    0.015042237937450409,
    0.015042237937450409,
    0.015042237937450409,
    0.015042237937450409,
    0.015042237937450409,
    0.015042237937450409,
    0.015042237937450409,
    0.015042237937450409,
    0.015042237937450409,
    0.015042237937450409,
    0.015042237937450409,
    0.015042237937450409,
    0.015042237937450409,
    0.015042237937450409,
    0.015042237937450409,
    0.015042237937450409,
    0.015042237937450409,
    0.015042237937450409,
    0.015042237937450409,
    0.015042237937450409,
    0.015042237937450409,
    0.015042237937450409,
    0.015042237937450409,
    0.015042237937450409,
    0.015042237937450409
  ],
  "train_iou": [
    0.013377828523516655,
    0.009519646875560284,
    0.009439213201403618,
    0.00943837221711874,
    0.009437640197575092,
    0.009437616914510727,
    0.009437616914510727,
    0.009437616914510727,
    0.009437616914510727,
    0.009437616914510727,
    0.009437616914510727,
    0.009437616914510727,
    0.009437616914510727,
    0.009437616914510727,
    0.009437616914510727,
    0.009437616914510727,
    0.009437616914510727,
    0.009437616914510727,
    0.009437616914510727,
    0.009437616914510727,
    0.009437616914510727,
    0.009437616914510727,
    0.009437616914510727,
    0.009437616914510727,
    0.009437616914510727,
    0.009437616914510727,
    0.009437616914510727,
    0.009437616914510727,
    0.009437616914510727,
    0.009437616914510727,
    0.009437616914510727,
    0.009437616914510727,
    0.009437616914510727,
    0.009437616914510727,
    0.009437616914510727,
    0.009437616914510727,
    0.009437616914510727,
    0.009437616914510727,
    0.009437616914510727,
    0.009437616914510727,
    0.009437616914510727,
    0.009437616914510727,
    0.009437616914510727,
    0.009437616914510727,
    0.009437616914510727,
    0.009437616914510727,
    0.009437616914510727,
    0.009437616914510727,
    0.009437616914510727,
    0.009437616914510727
  ],