{
  "best_epoch": 29,
  "best_val_loss": 2.17920990784963,
  "test_loss": 2.1633884815069346,
  "test_acc": 0.2983272671699524,
  "test_prec": 0.10117477178573608,
  "test_rec": 0.09715723991394043,
  "test_f1": 0.08447642624378204,
  "test_iou": 0.049444057047367096,
  "overall_accuracy_test": 0.2983272671699524,
  "tooth_21": {
    "class_id": 9,
    "class_name": "Diente 21",
    "precision": 0.16008754074573517,
    "recall": 0.12052375823259354,
    "f1": 0.1375165581703186,
    "iou": 0.07383506000041962
  }
}