{
  "train": {
    "split": "train",
    "num_samples": 2148,
    "num_points": 8192,
    "min": 0,
    "max": 26,
    "unique": [
      0,
      1,
      2,
      3,
      4,
      5,
      6,
      7,
      8,
      9,
      10,
      11,
      12,
      13,
      14,
      15,
      16,
      17,
      19,
      20,
      21,
      22,
      23,
      24,
      25,
      26
    ],
    "num_unique": 26,
    "bg_percentage": 0.41263516388791904
  },
  "val": {
    "split": "val",
    "num_samples": 95,
    "num_points": 8192,
    "min": 0,
    "max": 26,
    "unique": [
      0,
      1,
      2,
      3,
      4,
      5,
      6,
      7,
      8,
      9,
      10,
      11,
      12,
      13,
      14,
      15,
      16,
      17,
      19,
      20,
      21,
      22,
      23,
      24,
      25,
      26
    ],
    "num_unique": 26,
    "bg_percentage": 0.42107833059210525
  },
  "test": {
    "split": "test",
    "num_samples": 97,
    "num_points": 8192,
    "min": 0,
    "max": 26,
    "unique": [
      0,
      1,
      2,
      3,
      4,
      5,
      6,
      7,
      8,
      9,
      10,
      11,
      12,
      13,
      14,
      15,
      16,
      17,
      18,
      19,
      20,
      21,
      22,
      23,
      24,
      25,
      26
    ],
    "num_unique": 27,
    "bg_percentage": 0.04870227931701031
  }
}