{
  "best_epoch": 22,
  "best_val_loss": 2.3433225452899933,
  "test_loss": 2.198109894990921,
  "test_acc": 0.09855113923549652,
  "test_prec": 0.022956032305955887,
  "test_rec": 0.09855113923549652,
  "test_f1": 0.02882106974720955,
  "test_iou": 0.017903832718729973,
  "overall_accuracy_test": 0.25708550214767456,
  "tooth_21": {
    "class_id": 9,
    "class_name": "Diente 21",
    "precision": 0.0,
    "recall": 0.0,
    "f1": 0.0,
    "iou": 0.0
  }
}