{
  "train_loss": [
    2.317940292524049,
    2.266165861716637,
    2.255177967453713,
    2.249644751732166,
    2.248844751649104,
    2.248452501468564,
    2.2432127732496996,
    2.237964318348811,
    2.2371818575610596,
    2.2321387113767583,
    2.227823165451031,
    2.223661198065831,
    2.2175723675167,
    2.2168784897321507,
    2.2109915769425577,
    2.204920935867442,
    2.196405625668708,
    2.193206958232387,
    2.183153927622007,
    2.178589366653717,
    2.175312242644005,
    2.1664102864324604,
    2.1604652327875935,
    2.154952941846019,
    2.1511191435842303,
    2.1484404617444457,
    2.1398908963274423,
    2.1381526589393616,
    2.131135966878375,
    2.1271172724941527,
    2.1250767478576074,
    2.1186784767631264,
    2.1151027348142106,
    2.1116491661178265,
    2.0907623948293645,
    2.080278838834455,
    2.0884386049606665,
    2.0718724857784676,
    2.066719576531545,
    2.0606452782751608,
    2.0573466665691535,
    2.051121774589453,
    2.0453496535421896,
    2.0426470487940103,
    2.031155291621206,
    2.0291949621501097,
    2.020323904365227,
    2.013307586940879,
    2.007849763404051,
    1.9968101799340165,
    1.9754281295440332,
    1.9697037685301997,
    1.9567274517811852
  ],
  "train_acc": [
    0.24520106613636017,
    0.25455713272094727,
    0.25555992126464844,
    0.2554556131362915,
    0.2548723816871643,
    0.2558784484863281,
    0.2547023892402649,
    0.25605112314224243,
    0.2553960680961609,
    0.2569740414619446,
    0.25557950139045715,
    0.2581649422645569,
    0.2581706941127777,
    0.25771379470825195,
    0.25863727927207947,
    0.2596305012702942,
    0.2600153088569641,
    0.2624209523200989,
    0.2631126046180725,
    0.2649122476577759,
    0.26436111330986023,
    0.26579639315605164,
    0.2661961615085602,
    0.2663206458091736,
    0.26789695024490356,
    0.26786553859710693,
    0.26941633224487305,
    0.2690330147743225,
    0.26838168501853943,
    0.26863741874694824,
    0.2702592611312866,
    0.2700732350349426,
    0.2709354758262634,
    0.27108243107795715,
    0.2727530896663666,
    0.27510833740234375,
    0.27400511503219604,
    0.27470725774765015,
    0.27571070194244385,
    0.27610498666763306,
    0.27703413367271423,
    0.278153657913208,
    0.27776867151260376,
    0.27804458141326904,
    0.27937591075897217,
    0.2801419496536255,
    0.2822999060153961,
    0.2833925783634186,
    0.28411364555358887,
    0.2848043739795685,
    0.2905368208885193,
    0.29148048162460327,
    0.29403921961784363
  ],
  "train_prec": [
    0.04120860993862152,
    0.02940305508673191,
    0.025684965774416924,
    0.02616981603205204,
    0.026216553524136543,
    0.030893146991729736,
    0.02467340975999832,
    0.026718003675341606,
    0.02542937733232975,
    0.025773074477910995,
    0.028282253071665764,
    0.030268175527453423,
    0.03050020895898342,
    0.03175763785839081,
    0.03516377508640289,
    0.03360110521316528,
    0.03232888504862785,
    0.03606383502483368,
    0.039026595652103424,
    0.03983716666698456,
    0.03990531340241432,
    0.040197037160396576,
    0.04487306997179985,
    0.04028177261352539,
    0.040152668952941895,
    0.04020819067955017,
    0.043479617685079575,
    0.044996052980422974,
    0.04445411637425423,
    0.048879459500312805,
    0.04720310866832733,
    0.08386698365211487,
    0.06037640944123268,
    0.058178361505270004,
    0.05732012167572975,
    0.0584203340113163,
    0.06338716298341751,
    0.06347276270389557,
    0.08529774099588394,
    0.07110080122947693,
    0.0713653638958931,
    0.07769476622343063,
    0.0792684480547905,
    0.07846152037382126,
    0.08888668566942215,
    0.08938328176736832,
    0.09841443598270416,
    0.09125223010778427,
    0.09265965223312378,
    0.0928371325135231,
    0.10524114966392517,
    0.10581463575363159,
    0.11054999381303787
  ],
  "train_rec": [
    0.03912871703505516,
    0.03800876438617706,
    0.0379682257771492,
    0.03908881917595863,
    0.03787161409854889,
    0.03762342035770416,
    0.037852976471185684,
    0.03817225247621536,
    0.03761711344122887,
    0.03873167932033539,
    0.03868157044053078,
    0.04018604755401611,
    0.04020249471068382,
    0.0411064550280571,
    0.04560557007789612,
    0.05158289894461632,
    0.05152377113699913,
    0.056062955409288406,
    0.05942416936159134,
    0.06138204038143158,
    0.0609387569129467,
    0.06333648413419724,
    0.06386417895555496,
    0.06350294500589371,
    0.06599365919828415,
    0.06506466120481491,
    0.06702932715415955,
    0.06772466003894806,
    0.06722431629896164,
    0.0661393478512764,
    0.06901086121797562,
    0.06835514307022095,
    0.06886791437864304,
    0.06964364647865295,
    0.06930167973041534,
    0.0721561536192894,
    0.07020780444145203,
    0.07215326279401779,
    0.07330116629600525,
    0.07325325161218643,
    0.07511509954929352,
    0.07627392560243607,
    0.07810641080141068,
    0.07784667611122131,
    0.0790964663028717,
    0.0795818492770195,
    0.08425067365169525,
    0.08549584448337555,
    0.08687713742256165,
    0.08785586804151535,
    0.09664008021354675,
    0.09742573648691177,
    0.10111365467309952
  ],
  "train_f1": [
    0.025288069620728493,
    0.019030125811696053,
    0.018531953915953636,
    0.02097442001104355,
    0.018471889197826385,
    0.01737239770591259,
    0.018496671691536903,
    0.01908106729388237,
    0.017574552446603775,
    0.019872084259986877,
    0.020077088847756386,
    0.02261856570839882,
    0.02209470234811306,
    0.023768380284309387,
    0.026247823610901833,
    0.026843631640076637,
    0.027219709008932114,
    0.02692377381026745,
    0.028474899008870125,
    0.03276865556836128,
    0.028326960280537605,
    0.03021269291639328,
    0.03041672892868519,
    0.03098221868276596,
    0.030577564612030983,
    0.030128946527838707,
    0.032436877489089966,
    0.033053550869226456,
    0.03330491855740547,
    0.032005880028009415,
    0.03225031867623329,
    0.0334884449839592,
    0.03343532234430313,
    0.03297126665711403,
    0.03454883024096489,
    0.036656904965639114,
    0.036655157804489136,
    0.037399474531412125,
    0.040547601878643036,
    0.040927059948444366,
    0.04616530239582062,
    0.04559006169438362,
    0.04918057098984718,
    0.05001526325941086,
    0.054149072617292404,
    0.05245903134346008,
    0.05732940137386322,
    0.06253471970558167,
    0.05958486348390579,
    0.06270662695169449,
    0.06947525590658188,
    0.0704442486166954,
    0.07502678781747818
  ],