{
  "best_epoch": 29,
  "best_val_loss": 2.632267117500305,
  "test_loss": 2.7411887645721436,
  "test_acc": 0.23999275267124176,
  "test_prec": 0.008888620883226395,
  "test_rec": 0.03703703731298447,
  "test_f1": 0.014336568303406239,
  "test_iou": 0.008888620883226395,
  "overall_accuracy_test": 0.23999275267124176,
  "tooth_21": {
    "class_id": 9,
    "class_name": "Diente 21",
    "precision": 0.0,
    "recall": 0.0,
    "f1": 0.0,
    "iou": 0.0
  }
}