{
  "class_weights": {
    "0": 0.01686137728393078,
    "1": 0.8331447839736938,
    "2": 1.3325979709625244,
    "3": 1.3104934692382812,
    "4": 1.0913012027740479,
    "5": 1.0650500059127808,
    "6": 0.6358720064163208,
    "7": 1.2738498449325562,
    "8": 0.8290496468544006,
    "9": 1.302402138710022,
    "10": 1.2975318431854248,
    "11": 1.0740387439727783,
    "12": 1.0667874813079834,
    "13": 0.6312587857246399,
    "14": 1.2389106750488281
  },
  "hist_train": {
    "0": 5041646,
    "1": 102034,
    "2": 63792,
    "3": 64868,
    "4": 77897,
    "5": 79817,
    "6": 133689,
    "7": 66734,
    "8": 102538,
    "9": 65271,
    "10": 65516,
    "11": 79149,
    "12": 79687,
    "13": 134666,
    "14": 68616
  }
}