{
  "train_loss": [
    2.5093049675226213,
    2.3798386613527933,
    2.3655604948600133,
    2.360064806540807,
    2.347389417886734,
    2.3443196366230645,
    2.3504607011874517,
    2.342722142736117,
    2.3424993554751077,
    2.3368876318136853,
    2.336534704764684,
    2.339247547586759,
    2.335909181833267,
    2.3331526706616086,
    2.333705029884974,
    2.3345026622215905,
    2.3312923421462375,
    2.332242006063461,
    2.330077165365219,
    2.33165858288606,
    2.334124626715978,
    2.328449636697769,
    2.324951507647832,
    2.3257246832052867,
    2.33024928967158,
    2.325736839572589,
    2.327834129333496,
    2.3226654549439747,
    2.323692954579989,
    2.3199584086736045,
    2.3227758983771007,
    2.3231337775786716,
    2.3209836502869923,
    2.321716834108035,
    2.310667728384336,
    2.313126648465792,
    2.310675979653994,
    2.310809250672658,
    2.3139300872882207,
    2.3110093007485073,
    2.3131815075874327,
    2.309475936492284,
    2.310630841056506,
    2.310889592766762,
    2.3095777650674183,
    2.311293591062228,
    2.310862319668134,
    2.3049902160962423,
    2.306281618277232,
    2.3031590590874353,
    2.3043375690778096,
    2.3021090924739838,
    2.300154154499372
  ],
  "train_acc": [
    0.037575043737888336,
    0.039212968200445175,
    0.03921830654144287,
    0.038984209299087524,
    0.03894864395260811,
    0.03902881592512131,
    0.038913168013095856,
    0.03876757249236107,
    0.038883570581674576,
    0.03883691877126694,
    0.03905231133103371,
    0.03934269770979881,
    0.038930512964725494,
    0.03911537304520607,
    0.03888737037777901,
    0.03916499391198158,
    0.03916420042514801,
    0.039027050137519836,
    0.039148781448602676,
    0.039337076246738434,
    0.03917018324136734,
    0.03962670639157295,
    0.039603471755981445,
    0.039643120020627975,
    0.039718374609947205,
    0.03961947187781334,
    0.03948955237865448,
    0.039882857352495193,
    0.03982209041714668,
    0.03964066132903099,
    0.040326911956071854,
    0.04028186574578285,
    0.04057135805487633,
    0.04018232971429825,
    0.04001642018556595,
    0.04059509187936783,
    0.04081599786877632,
    0.040829360485076904,
    0.04104888439178467,
    0.04079549387097359,
    0.0410301499068737,
    0.04136664420366287,
    0.04127142205834389,
    0.04121106117963791,
    0.04177231341600418,
    0.04112382233142853,
    0.0414455309510231,
    0.04152689129114151,
    0.04187355190515518,
    0.041824739426374435,
    0.04236190393567085,
    0.04253328591585159,
    0.04236193001270294
  ],
  "train_prec": [
    0.03797133266925812,
    0.04825758934020996,
    0.04282289743423462,
    0.054626062512397766,
    0.05024170130491257,
    0.040260810405015945,
    0.07103094458580017,
    0.03415234759449959,
    0.03402892127633095,
    0.034822460263967514,
    0.03945545852184296,
    0.033939290791749954,
    0.039118677377700806,
    0.040907666087150574,
    0.022971542552113533,
    0.029549067839980125,
    0.03276021406054497,
    0.03470638766884804,
    0.031123531982302666,
    0.03211478516459465,
    0.03357928618788719,
    0.023062117397785187,
    0.026158351451158524,
    0.029312415048480034,
    0.026156045496463776,
    0.05496637150645256,
    0.03709565848112106,
    0.048789121210575104,
    0.05368790030479431,
    0.03101595677435398,
    0.04210764169692993,
    0.04081966355443001,
    0.04955264925956726,
    0.039694055914878845,
    0.04186323285102844,
    0.041529372334480286,
    0.06418318301439285,
    0.041576139628887177,
    0.04300139844417572,
    0.04220682010054588,
    0.042699795216321945,
    0.039869844913482666,
    0.04018145799636841,
    0.049757760018110275,
    0.04534611850976944,
    0.03886636719107628,
    0.08043459057807922,
    0.044498901814222336,
    0.04180949926376343,
    0.039224304258823395,
    0.043270792812108994,
    0.042052578181028366,
    0.04182099923491478
  ],
  "train_rec": [
    0.037575043737888336,
    0.039212968200445175,
    0.03921830654144287,
    0.038984209299087524,
    0.03894864395260811,
    0.03902881592512131,
    0.038913168013095856,
    0.03876757249236107,
    0.038883570581674576,
    0.03883691877126694,
    0.03905231133103371,
    0.03934269770979881,
    0.038930512964725494,
    0.03911537304520607,
    0.03888737037777901,
    0.03916499391198158,
    0.03916420042514801,
    0.039027050137519836,
    0.039148781448602676,
    0.039337076246738434,
    0.03917018324136734,
    0.03962670639157295,
    0.039603471755981445,
    0.039643120020627975,
    0.039718374609947205,
    0.03961947187781334,
    0.03948955237865448,
    0.039882857352495193,
    0.03982209041714668,
    0.03964066132903099,
    0.040326911956071854,
    0.04028186574578285,
    0.04057135805487633,
    0.04018232971429825,
    0.04001642018556595,
    0.04059509187936783,
    0.04081599786877632,
    0.040829360485076904,
    0.04104888439178467,
    0.04079549387097359,
    0.0410301499068737,
    0.04136664420366287,
    0.04127142205834389,
    0.04121106117963791,
    0.04177231341600418,
    0.04112382233142853,
    0.0414455309510231,
    0.04152689129114151,
    0.04187355190515518,
    0.041824739426374435,
    0.04236190393567085,
    0.04253328591585159,
    0.04236193001270294
  ],
  "train_f1": [
    0.028357481583952904,
    0.022176580503582954,
    0.01951594091951847,
    0.017429111525416374,
    0.017209261655807495,
    0.016951780766248703,
    0.017179284244775772,
    0.016541168093681335,
    0.01688087359070778,
    0.016879500821232796,
    0.01708376407623291,
    0.017845219001173973,
    0.01676359213888645,
    0.017329799011349678,
    0.01679205149412155,
    0.017310302704572678,
    0.017302677035331726,
    0.017030196264386177,
    0.01729564741253853,
    0.017912328243255615,
    0.017445141449570656,
    0.017913661897182465,
    0.017886966466903687,
    0.01803542859852314,
    0.018145350739359856,
    0.01814456284046173,
    0.018043702468276024,
    0.01849336549639702,
    0.018269574269652367,
    0.018177203834056854,
    0.018816081807017326,
    0.018951859325170517,
    0.019373388960957527,
    0.01899932138621807,
    0.018502606078982353,
    0.019617928192019463,
    0.019838303327560425,
    0.020334338769316673,
    0.020189154893159866,
    0.020030738785862923,
    0.020412128418684006,
    0.02068990096449852,
    0.02056996338069439,
    0.020326988771557808,
    0.021403010934591293,
    0.020455289632081985,
    0.02059209533035755,
    0.021169910207390785,
    0.02150573767721653,
    0.02131625823676586,
    0.022079186514019966,
    0.022370601072907448,
    0.021917274221777916
  ],