{
  "best_epoch": 18,
  "best_val_loss": 2.417682558298111,
  "test_loss": 2.2942091077566147,
  "test_acc": 0.05404416844248772,
  "test_prec": 0.02548767626285553,
  "test_rec": 0.05404416844248772,
  "test_f1": 0.020794428884983063,
  "test_iou": 0.013017729856073856,
  "overall_accuracy_test": 0.2536458373069763,
  "tooth_21": {
    "class_id": 9,
    "class_name": "Diente 21",
    "precision": 0.0,
    "recall": 0.0,
    "f1": 0.0,
    "iou": 0.0
  }
}