{
  "best_epoch": 36,
  "best_val_loss": 2.111194372177124,
  "test_loss": 1.9510665535926819,
  "test_acc": 0.3424384295940399,
  "test_prec": 0.0491890013217926,
  "test_rec": 0.07694664597511292,
  "test_f1": 0.05176742374897003,
  "test_iou": 0.03233478590846062,
  "overall_accuracy_test": 0.3424384295940399,
  "tooth_21": {
    "class_id": 9,
    "class_name": "Diente 21",
    "precision": 0.0,
    "recall": 0.0,
    "f1": 0.0,
    "iou": 0.0
  }
}