{
  "train_loss": [
    3.066609212457026,
    2.9147537109133923,
    2.897048146308133,
    2.824180919441592,
    2.758180853159454,
    2.752309152184809,
    2.730936558273202,
    2.751129933006258,
    2.7040902584458815,
    2.6898709885692953,
    2.6518406548907767,
    2.660912667065305,
    2.6179080062639315,
    2.602510232907689,
    2.626221062968655,
    2.5639809839787535,
    2.598569247359237,
    2.548142543069492,
    2.498677469540706,
    2.4722344268210317,
    2.4449623490797987,
    2.400193183395499,
    2.3816210337287873,
    2.3992096314199793,
    2.368016669298193,
    2.3405376885460214,
    2.339040920193754,
    2.3085247309234505,
    2.2633949168109537,
    2.30535127460735,
    2.2316654947167436,
    2.252745623039047,
    2.2590244157606785,
    2.2613174184104325,
    2.160181281513441,
    2.130901066565602,
    2.061214068343648
  ],
  "train_acc": [
    0.05893569439649582,
    0.0732264369726181,
    0.0673941969871521,
    0.07118105888366699,
    0.07869789004325867,
    0.07936394959688187,
    0.08056414127349854,
    0.0725928544998169,
    0.08430762588977814,
    0.08044774830341339,
    0.09051097929477692,
    0.09105187654495239,
    0.09560754895210266,
    0.11248339712619781,
    0.09894193708896637,
    0.10029330849647522,
    0.1059984639286995,
    0.10891792178153992,
    0.12150126695632935,
    0.12985146045684814,
    0.14120110869407654,
    0.14673244953155518,
    0.1635909080505371,
    0.153915137052536,
    0.16480469703674316,
    0.16871874034404755,
    0.17375078797340393,
    0.1868332326412201,
    0.20316766202449799,
    0.19159294664859772,
    0.2074095606803894,
    0.21094565093517303,
    0.1974920779466629,
    0.19082823395729065,
    0.22849710285663605,
    0.24283067882061005,
    0.2490539848804474
  ],
  "train_prec": [
    0.04758129268884659,
    0.057728685438632965,
    0.0520637221634388,
    0.055389709770679474,
    0.05698872357606888,
    0.05795886367559433,
    0.05711374804377556,
    0.0556306317448616,
    0.058952052146196365,
    0.06250562518835068,
    0.06776002049446106,
    0.06735852360725403,
    0.07185622304677963,
    0.07523124665021896,
    0.07708914577960968,
    0.07967926561832428,
    0.07800571620464325,
    0.07853932678699493,
    0.09337946772575378,
    0.09592342376708984,
    0.10277564823627472,
    0.0987352654337883,
    0.1012016087770462,
    0.09893197566270828,
    0.10784047842025757,
    0.10632792115211487,
    0.10732133686542511,
    0.10989603400230408,
    0.11186513304710388,
    0.12171715497970581,
    0.12072108685970306,
    0.12125953286886215,
    0.12143536657094955,
    0.12608946859836578,
    0.1349462866783142,
    0.1370236575603485,
    0.15356960892677307
  ],
  "train_rec": [
    0.05893569439649582,
    0.0732264369726181,
    0.0673941969871521,
    0.07118105888366699,
    0.07869789004325867,
    0.07936394959688187,
    0.08056414127349854,
    0.0725928544998169,
    0.08430762588977814,
    0.08044774830341339,
    0.09051097929477692,
    0.09105187654495239,
    0.09560754895210266,
    0.11248339712619781,
    0.09894193708896637,
    0.10029330849647522,
    0.1059984639286995,
    0.10891792178153992,
    0.12150126695632935,
    0.12985146045684814,
    0.14120110869407654,
    0.14673244953155518,
    0.1635909080505371,
    0.153915137052536,
    0.16480469703674316,
    0.16871874034404755,
    0.17375078797340393,
    0.1868332326412201,
    0.20316766202449799,
    0.19159294664859772,
    0.2074095606803894,
    0.21094565093517303,
    0.1974920779466629,
    0.19082823395729065,
    0.22849710285663605,
    0.24283067882061005,
    0.2490539848804474
  ],
  "train_f1": [
    0.046458274126052856,
    0.057412970811128616,
    0.04903331398963928,
    0.05340065807104111,
    0.05340075492858887,
    0.05850604549050331,
    0.05602975934743881,
    0.04965364187955856,
    0.05637750402092934,
    0.06094423681497574,
    0.06190113350749016,
    0.0679720938205719,
    0.06585937738418579,
    0.07236891239881516,
    0.07331231236457825,
    0.07815300673246384,
    0.06908460706472397,
    0.07804270833730698,
    0.08567079901695251,
    0.0929040014743805,
    0.10039342194795609,
    0.09866571426391602,
    0.10280773043632507,
    0.10064930468797684,
    0.1104523241519928,
    0.1136031448841095,
    0.11043190211057663,
    0.11463849246501923,
    0.1200469434261322,
    0.11906982958316803,
    0.12728600203990936,
    0.1311165690422058,
    0.12730565667152405,
    0.12817305326461792,
    0.1437220573425293,
    0.1495538055896759,
    0.1612507402896881
  ],
  "train_iou": [
    0.025570141151547432,
    0.03047843649983406,
    0.025806333869695663,
    0.028387680649757385,
    0.028382986783981323,
    0.03140422701835632,
    0.029932422563433647,
    0.026483481749892235,
    0.030155207961797714,
    0.032678693532943726,
    0.03283986449241638,
    0.03634544461965561,
    0.035053595900535583,
    0.03867292404174805,
    0.03919391706585884,
    0.04200340062379837,
    0.037128373980522156,
    0.0418890044093132,
    0.046389441937208176,
    0.05020473897457123,
    0.0548313744366169,
    0.05371178314089775,
    0.056044213473796844,
    0.0547635518014431,
    0.060757920145988464,
    0.06280135363340378,
    0.06074576824903488,
    0.06354391574859619,
    0.06644950062036514,
    0.06652191281318665,
    0.0709417462348938,
    0.07353856414556503,
    0.0706210508942604,
    0.07116557657718658,
    0.0810878574848175,
    0.08571799099445343,
    0.09277164936065674
  ],
  "val_loss": [
    3.738246182600657,
    3.189361830552419,
    3.9464942812919617,
    3.3767177065213523,
    3.590570946534475,
    3.358095129330953,
    3.492444952329,
    3.392807940642039,
    3.3895556926727295,
    3.5258010625839233,
    3.617895027001699,
    3.517997225125631,
    3.3729718724886575,
    3.4614859024683633,
    3.57825630903244,
    3.803639054298401,
    3.914570967356364,
    4.7211974660555525,
    3.5328298012415567,
    3.499978005886078,
    3.5073413451512656,
    3.3642183542251587,
    4.060860653718312,
    3.9027103583017984,
    3.5060220758120217,
    3.5624601443608603,
    3.6081904768943787,
    3.5172048012415567,
    3.4487424790859222,
    3.7170785665512085,
    3.5198176304499307,
    3.7400521636009216,
    3.8185759087403617,
    3.4078069825967154,
    3.2676272292931876,
    3.2769619822502136,
    3.4112522204717
  ],
  "val_acc": [
    0.08352057635784149,
    0.07384903728961945,
    0.07547213137149811,
    0.07458624243736267,
    0.08160223811864853,
    0.10413938760757446,
    0.10106879472732544,
    0.07961418479681015,
    0.08173554390668869,
    0.09503927081823349,
    0.0640292763710022,
    0.05594974756240845,
    0.10945494472980499,
    0.1104278415441513,
    0.08982184529304504,
    0.06532032787799835,
    0.12796500325202942,
    0.07206197082996368,
    0.14021480083465576,
    0.11467356234788895,
    0.09105835855007172,
    0.1709004044532776,
    0.12332902103662491,
    0.1299237161874771,
    0.10393183678388596,
    0.12983381748199463,
    0.16404107213020325,
    0.16952592134475708,
    0.16609975695610046,
    0.1397264301776886,
    0.19305644929409027,
    0.15639948844909668,
    0.1745292842388153,
    0.13551630079746246,
    0.16975148022174835,
    0.20453953742980957,
    0.1776978224515915
  ],