{
  "best_epoch": 2,
  "best_val_loss": 3.189361830552419,
  "test_loss": 3.8632834141071024,
  "test_acc": 0.0573885478079319,
  "test_prec": 0.028798673301935196,
  "test_rec": 0.0573885478079319,
  "test_f1": 0.029975662007927895,
  "test_iou": 0.016504203900694847,
  "overall_accuracy_test": 0.13241231441497803,
  "tooth_21": {
    "class_id": 9,
    "class_name": "Diente 21",
    "precision": 0.1136745885014534,
    "recall": 0.22008350491523743,
    "f1": 0.1499163806438446,
    "iou": 0.08103221654891968
  }
}