{
  "best_epoch": 48,
  "train_curve": {
    "d21_acc": [
      0.8797828896895988,
      0.9120896179359276,
      0.9197414138100364,
      0.924034686355324,
      0.9247180511067797,
      0.9257512296830024,
      0.9277992677855325,
      0.9286489003188126,
      0.9278029182574132,
      0.9297975547663815,
      0.9294900110551527,
      0.9299346204404231,
      0.9302246437206135,
      0.9306050514007782,
      0.9308234661609143,
      0.9315315743426343,
      0.9315338559917636,
      0.9325297037204663,
      0.9325220238912356,
      0.9329322559850199,
      0.932160962711681,
      0.9334818429046577,
      0.9330320650047356,
      0.933700465655827,
      0.9336267755581782,
      0.9333255099249886,
      0.9335868971331136,
      0.9338396495872444,
      0.9337903348715989,
      0.9346419685370438,
      0.9349225346858685,
      0.9347348209027644,
      0.9340866012173099,
      0.9346655598887197,
      0.9349636310464019,
      0.9349722924766007,
      0.9344550692118131,
      0.9351712869597482,
      0.9350843742177203,
      0.9353351801425427,
      0.9357768368054104,
      0.9350061904300343,
      0.9356448962971881,
      0.9353690685092152,
      0.9355201658669051,
      0.9359035591979127,
      0.936274529753865,
      0.9361202650136881,
      0.9364646806583538,
      0.9364185416615093,
      0.9363552969652456,
      0.9369186242143591,
      0.9361042588740796,
      0.936583117171601,
      0.9364865438921468,
      0.9361862711139493,
      0.9372619361310572,
      0.9367577312709569,
      0.9365402101636766,
      0.9363183558404029,
      0.9367968098266976,
      0.9370097622171148,
      0.9374543240853956,
      0.9371556577148971,
      0.9371777827089484,
      0.9370778611489943,
      0.937076524004236,
      0.9369546124985167,
      0.9372324259964736,
      0.9370908874731797,
      0.9374133877820902,
      0.9376043285523261,
      0.9372196801892527,
      0.9377927938541333,
      0.9380824941021579,
      0.9380169919320753,
      0.9378336534633503,
      0.9379965175281871,
      0.937683122141378,
      0.9382477098411613,
      0.9381311269073219,
      0.9383601029436072,
      0.938058267106543,
      0.9381436851474788,
      0.9381146764421796,
      0.9383550773967396,
      0.9383277613799889,
      0.938296672764358,
      0.9384698471822939,
      0.9389551973843074,
      0.9389013889786246,
      0.9388549948905731,
      0.9385232917078725,
      0.9385583713338091,
      0.9383959140810934,
      0.9381705305793069,
      0.9387334976996575,
      0.9386522982503984,
      0.9385781955052089,
      0.9382747299187667,
      0.9384795560703411,
      0.9381161027854973,
      0.9387317754171945,
      0.9389563886435716,
      0.9384376515041698,
      0.9386152862668871,
      0.9386116357950064,
      0.9383558568420943,
      0.9387491741380491,
      0.9381592398756867,
      0.9388503123830249,
      0.9384878627903812,
      0.9386944554068826,
      0.9388333584045196,
      0.9387217439137973,
      0.9386942224069075,
      0.9386265056950229,
      0.9384543224648162,
      0.9385794734621381,
      0.9387578468222718
    ],
    "d21_f1": [
      0.2712877919519698,
      0.36801441972489124,
      0.386163101485976,
      0.3984902731657445,
      0.39940109158625137,
      0.40499580578578936,
      0.4154827229522325,
      0.4155041995373639,
      0.41557625368550105,
      0.42160496146945686,
      0.4216181777573966,
      0.4215388771120485,
      0.42347228839680867,
      0.42501145020335707,
      0.42666870209720587,
      0.4304507192406621,
      0.42853059270582,
      0.4323087747280414,
      0.43482057604339575,
      0.43328834663737903,
      0.4307577614314281,
      0.4351763279548475,
      0.43202678501032865,
      0.43672221445745524,
      0.43662927028807724,
      0.43511153207896475,
      0.43611436316391805,
      0.4371678897707196,
      0.4382635884091154,
      0.44074319303035736,
      0.44382383700434147,
      0.44346511085237655,
      0.43860513862821604,
      0.44160104110524373,
      0.44362404028123076,
      0.44353747367858887,
      0.44073758821387393,
      0.44746001679580527,
      0.4434730118804878,
      0.44486954730082223,
      0.44877055344673306,
      0.44076722749619635,
      0.44682511301724226,
      0.4437911094172851,
      0.4450615681968369,
      0.447613694451072,
      0.44800070141787296,
      0.4483500140738654,
      0.45084193869904204,
      0.4499832760620784,
      0.4491072267658644,
      0.45363314152805956,
      0.4464009382690375,
      0.4487385321799275,
      0.4480757662257948,
      0.44718639474440286,
      0.4510459153802245,
      0.45118467624370867,
      0.45253922790288925,
      0.4508377031221256,
      0.4538739505712386,
      0.45190010756462606,
      0.4534184501304493,
      0.453014976234286,
      0.4542393587998577,
      0.4532981279429856,
      0.45281889668659314,
      0.45095534794605696,
      0.45275491141303853,
      0.4552893106649806,
      0.45669087668607283,
      0.45971488884904166,
      0.45467168955015136,
      0.4573117302847909,
      0.4570909965705205,
      0.4583411631988479,
      0.4564122826616456,
      0.4605152996686789,
      0.4589121839800081,
      0.46210926432501187,
      0.4608382658212335,
      0.4628240075353142,
      0.46111299662844285,
      0.4592972658835091,
      0.4577390753006289,
      0.46425358443097636,
      0.46078831669907055,
      0.4595814871152381,
      0.46309239862786306,
      0.4647534055101288,
      0.4660259084059642,
      0.46535618999204437,
      0.46369830253240946,
      0.4602006030353633,
      0.46382958129360957,
      0.4636049616586912,
      0.466591042303643,
      0.465931298849466,
      0.4638419848430407,
      0.4630401994694363,
      0.46166609976623024,
      0.45909845449968234,
      0.4649736981291871,
      0.4671647781571308,
      0.464870199665323,
      0.46509193722809944,
      0.46525991270383754,
      0.4617548595488697,
      0.46555769922850015,
      0.4630337375235724,
      0.4681915829440097,
      0.4634384900018885,
      0.4647859461813957,
      0.46584725937434845,
      0.466544002867662,
      0.4649513916118995,
      0.4651484574888136,
      0.4643033984657768,
      0.4641598744930087,
      0.4643877868156333
    ],