{
  "class_weights": {
    "0": 3.9664875117056964e-13,
    "1": 3.7189416585321766e-13,
    "2": 1.0545227017988434e-11,
    "3": 9.01924108315244e-12,
    "4": 3.82663909240244e-12,
    "5": 2.0131374865728358e-12,
    "6": 1.6328406725676925e-12,
    "7": 8.718159115635171e-14,
    "8": 6.891165697971158e-13,
    "9": 3.645958589291315e-13,
    "10": 8.565691016725052e-13,
    "11": 1.2306570693065844e-12,
    "12": 1.989932524315563e-12,
    "13": 1.0085916823943109e-10,
    "14": 3.294113029225776e-13,
    "15": 1.2965995464797597e-12,
    "16": 1.2140397194493335e-12,
    "17": 3.18396212173333e-11,
    "18": 6.369426513996856e-11,
    "19": 3.2958982765229905e-11,
    "20": 1.4655076739818196e-13,
    "21": 1.7538150565068328e-13,
    "22": 2.845234898379845e-13,
    "23": 2.9605263553167394e-12,
    "24": 2.159654399758182e-11,
    "25": 2.340499322128764e-11,
    "26": 27.0
  },
  "hist_train": {
    "0": 680703,
    "1": 726013,
    "2": 25604,
    "3": 29936,
    "4": 70558,
    "5": 134119,
    "6": 165356,
    "7": 3096984,
    "8": 391806,
    "9": 740546,
    "10": 315211,
    "11": 219395,
    "12": 135683,
    "13": 2677,
    "14": 819644,
    "15": 208237,
    "16": 222398,
    "17": 8480,
    "18": 4239,
    "19": 8192,
    "20": 1842365,
    "21": 1539501,
    "22": 948955,
    "23": 91200,
    "24": 12502,
    "25": 11536,
    "26": 0
  }
}