{
  "class_weights": {
    "0": 0.0006371323252096772,
    "1": 0.2797556519508362,
    "2": 0.43770113587379456,
    "3": 0.40834200382232666,
    "4": 0.3491472899913788,
    "5": 0.34631213545799255,
    "6": 0.2075861096382141,
    "7": 0.3867189586162567,
    "8": 6.948062419891357,
    "9": 0.2782230079174042,
    "10": 0.42395085096359253,
    "11": 0.4027809798717499,
    "12": 0.3470594882965088,
    "13": 0.34760648012161255,
    "14": 0.20878201723098755,
    "15": 0.3614749312400818,
    "16": 5.26555061340332
  },
  "hist_train": {
    "0": 48462756,
    "1": 110372,
    "2": 70544,
    "3": 75616,
    "4": 88436,
    "5": 89160,
    "6": 148744,
    "7": 79844,
    "8": 4444,
    "9": 110980,
    "10": 72832,
    "11": 76660,
    "12": 88968,
    "13": 88828,
    "14": 147892,
    "15": 85420,
    "16": 5864
  }
}