model,row_i,tag,sample_name,jaw,path,inference_dir,png_all,png_errors,png_d21,xyz_npy,gt_npy,pred_npy,acc_all,acc_no_bg,f1_macro,iou_macro,d21_acc,d21_f1,d21_iou,d21_bin_acc_all,d21_bin_f1_all,d21_bin_iou_all,score_composite
PointNet,0,test_row0_01MAVHYZ,01MAVHYZ,upper,/home/htaucare/Tesis_Amaro/data/Teeth_3ds/processed_struct_safe/200000/upper/01MAVHYZ,/home/htaucare/Tesis_Amaro/outputs/pointnet_classic/grid_pro_runner_v1/exp03_bs16_lr3e4_do05_bg003_amp/inference,inference_all/test_row0_01MAVHYZ.png,inference_errors/test_row0_01MAVHYZ.png,inference_d21/test_row0_01MAVHYZ.png,predictions/test_row0_01MAVHYZ_xyz.npy,predictions/test_row0_01MAVHYZ_gt.npy,predictions/test_row0_01MAVHYZ_pred.npy,0.897216796875,0.9261294261294262,0.9332586952858141,0.8766052733618991,0.9920634920574356,0.958199356882373,0.9197530863629781,0.9926757812487882,0.8324022346136201,0.7129186602529703,0.9315656706031148
PointNet,1,test_row1_01FR2S9H,01FR2S9H,upper,/home/htaucare/Tesis_Amaro/data/Teeth_3ds/processed_struct_safe/200000/upper/01FR2S9H,/home/htaucare/Tesis_Amaro/outputs/pointnet_classic/grid_pro_runner_v1/exp03_bs16_lr3e4_do05_bg003_amp/inference,inference_all/test_row1_01FR2S9H.png,inference_errors/test_row1_01FR2S9H.png,inference_d21/test_row1_01FR2S9H.png,predictions/test_row1_01FR2S9H_xyz.npy,predictions/test_row1_01FR2S9H_gt.npy,predictions/test_row1_01FR2S9H_pred.npy,0.904541015625,0.9285714285714286,0.7873740081530296,0.7422542845274792,0.9969474969414106,0.9856733524072873,0.9717514123744773,0.9942626953112862,0.8797953963969362,0.7853881278180188,0.8752437493737709
PointNet,2,test_row2_01AVY0SK,01AVY0SK,upper,/home/htaucare/Tesis_Amaro/data/Teeth_3ds/processed_struct_safe/200000/upper/01AVY0SK,/home/htaucare/Tesis_Amaro/outputs/pointnet_classic/grid_pro_runner_v1/exp03_bs16_lr3e4_do05_bg003_amp/inference,inference_all/test_row2_01AVY0SK.png,inference_errors/test_row2_01AVY0SK.png,inference_d21/test_row2_01AVY0SK.png,predictions/test_row2_01AVY0SK_xyz.npy,predictions/test_row2_01AVY0SK_gt.npy,predictions/test_row2_01AVY0SK_pred.npy,0.9124755859375,0.9444444444444444,0.9493640305796841,0.9056544866843395,0.9914529914469387,0.9435483870587279,0.8931297709241885,0.9962158203112839,0.8830188678912068,0.7905405404871256,0.9355288228453698
PointNet,4,test_row4_OEIWQQMQ,OEIWQQMQ,upper,/home/htaucare/Tesis_Amaro/data/Teeth_3ds/processed_struct_safe/200000/upper/OEIWQQMQ,/home/htaucare/Tesis_Amaro/outputs/pointnet_classic/grid_pro_runner_v1/exp03_bs16_lr3e4_do05_bg003_amp/inference,inference_all/test_row4_OEIWQQMQ.png,inference_errors/test_row4_OEIWQQMQ.png,inference_d21/test_row4_OEIWQQMQ.png,predictions/test_row4_OEIWQQMQ_xyz.npy,predictions/test_row4_OEIWQQMQ_gt.npy,predictions/test_row4_OEIWQQMQ_pred.npy,0.88525390625,0.7423687423687424,0.55384521080659,0.4675725481112927,0.9877899877839574,0.9507389162327404,0.9061032863424364,0.9941406249987863,0.889400921638493,0.8008298754854427,0.7307238978458408
PointNet,5,test_row5_6BWQC0CT,6BWQC0CT,upper,/home/htaucare/Tesis_Amaro/data/Teeth_3ds/processed_struct_safe/200000/upper/6BWQC0CT,/home/htaucare/Tesis_Amaro/outputs/pointnet_classic/grid_pro_runner_v1/exp03_bs16_lr3e4_do05_bg003_amp/inference,inference_all/test_row5_6BWQC0CT.png,inference_errors/test_row5_6BWQC0CT.png,inference_d21/test_row5_6BWQC0CT.png,predictions/test_row5_6BWQC0CT_xyz.npy,predictions/test_row5_6BWQC0CT_gt.npy,predictions/test_row5_6BWQC0CT_pred.npy,0.92578125,0.9548229548229549,0.950448432424527,0.9068557441254498,0.9981684981624044,0.990228012997061,0.9806451612270551,0.9943847656237861,0.8685714285466122,0.7676767676379961,0.9594400506360247
PointNet,6,test_row6_MC39MU3H,MC39MU3H,upper,/home/htaucare/Tesis_Amaro/data/Teeth_3ds/processed_struct_safe/200000/upper/MC39MU3H,/home/htaucare/Tesis_Amaro/outputs/pointnet_classic/grid_pro_runner_v1/exp03_bs16_lr3e4_do05_bg003_amp/inference,inference_all/test_row6_MC39MU3H.png,inference_errors/test_row6_MC39MU3H.png,inference_d21/test_row6_MC39MU3H.png,predictions/test_row6_MC39MU3H_xyz.npy,predictions/test_row6_MC39MU3H_gt.npy,predictions/test_row6_MC39MU3H_pred.npy,0.928955078125,0.9652014652014652,0.9625111486307153,0.9289887420586573,0.9969474969414106,0.9803921568242984,0.961538461464497,0.9967041015612832,0.9025270757796922,0.8223684209985284,0.9630710510844924
PointNet,7,test_row7_ASUXPX7O,ASUXPX7O,upper,/home/htaucare/Tesis_Amaro/data/Teeth_3ds/processed_struct_safe/200000/upper/ASUXPX7O,/home/htaucare/Tesis_Amaro/outputs/pointnet_classic/grid_pro_runner_v1/exp03_bs16_lr3e4_do05_bg003_amp/inference,inference_all/test_row7_ASUXPX7O.png,inference_errors/test_row7_ASUXPX7O.png,inference_d21/test_row7_ASUXPX7O.png,predictions/test_row7_ASUXPX7O_xyz.npy,predictions/test_row7_ASUXPX7O_gt.npy,predictions/test_row7_ASUXPX7O_pred.npy,0.9259033203125,0.9664224664224664,0.9637010168778414,0.9305986667750181,0.99511599510992,0.9738562091185015,0.9490445859268124,0.996093749998784,0.9030303030029384,0.8232044198440218,0.9605030254724656
PointNet,8,test_row8_U1HFBZ1F,U1HFBZ1F,upper,/home/htaucare/Tesis_Amaro/data/Teeth_3ds/processed_struct_safe/200000/upper/U1HFBZ1F,/home/htaucare/Tesis_Amaro/outputs/pointnet_classic/grid_pro_runner_v1/exp03_bs16_lr3e4_do05_bg003_amp/inference,inference_all/test_row8_U1HFBZ1F.png,inference_errors/test_row8_U1HFBZ1F.png,inference_d21/test_row8_U1HFBZ1F.png,predictions/test_row8_U1HFBZ1F_xyz.npy,predictions/test_row8_U1HFBZ1F_gt.npy,predictions/test_row8_U1HFBZ1F_pred.npy,0.8980712890625,0.9713064713064713,0.9735712777095019,0.9493138580949475,0.9926739926679324,0.9571428571086734,0.9178082191152186,0.9910888671862901,0.7859237536426416,0.6473429951378095,0.9592927125054491
PointNet,9,test_row9_QVUPP39R,QVUPP39R,upper,/home/htaucare/Tesis_Amaro/data/Teeth_3ds/processed_struct_safe/200000/upper/QVUPP39R,/home/htaucare/Tesis_Amaro/outputs/pointnet_classic/grid_pro_runner_v1/exp03_bs16_lr3e4_do05_bg003_amp/inference,inference_all/test_row9_QVUPP39R.png,inference_errors/test_row9_QVUPP39R.png,inference_d21/test_row9_QVUPP39R.png,predictions/test_row9_QVUPP39R_xyz.npy,predictions/test_row9_QVUPP39R_gt.npy,predictions/test_row9_QVUPP39R_pred.npy,0.8599853515625,0.8980463980463981,0.8954778762099398,0.8196084630279181,0.9725274725215353,0.8117154811375851,0.6830985915011902,0.9819335937488013,0.5672514619717178,0.39591836733077884,0.8346293253782571
PointNet,10,test_row10_017APYC4,017APYC4,upper,/home/htaucare/Tesis_Amaro/data/Teeth_3ds/processed_struct_safe/200000/upper/017APYC4,/home/htaucare/Tesis_Amaro/outputs/pointnet_classic/grid_pro_runner_v1/exp03_bs16_lr3e4_do05_bg003_amp/inference,inference_all/test_row10_017APYC4.png,inference_errors/test_row10_017APYC4.png,inference_d21/test_row10_017APYC4.png,predictions/test_row10_017APYC4_xyz.npy,predictions/test_row10_017APYC4_gt.npy,predictions/test_row10_017APYC4_pred.npy,0.897705078125,0.9053724053724054,0.90789323963519,0.8373422293093576,0.9890109890049511,0.9379310344504161,0.8831168830595378,0.9929199218737879,0.8242424242174472,0.7010309277989158,0.905274384461345
PointNet,11,test_row11_F5NBC5X3,F5NBC5X3,upper,/home/htaucare/Tesis_Amaro/data/Teeth_3ds/processed_struct_safe/200000/upper/F5NBC5X3,/home/htaucare/Tesis_Amaro/outputs/pointnet_classic/grid_pro_runner_v1/exp03_bs16_lr3e4_do05_bg003_amp/inference,inference_all/test_row11_F5NBC5X3.png,inference_errors/test_row11_F5NBC5X3.png,inference_d21/test_row11_F5NBC5X3.png,predictions/test_row11_F5NBC5X3_xyz.npy,predictions/test_row11_F5NBC5X3_gt.npy,predictions/test_row11_F5NBC5X3_pred.npy,0.871826171875,0.9328449328449329,0.9414916215338248,0.8910740693212432,0.9938949938889262,0.9514563106334244,0.9074074073233882,0.9953613281237849,0.8376068375710424,0.7205882352411331,0.9338695780304792
PointNet,12,test_row12_5JRH5J6E,5JRH5J6E,upper,/home/htaucare/Tesis_Amaro/data/Teeth_3ds/processed_struct_safe/200000/upper/5JRH5J6E,/home/htaucare/Tesis_Amaro/outputs/pointnet_classic/grid_pro_runner_v1/exp03_bs16_lr3e4_do05_bg003_amp/inference,inference_all/test_row12_5JRH5J6E.png,inference_errors/test_row12_5JRH5J6E.png,inference_d21/test_row12_5JRH5J6E.png,predictions/test_row12_5JRH5J6E_xyz.npy,predictions/test_row12_5JRH5J6E_gt.npy,predictions/test_row12_5JRH5J6E_pred.npy,0.752685546875,0.8760683760683761,0.8735091062664573,0.7845838064072196,0.989621489615448,0.9109947643502097,0.8365384614580252,0.9774169921863067,0.4846796657246607,0.3198529411647113,0.8700206103435241
PointNet,13,test_row13_01328DDN,01328DDN,upper,/home/htaucare/Tesis_Amaro/data/Teeth_3ds/processed_struct_safe/200000/upper/01328DDN,/home/htaucare/Tesis_Amaro/outputs/pointnet_classic/grid_pro_runner_v1/exp03_bs16_lr3e4_do05_bg003_amp/inference,inference_all/test_row13_01328DDN.png,inference_errors/test_row13_01328DDN.png,inference_d21/test_row13_01328DDN.png,predictions/test_row13_01328DDN_xyz.npy,predictions/test_row13_01328DDN_gt.npy,predictions/test_row13_01328DDN_pred.npy,0.912109375,0.9371184371184371,0.9330544889966451,0.8756245083856615,0.9945054944994232,0.9670329669975446,0.9361702126995624,0.9947509765612856,0.8599348533921846,0.7542857142426123,0.9356862328443489
PointNet,14,test_row14_X9QY6TGT,X9QY6TGT,upper,/home/htaucare/Tesis_Amaro/data/Teeth_3ds/processed_struct_safe/200000/upper/X9QY6TGT,/home/htaucare/Tesis_Amaro/outputs/pointnet_classic/grid_pro_runner_v1/exp03_bs16_lr3e4_do05_bg003_amp/inference,inference_all/test_row14_X9QY6TGT.png,inference_errors/test_row14_X9QY6TGT.png,inference_d21/test_row14_X9QY6TGT.png,predictions/test_row14_X9QY6TGT_xyz.npy,predictions/test_row14_X9QY6TGT_gt.npy,predictions/test_row14_X9QY6TGT_pred.npy,0.9161376953125,0.9682539682539683,0.9664169840376473,0.9372311125258003,0.9993894993833982,0.9963099630628668,0.9926470587505406,0.9953613281237849,0.8766233765949148,0.7803468207641417,0.9740670056722953
PointNet,15,test_row15_ERCT8ZLW,ERCT8ZLW,upper,/home/htaucare/Tesis_Amaro/data/Teeth_3ds/processed_struct_safe/200000/upper/ERCT8ZLW,/home/htaucare/Tesis_Amaro/outputs/pointnet_classic/grid_pro_runner_v1/exp03_bs16_lr3e4_do05_bg003_amp/inference,inference_all/test_row15_ERCT8ZLW.png,inference_errors/test_row15_ERCT8ZLW.png,inference_d21/test_row15_ERCT8ZLW.png,predictions/test_row15_ERCT8ZLW_xyz.npy,predictions/test_row15_ERCT8ZLW_gt.npy,predictions/test_row15_ERCT8ZLW_pred.npy,0.6705322265625,0.7228327228327228,0.7204219667304379,0.5983714932152914,0.9835164835104792,0.8755760368260103,0.7786885245263371,0.9726562499988126,0.4589371980565474,0.29780564262389325,0.7674863833994375
PointNet,16,test_row16_0165W7J4,0165W7J4,upper,/home/htaucare/Tesis_Amaro/data/Teeth_3ds/processed_struct_safe/200000/upper/0165W7J4,/home/htaucare/Tesis_Amaro/outputs/pointnet_classic/grid_pro_runner_v1/exp03_bs16_lr3e4_do05_bg003_amp/inference,inference_all/test_row16_0165W7J4.png,inference_errors/test_row16_0165W7J4.png,inference_d21/test_row16_0165W7J4.png,predictions/test_row16_0165W7J4_xyz.npy,predictions/test_row16_0165W7J4_gt.npy,predictions/test_row16_0165W7J4_pred.npy,0.904296875,0.9615384615384616,0.9629575874050155,0.9292748509611198,0.9975579975519075,0.9866666666337778,0.9736842104622576,0.9902343749987911,0.7872340425322544,0.6491228069890735,0.9663914429084227
PointNet,17,test_row17_01FUZ18R,01FUZ18R,upper,/home/htaucare/Tesis_Amaro/data/Teeth_3ds/processed_struct_safe/200000/upper/01FUZ18R,/home/htaucare/Tesis_Amaro/outputs/pointnet_classic/grid_pro_runner_v1/exp03_bs16_lr3e4_do05_bg003_amp/inference,inference_all/test_row17_01FUZ18R.png,inference_errors/test_row17_01FUZ18R.png,inference_d21/test_row17_01FUZ18R.png,predictions/test_row17_01FUZ18R_xyz.npy,predictions/test_row17_01FUZ18R_gt.npy,predictions/test_row17_01FUZ18R_pred.npy,0.9278564453125,0.9627594627594628,0.9605980953495656,0.9251429258314188,0.9877899877839574,0.9421965317646763,0.8907103824649885,0.9919433593737891,0.8316326530400093,0.7117903929820178,0.9425335211775843
PointNet,18,test_row18_014996KX,014996KX,upper,/home/htaucare/Tesis_Amaro/data/Teeth_3ds/processed_struct_safe/200000/upper/014996KX,/home/htaucare/Tesis_Amaro/outputs/pointnet_classic/grid_pro_runner_v1/exp03_bs16_lr3e4_do05_bg003_amp/inference,inference_all/test_row18_014996KX.png,inference_errors/test_row18_014996KX.png,inference_d21/test_row18_014996KX.png,predictions/test_row18_014996KX_xyz.npy,predictions/test_row18_014996KX_gt.npy,predictions/test_row18_014996KX_pred.npy,0.91357421875,0.9658119658119658,0.961135123388624,0.9266501325957985,0.9999999999938951,0.99999999996,0.9999999999200001,0.9945068359362859,0.8474576270899167,0.7352941176038061,0.9719463139761055
PointNet,19,test_row19_R8YTI9HB,R8YTI9HB,upper,/home/htaucare/Tesis_Amaro/data/Teeth_3ds/processed_struct_safe/200000/upper/R8YTI9HB,/home/htaucare/Tesis_Amaro/outputs/pointnet_classic/grid_pro_runner_v1/exp03_bs16_lr3e4_do05_bg003_amp/inference,inference_all/test_row19_R8YTI9HB.png,inference_errors/test_row19_R8YTI9HB.png,inference_d21/test_row19_R8YTI9HB.png,predictions/test_row19_R8YTI9HB_xyz.npy,predictions/test_row19_R8YTI9HB_gt.npy,predictions/test_row19_R8YTI9HB_pred.npy,0.9271240234375,0.9407814407814408,0.9412194827614547,0.8895316209720293,0.9877899877839574,0.931034482726516,0.8709677418792924,0.9937744140612867,0.8411214953008996,0.7258064515738814,0.923205017296629
PointNet,21,test_row21_7PQAZ8X1,7PQAZ8X1,upper,/home/htaucare/Tesis_Amaro/data/Teeth_3ds/processed_struct_safe/200000/upper/7PQAZ8X1,/home/htaucare/Tesis_Amaro/outputs/pointnet_classic/grid_pro_runner_v1/exp03_bs16_lr3e4_do05_bg003_amp/inference,inference_all/test_row21_7PQAZ8X1.png,inference_errors/test_row21_7PQAZ8X1.png,inference_d21/test_row21_7PQAZ8X1.png,predictions/test_row21_7PQAZ8X1_xyz.npy,predictions/test_row21_7PQAZ8X1_gt.npy,predictions/test_row21_7PQAZ8X1_pred.npy,0.7779541015625,0.887057387057387,0.8918975541761729,0.8092564768478953,0.9890109890049511,0.9210526315385503,0.8536585365159628,0.9843749999987983,0.6213017751295473,0.45064377680469336,0.8858148235252922
PointNet,22,test_row22_9OOBRVB8,9OOBRVB8,upper,/home/htaucare/Tesis_Amaro/data/Teeth_3ds/processed_struct_safe/200000/upper/9OOBRVB8,/home/htaucare/Tesis_Amaro/outputs/pointnet_classic/grid_pro_runner_v1/exp03_bs16_lr3e4_do05_bg003_amp/inference,inference_all/test_row22_9OOBRVB8.png,inference_errors/test_row22_9OOBRVB8.png,inference_d21/test_row22_9OOBRVB8.png,predictions/test_row22_9OOBRVB8_xyz.npy,predictions/test_row22_9OOBRVB8_gt.npy,predictions/test_row22_9OOBRVB8_pred.npy,0.8037109375,0.9029304029304029,0.9070904885954534,0.8366657945098971,0.9914529914469387,0.9391304347417769,0.8852459015667832,0.9848632812487976,0.6352941176283737,0.46551724135924494,0.905504288147226
PointNet,23,test_row23_4J24X0ES,4J24X0ES,upper,/home/htaucare/Tesis_Amaro/data/Teeth_3ds/processed_struct_safe/200000/upper/4J24X0ES,/home/htaucare/Tesis_Amaro/outputs/pointnet_classic/grid_pro_runner_v1/exp03_bs16_lr3e4_do05_bg003_amp/inference,inference_all/test_row23_4J24X0ES.png,inference_errors/test_row23_4J24X0ES.png,inference_d21/test_row23_4J24X0ES.png,predictions/test_row23_4J24X0ES_xyz.npy,predictions/test_row23_4J24X0ES_gt.npy,predictions/test_row23_4J24X0ES_pred.npy,0.7283935546875,0.8772893772893773,0.8790938297176664,0.8512271710879186,0.9987789987729013,0.9915254236867997,0.9831932772283032,0.978881835936305,0.5749385749244487,0.40344827584815696,0.9283429620447962
PointNet,24,test_row24_016PTY8K,016PTY8K,upper,/home/htaucare/Tesis_Amaro/data/Teeth_3ds/processed_struct_safe/200000/upper/016PTY8K,/home/htaucare/Tesis_Amaro/outputs/pointnet_classic/grid_pro_runner_v1/exp03_bs16_lr3e4_do05_bg003_amp/inference,inference_all/test_row24_016PTY8K.png,inference_errors/test_row24_016PTY8K.png,inference_d21/test_row24_016PTY8K.png,predictions/test_row24_016PTY8K_xyz.npy,predictions/test_row24_016PTY8K_gt.npy,predictions/test_row24_016PTY8K_pred.npy,0.921875,0.9413919413919414,0.9374781381479033,0.883919382896319,0.9938949938889262,0.9593495934569369,0.9218749999279785,0.9920654296862889,0.7840531561201312,0.6448087431341635,0.935024176989524
PointNet,25,test_row25_38JDN4ZV,38JDN4ZV,upper,/home/htaucare/Tesis_Amaro/data/Teeth_3ds/processed_struct_safe/200000/upper/38JDN4ZV,/home/htaucare/Tesis_Amaro/outputs/pointnet_classic/grid_pro_runner_v1/exp03_bs16_lr3e4_do05_bg003_amp/inference,inference_all/test_row25_38JDN4ZV.png,inference_errors/test_row25_38JDN4ZV.png,inference_d21/test_row25_38JDN4ZV.png,predictions/test_row25_38JDN4ZV_xyz.npy,predictions/test_row25_38JDN4ZV_gt.npy,predictions/test_row25_38JDN4ZV_pred.npy,0.78759765625,0.22832722832722832,0.14449260299673233,0.13149705276252846,0.9835164835104792,0.9179331306711874,0.8483146066939149,0.9942626953112862,0.8653295128691882,0.7626262625877461,0.527963979275409
PointNet,27,test_row27_3HRLKQ4M,3HRLKQ4M,upper,/home/htaucare/Tesis_Amaro/data/Teeth_3ds/processed_struct_safe/200000/upper/3HRLKQ4M,/home/htaucare/Tesis_Amaro/outputs/pointnet_classic/grid_pro_runner_v1/exp03_bs16_lr3e4_do05_bg003_amp/inference,inference_all/test_row27_3HRLKQ4M.png,inference_errors/test_row27_3HRLKQ4M.png,inference_d21/test_row27_3HRLKQ4M.png,predictions/test_row27_3HRLKQ4M_xyz.npy,predictions/test_row27_3HRLKQ4M_gt.npy,predictions/test_row27_3HRLKQ4M_pred.npy,0.9112548828125,0.9694749694749695,0.9675875216965374,0.9390030327801531,0.9914529914469387,0.9457364340718707,0.8970588234634516,0.9916992187487893,0.7820512820262163,0.6421052631240997,0.949515855655108
PointNet,29,test_row29_01K5X8CN,01K5X8CN,upper,/home/htaucare/Tesis_Amaro/data/Teeth_3ds/processed_struct_safe/200000/upper/01K5X8CN,/home/htaucare/Tesis_Amaro/outputs/pointnet_classic/grid_pro_runner_v1/exp03_bs16_lr3e4_do05_bg003_amp/inference,inference_all/test_row29_01K5X8CN.png,inference_errors/test_row29_01K5X8CN.png,inference_d21/test_row29_01K5X8CN.png,predictions/test_row29_01K5X8CN_xyz.npy,predictions/test_row29_01K5X8CN_gt.npy,predictions/test_row29_01K5X8CN_pred.npy,0.8890380859375,0.8205128205128205,0.7813001917276234,0.700816607557296,0.99511599510992,0.973509933742599,0.9483870967130072,0.9923095703112886,0.8235294117416379,0.6999999999666666,0.8572841666925294
PointNet,30,test_row30_013NXP1H,013NXP1H,upper,/home/htaucare/Tesis_Amaro/data/Teeth_3ds/processed_struct_safe/200000/upper/013NXP1H,/home/htaucare/Tesis_Amaro/outputs/pointnet_classic/grid_pro_runner_v1/exp03_bs16_lr3e4_do05_bg003_amp/inference,inference_all/test_row30_013NXP1H.png,inference_errors/test_row30_013NXP1H.png,inference_d21/test_row30_013NXP1H.png,predictions/test_row30_013NXP1H_xyz.npy,predictions/test_row30_013NXP1H_gt.npy,predictions/test_row30_013NXP1H_pred.npy,0.9141845703125,0.9224664224664225,0.9189646139598009,0.8539758123582567,0.9780219780160072,0.8656716417587436,0.7631578946866343,0.9924316406237884,0.7891156462316627,0.6516853932218154,0.8760709274588862
PointNet,31,test_row31_211UTGV1,211UTGV1,upper,/home/htaucare/Tesis_Amaro/data/Teeth_3ds/processed_struct_safe/200000/upper/211UTGV1,/home/htaucare/Tesis_Amaro/outputs/pointnet_classic/grid_pro_runner_v1/exp03_bs16_lr3e4_do05_bg003_amp/inference,inference_all/test_row31_211UTGV1.png,inference_errors/test_row31_211UTGV1.png,inference_d21/test_row31_211UTGV1.png,predictions/test_row31_211UTGV1_xyz.npy,predictions/test_row31_211UTGV1_gt.npy,predictions/test_row31_211UTGV1_pred.npy,0.6572265625,0.9133089133089133,0.8904013989996021,0.8133108361524928,0.9871794871734605,0.9098712445961429,0.8346456692256184,0.9672851562488192,0.4416666666574653,0.28342245988547,0.8808636810860953
PointNet,32,test_row32_H1HUQBYJ,H1HUQBYJ,upper,/home/htaucare/Tesis_Amaro/data/Teeth_3ds/processed_struct_safe/200000/upper/H1HUQBYJ,/home/htaucare/Tesis_Amaro/outputs/pointnet_classic/grid_pro_runner_v1/exp03_bs16_lr3e4_do05_bg003_amp/inference,inference_all/test_row32_H1HUQBYJ.png,inference_errors/test_row32_H1HUQBYJ.png,inference_d21/test_row32_H1HUQBYJ.png,predictions/test_row32_H1HUQBYJ_xyz.npy,predictions/test_row32_H1HUQBYJ_gt.npy,predictions/test_row32_H1HUQBYJ_pred.npy,0.923583984375,0.9554334554334555,0.9493714932393157,0.9072317897748927,0.9987789987729013,0.9918032786478769,0.9837398373183952,0.9967041015612832,0.8996282527546606,0.8175675675123265,0.9600524600774905
PointNet,33,test_row33_5J9O0LG3,5J9O0LG3,upper,/home/htaucare/Tesis_Amaro/data/Teeth_3ds/processed_struct_safe/200000/upper/5J9O0LG3,/home/htaucare/Tesis_Amaro/outputs/pointnet_classic/grid_pro_runner_v1/exp03_bs16_lr3e4_do05_bg003_amp/inference,inference_all/test_row33_5J9O0LG3.png,inference_errors/test_row33_5J9O0LG3.png,inference_d21/test_row33_5J9O0LG3.png,predictions/test_row33_5J9O0LG3_xyz.npy,predictions/test_row33_5J9O0LG3_gt.npy,predictions/test_row33_5J9O0LG3_pred.npy,0.72607421875,0.9206349206349206,0.9288654300266556,0.8757492684342046,0.9969474969414106,0.9822064056589962,0.96503496496748,0.9770507812488072,0.5948275861940769,0.42331288342259776,0.9422568774447131
PointNet,34,test_row34_01MCNDR0,01MCNDR0,upper,/home/htaucare/Tesis_Amaro/data/Teeth_3ds/processed_struct_safe/200000/upper/01MCNDR0,/home/htaucare/Tesis_Amaro/outputs/pointnet_classic/grid_pro_runner_v1/exp03_bs16_lr3e4_do05_bg003_amp/inference,inference_all/test_row34_01MCNDR0.png,inference_errors/test_row34_01MCNDR0.png,inference_d21/test_row34_01MCNDR0.png,predictions/test_row34_01MCNDR0_xyz.npy,predictions/test_row34_01MCNDR0_gt.npy,predictions/test_row34_01MCNDR0_pred.npy,0.9251708984375,0.9621489621489622,0.9572047387937267,0.9213839664169735,0.9969474969414106,0.9864498644719119,0.9732620320335154,0.9957275390612844,0.9122807017315218,0.8387096773807046,0.962872108538631
PointNet,35,test_row35_01DXDP2R,01DXDP2R,upper,/home/htaucare/Tesis_Amaro/data/Teeth_3ds/processed_struct_safe/200000/upper/01DXDP2R,/home/htaucare/Tesis_Amaro/outputs/pointnet_classic/grid_pro_runner_v1/exp03_bs16_lr3e4_do05_bg003_amp/inference,inference_all/test_row35_01DXDP2R.png,inference_errors/test_row35_01DXDP2R.png,inference_d21/test_row35_01DXDP2R.png,predictions/test_row35_01DXDP2R_xyz.npy,predictions/test_row35_01DXDP2R_gt.npy,predictions/test_row35_01DXDP2R_pred.npy,0.9046630859375,0.9230769230769231,0.809749107099345,0.7488834652582325,0.9969474969414106,0.9877149876907195,0.9757281552924404,0.9948730468737854,0.9054054053850134,0.827160493793121,0.8835156369347542
PointNet,36,test_row36_V5KEFD0N,V5KEFD0N,upper,/home/htaucare/Tesis_Amaro/data/Teeth_3ds/processed_struct_safe/200000/upper/V5KEFD0N,/home/htaucare/Tesis_Amaro/outputs/pointnet_classic/grid_pro_runner_v1/exp03_bs16_lr3e4_do05_bg003_amp/inference,inference_all/test_row36_V5KEFD0N.png,inference_errors/test_row36_V5KEFD0N.png,inference_d21/test_row36_V5KEFD0N.png,predictions/test_row36_V5KEFD0N_xyz.npy,predictions/test_row36_V5KEFD0N_gt.npy,predictions/test_row36_V5KEFD0N_pred.npy,0.9005126953125,0.9517704517704517,0.9491711766684614,0.9062815711254789,0.9829059828999823,0.9135802468853833,0.8409090908613119,0.9898681640612915,0.7810026385018205,0.640692640664905,0.9206533103911767
PointNet,37,test_row37_ZM8PCSK6,ZM8PCSK6,upper,/home/htaucare/Tesis_Amaro/data/Teeth_3ds/processed_struct_safe/200000/upper/ZM8PCSK6,/home/htaucare/Tesis_Amaro/outputs/pointnet_classic/grid_pro_runner_v1/exp03_bs16_lr3e4_do05_bg003_amp/inference,inference_all/test_row37_ZM8PCSK6.png,inference_errors/test_row37_ZM8PCSK6.png,inference_d21/test_row37_ZM8PCSK6.png,predictions/test_row37_ZM8PCSK6_xyz.npy,predictions/test_row37_ZM8PCSK6_gt.npy,predictions/test_row37_ZM8PCSK6_pred.npy,0.6988525390625,0.5848595848595849,0.5768244619745214,0.48365636156632114,0.989621489615448,0.9381818181477024,0.8835616437750985,0.9776611328113065,0.5850340135921761,0.4134615384482865,0.7342111149590619
PointNet,38,test_row38_J8YGBFK2,J8YGBFK2,upper,/home/htaucare/Tesis_Amaro/data/Teeth_3ds/processed_struct_safe/200000/upper/J8YGBFK2,/home/htaucare/Tesis_Amaro/outputs/pointnet_classic/grid_pro_runner_v1/exp03_bs16_lr3e4_do05_bg003_amp/inference,inference_all/test_row38_J8YGBFK2.png,inference_errors/test_row38_J8YGBFK2.png,inference_d21/test_row38_J8YGBFK2.png,predictions/test_row38_J8YGBFK2_xyz.npy,predictions/test_row38_J8YGBFK2_gt.npy,predictions/test_row38_J8YGBFK2_pred.npy,0.92333984375,0.963980463980464,0.9636195940961604,0.930616044797041,0.9963369963309138,0.9736842104836103,0.9487179486368618,0.9974365234362823,0.9135802468759843,0.8409090908453857,0.9604010149651054
PointNet,39,test_row39_TZ2JPAJT,TZ2JPAJT,upper,/home/htaucare/Tesis_Amaro/data/Teeth_3ds/processed_struct_safe/200000/upper/TZ2JPAJT,/home/htaucare/Tesis_Amaro/outputs/pointnet_classic/grid_pro_runner_v1/exp03_bs16_lr3e4_do05_bg003_amp/inference,inference_all/test_row39_TZ2JPAJT.png,inference_errors/test_row39_TZ2JPAJT.png,inference_d21/test_row39_TZ2JPAJT.png,predictions/test_row39_TZ2JPAJT_xyz.npy,predictions/test_row39_TZ2JPAJT_gt.npy,predictions/test_row39_TZ2JPAJT_pred.npy,0.67724609375,0.7710622710622711,0.7568610221974644,0.671597354534122,0.9920634920574356,0.9587301586997228,0.9207317072609309,0.9781494140613058,0.6278586278455747,0.4575757575618916,0.836479673532758
PointNet,40,test_row40_B5GFZIRW,B5GFZIRW,upper,/home/htaucare/Tesis_Amaro/data/Teeth_3ds/processed_struct_safe/200000/upper/B5GFZIRW,/home/htaucare/Tesis_Amaro/outputs/pointnet_classic/grid_pro_runner_v1/exp03_bs16_lr3e4_do05_bg003_amp/inference,inference_all/test_row40_B5GFZIRW.png,inference_errors/test_row40_B5GFZIRW.png,inference_d21/test_row40_B5GFZIRW.png,predictions/test_row40_B5GFZIRW_xyz.npy,predictions/test_row40_B5GFZIRW_gt.npy,predictions/test_row40_B5GFZIRW_pred.npy,0.737060546875,0.9377289377289377,0.9359962407481927,0.8804122826971915,0.9871794871734605,0.9135802468759843,0.8409090908453857,0.9887695312487929,0.7070063694042354,0.5467980295297143,0.9108922542993382
PointNet,41,test_row41_Z6BKBK3G,Z6BKBK3G,upper,/home/htaucare/Tesis_Amaro/data/Teeth_3ds/processed_struct_safe/200000/upper/Z6BKBK3G,/home/htaucare/Tesis_Amaro/outputs/pointnet_classic/grid_pro_runner_v1/exp03_bs16_lr3e4_do05_bg003_amp/inference,inference_all/test_row41_Z6BKBK3G.png,inference_errors/test_row41_Z6BKBK3G.png,inference_d21/test_row41_Z6BKBK3G.png,predictions/test_row41_Z6BKBK3G_xyz.npy,predictions/test_row41_Z6BKBK3G_gt.npy,predictions/test_row41_Z6BKBK3G_pred.npy,0.798828125,0.9236874236874237,0.9245521202750997,0.8644941409184426,0.9774114774055104,0.8603773584580989,0.7549668873672207,0.9843749999987983,0.640449438184257,0.47107438014582337,0.877450244527435
PointNet,42,test_row42_C928TR28,C928TR28,upper,/home/htaucare/Tesis_Amaro/data/Teeth_3ds/processed_struct_safe/200000/upper/C928TR28,/home/htaucare/Tesis_Amaro/outputs/pointnet_classic/grid_pro_runner_v1/exp03_bs16_lr3e4_do05_bg003_amp/inference,inference_all/test_row42_C928TR28.png,inference_errors/test_row42_C928TR28.png,inference_d21/test_row42_C928TR28.png,predictions/test_row42_C928TR28_xyz.npy,predictions/test_row42_C928TR28_gt.npy,predictions/test_row42_C928TR28_pred.npy,0.9210205078125,0.9621489621489622,0.955386479263463,0.9162951824162118,0.9993894993833982,0.9969604862918857,0.9939393938791551,0.9948730468737854,0.8864864864625274,0.7961165048157225,0.9664006585658615
PointNet,43,test_row43_UKH51GS2,UKH51GS2,upper,/home/htaucare/Tesis_Amaro/data/Teeth_3ds/processed_struct_safe/200000/upper/UKH51GS2,/home/htaucare/Tesis_Amaro/outputs/pointnet_classic/grid_pro_runner_v1/exp03_bs16_lr3e4_do05_bg003_amp/inference,inference_all/test_row43_UKH51GS2.png,inference_errors/test_row43_UKH51GS2.png,inference_d21/test_row43_UKH51GS2.png,predictions/test_row43_UKH51GS2_xyz.npy,predictions/test_row43_UKH51GS2_gt.npy,predictions/test_row43_UKH51GS2_pred.npy,0.6478271484375,0.8650793650793651,0.8635616736363131,0.7704383851329354,0.9945054944994232,0.9657794676438867,0.9338235293431012,0.970703124998815,0.5141700404754217,0.34604904631209676,0.8913897485142555
PointNet,44,test_row44_01KAS2KD,01KAS2KD,upper,/home/htaucare/Tesis_Amaro/data/Teeth_3ds/processed_struct_safe/200000/upper/01KAS2KD,/home/htaucare/Tesis_Amaro/outputs/pointnet_classic/grid_pro_runner_v1/exp03_bs16_lr3e4_do05_bg003_amp/inference,inference_all/test_row44_01KAS2KD.png,inference_errors/test_row44_01KAS2KD.png,inference_d21/test_row44_01KAS2KD.png,predictions/test_row44_01KAS2KD_xyz.npy,predictions/test_row44_01KAS2KD_gt.npy,predictions/test_row44_01KAS2KD_pred.npy,0.9185791015625,0.9481074481074481,0.9418818333802105,0.8927160800504972,0.99511599510992,0.969230769193491,0.940298507392515,0.9957275390612844,0.8780487804572108,0.7826086956035646,0.9432648629544225
PointNet,46,test_row46_WQOGLZY4,WQOGLZY4,upper,/home/htaucare/Tesis_Amaro/data/Teeth_3ds/processed_struct_safe/200000/upper/WQOGLZY4,/home/htaucare/Tesis_Amaro/outputs/pointnet_classic/grid_pro_runner_v1/exp03_bs16_lr3e4_do05_bg003_amp/inference,inference_all/test_row46_WQOGLZY4.png,inference_errors/test_row46_WQOGLZY4.png,inference_d21/test_row46_WQOGLZY4.png,predictions/test_row46_WQOGLZY4_xyz.npy,predictions/test_row46_WQOGLZY4_gt.npy,predictions/test_row46_WQOGLZY4_pred.npy,0.87646484375,0.7203907203907204,0.746246946922156,0.6078638492662908,0.973748473742529,0.8018433179353989,0.6692307691792899,0.9908447265612904,0.6987951806948275,0.5370370370038866,0.739449358014811
PointNet,47,test_row47_EUCFQ9KW,EUCFQ9KW,upper,/home/htaucare/Tesis_Amaro/data/Teeth_3ds/processed_struct_safe/200000/upper/EUCFQ9KW,/home/htaucare/Tesis_Amaro/outputs/pointnet_classic/grid_pro_runner_v1/exp03_bs16_lr3e4_do05_bg003_amp/inference,inference_all/test_row47_EUCFQ9KW.png,inference_errors/test_row47_EUCFQ9KW.png,inference_d21/test_row47_EUCFQ9KW.png,predictions/test_row47_EUCFQ9KW_xyz.npy,predictions/test_row47_EUCFQ9KW_gt.npy,predictions/test_row47_EUCFQ9KW_pred.npy,0.922119140625,0.9316239316239316,0.8982056514283592,0.8574586868330829,0.9969474969414106,0.9848942597889759,0.9702380951803429,0.9924316406237884,0.8402061855453555,0.7244444444122469,0.9313632144598485
PointNet,48,test_row48_LE4E8YWJ,LE4E8YWJ,upper,/home/htaucare/Tesis_Amaro/data/Teeth_3ds/processed_struct_safe/200000/upper/LE4E8YWJ,/home/htaucare/Tesis_Amaro/outputs/pointnet_classic/grid_pro_runner_v1/exp03_bs16_lr3e4_do05_bg003_amp/inference,inference_all/test_row48_LE4E8YWJ.png,inference_errors/test_row48_LE4E8YWJ.png,inference_d21/test_row48_LE4E8YWJ.png,predictions/test_row48_LE4E8YWJ_xyz.npy,predictions/test_row48_LE4E8YWJ_gt.npy,predictions/test_row48_LE4E8YWJ_pred.npy,0.925048828125,0.9621489621489622,0.9588425898740096,0.9227070079031938,0.9981684981624044,0.9882352940788927,0.9767441859707949,0.9962158203112839,0.8904593639261321,0.8025477706495192,0.9645050464837472
PointNet,49,test_row49_01FAXM1D,01FAXM1D,upper,/home/htaucare/Tesis_Amaro/data/Teeth_3ds/processed_struct_safe/200000/upper/01FAXM1D,/home/htaucare/Tesis_Amaro/outputs/pointnet_classic/grid_pro_runner_v1/exp03_bs16_lr3e4_do05_bg003_amp/inference,inference_all/test_row49_01FAXM1D.png,inference_errors/test_row49_01FAXM1D.png,inference_d21/test_row49_01FAXM1D.png,predictions/test_row49_01FAXM1D_xyz.npy,predictions/test_row49_01FAXM1D_gt.npy,predictions/test_row49_01FAXM1D_pred.npy,0.8934326171875,0.8901098901098901,0.8397766531087001,0.7709709566875783,0.9908424908364418,0.9473684210193906,0.8999999999399999,0.9937744140612867,0.8411214953008996,0.7258064515738814,0.8763711129587648
PointNet,50,test_row50_RTPHYQ5V,RTPHYQ5V,upper,/home/htaucare/Tesis_Amaro/data/Teeth_3ds/processed_struct_safe/200000/upper/RTPHYQ5V,/home/htaucare/Tesis_Amaro/outputs/pointnet_classic/grid_pro_runner_v1/exp03_bs16_lr3e4_do05_bg003_amp/inference,inference_all/test_row50_RTPHYQ5V.png,inference_errors/test_row50_RTPHYQ5V.png,inference_d21/test_row50_RTPHYQ5V.png,predictions/test_row50_RTPHYQ5V_xyz.npy,predictions/test_row50_RTPHYQ5V_gt.npy,predictions/test_row50_RTPHYQ5V_pred.npy,0.930908203125,0.9242979242979243,0.9110163036406772,0.8416570946923424,0.9969474969414106,0.9848942597889759,0.9702380951803429,0.9959716796862841,0.9080779944036746,0.8316326530187942,0.9306154794777429
PointNet,51,test_row51_M7RTPNPC,M7RTPNPC,upper,/home/htaucare/Tesis_Amaro/data/Teeth_3ds/processed_struct_safe/200000/upper/M7RTPNPC,/home/htaucare/Tesis_Amaro/outputs/pointnet_classic/grid_pro_runner_v1/exp03_bs16_lr3e4_do05_bg003_amp/inference,inference_all/test_row51_M7RTPNPC.png,inference_errors/test_row51_M7RTPNPC.png,inference_d21/test_row51_M7RTPNPC.png,predictions/test_row51_M7RTPNPC_xyz.npy,predictions/test_row51_M7RTPNPC_gt.npy,predictions/test_row51_M7RTPNPC_pred.npy,0.7109375,0.8498168498168498,0.8393704129780046,0.7564296986802358,0.9859584859524667,0.9265175718553827,0.8630952380438633,0.9827880859363002,0.672853828290653,0.5069930069752799,0.8622088138422515
PointNet,52,test_row52_AQLXAN8L,AQLXAN8L,upper,/home/htaucare/Tesis_Amaro/data/Teeth_3ds/processed_struct_safe/200000/upper/AQLXAN8L,/home/htaucare/Tesis_Amaro/outputs/pointnet_classic/grid_pro_runner_v1/exp03_bs16_lr3e4_do05_bg003_amp/inference,inference_all/test_row52_AQLXAN8L.png,inference_errors/test_row52_AQLXAN8L.png,inference_d21/test_row52_AQLXAN8L.png,predictions/test_row52_AQLXAN8L_xyz.npy,predictions/test_row52_AQLXAN8L_gt.npy,predictions/test_row52_AQLXAN8L_pred.npy,0.9195556640625,0.9291819291819292,0.9286627820804769,0.8702873397470892,0.9938949938889262,0.9621212120847681,0.9270072992024082,0.9956054687487845,0.875862068935315,0.7791411042466784,0.9307981364992757
PointNet,53,test_row53_L8IYFLQP,L8IYFLQP,upper,/home/htaucare/Tesis_Amaro/data/Teeth_3ds/processed_struct_safe/200000/upper/L8IYFLQP,/home/htaucare/Tesis_Amaro/outputs/pointnet_classic/grid_pro_runner_v1/exp03_bs16_lr3e4_do05_bg003_amp/inference,inference_all/test_row53_L8IYFLQP.png,inference_errors/test_row53_L8IYFLQP.png,inference_d21/test_row53_L8IYFLQP.png,predictions/test_row53_L8IYFLQP_xyz.npy,predictions/test_row53_L8IYFLQP_gt.npy,predictions/test_row53_L8IYFLQP_pred.npy,0.9171142578125,0.9548229548229549,0.9549881156888886,0.9154121469438706,0.989621489615448,0.9348659003473231,0.877697841663475,0.9920654296862889,0.789644012919429,0.6524064170774114,0.9350330158318514
PointNet,54,test_row54_CK45DVLG,CK45DVLG,upper,/home/htaucare/Tesis_Amaro/data/Teeth_3ds/processed_struct_safe/200000/upper/CK45DVLG,/home/htaucare/Tesis_Amaro/outputs/pointnet_classic/grid_pro_runner_v1/exp03_bs16_lr3e4_do05_bg003_amp/inference,inference_all/test_row54_CK45DVLG.png,inference_errors/test_row54_CK45DVLG.png,inference_d21/test_row54_CK45DVLG.png,predictions/test_row54_CK45DVLG_xyz.npy,predictions/test_row54_CK45DVLG_gt.npy,predictions/test_row54_CK45DVLG_pred.npy,0.85009765625,0.9236874236874237,0.9220974357795437,0.8578508401199787,0.9810744810684917,0.8774703556965426,0.7816901407900217,0.984619140623798,0.6379310344644272,0.46835443035998503,0.883722246823152
PointNet,55,test_row55_0154T9CN,0154T9CN,upper,/home/htaucare/Tesis_Amaro/data/Teeth_3ds/processed_struct_safe/200000/upper/0154T9CN,/home/htaucare/Tesis_Amaro/outputs/pointnet_classic/grid_pro_runner_v1/exp03_bs16_lr3e4_do05_bg003_amp/inference,inference_all/test_row55_0154T9CN.png,inference_errors/test_row55_0154T9CN.png,inference_d21/test_row55_0154T9CN.png,predictions/test_row55_0154T9CN_xyz.npy,predictions/test_row55_0154T9CN_gt.npy,predictions/test_row55_0154T9CN_pred.npy,0.9039306640625,0.938949938949939,0.9337552117609679,0.8875631852703711,0.9914529914469387,0.9608938547217627,0.9247311827459822,0.9932861328112874,0.8621553884495701,0.7577092510679423,0.9357765266187161
PointNet,56,test_row56_APLDXK7R,APLDXK7R,upper,/home/htaucare/Tesis_Amaro/data/Teeth_3ds/processed_struct_safe/200000/upper/APLDXK7R,/home/htaucare/Tesis_Amaro/outputs/pointnet_classic/grid_pro_runner_v1/exp03_bs16_lr3e4_do05_bg003_amp/inference,inference_all/test_row56_APLDXK7R.png,inference_errors/test_row56_APLDXK7R.png,inference_d21/test_row56_APLDXK7R.png,predictions/test_row56_APLDXK7R_xyz.npy,predictions/test_row56_APLDXK7R_gt.npy,predictions/test_row56_APLDXK7R_pred.npy,0.7967529296875,0.42063492063492064,0.3953302971476066,0.3708278903346524,0.99511599510992,0.9808612439956732,0.9624413145088055,0.9931640624987875,0.8798283261613771,0.7854406129967264,0.6819701688684013
PointNet,57,test_row57_ENQ0R553,ENQ0R553,upper,/home/htaucare/Tesis_Amaro/data/Teeth_3ds/processed_struct_safe/200000/upper/ENQ0R553,/home/htaucare/Tesis_Amaro/outputs/pointnet_classic/grid_pro_runner_v1/exp03_bs16_lr3e4_do05_bg003_amp/inference,inference_all/test_row57_ENQ0R553.png,inference_errors/test_row57_ENQ0R553.png,inference_d21/test_row57_ENQ0R553.png,predictions/test_row57_ENQ0R553_xyz.npy,predictions/test_row57_ENQ0R553_gt.npy,predictions/test_row57_ENQ0R553_pred.npy,0.90087890625,0.9010989010989011,0.8925286393550893,0.8131655511419852,0.9786324786265042,0.8942598187041009,0.8087431693547135,0.9907226562487905,0.795698924709793,0.6607142856847895,0.873553456976319
PointNet,58,test_row58_VR3C4L0M,VR3C4L0M,upper,/home/htaucare/Tesis_Amaro/data/Teeth_3ds/processed_struct_safe/200000/upper/VR3C4L0M,/home/htaucare/Tesis_Amaro/outputs/pointnet_classic/grid_pro_runner_v1/exp03_bs16_lr3e4_do05_bg003_amp/inference,inference_all/test_row58_VR3C4L0M.png,inference_errors/test_row58_VR3C4L0M.png,inference_d21/test_row58_VR3C4L0M.png,predictions/test_row58_VR3C4L0M_xyz.npy,predictions/test_row58_VR3C4L0M_gt.npy,predictions/test_row58_VR3C4L0M_pred.npy,0.773681640625,0.8913308913308914,0.9047759826916071,0.8380401228326699,0.9969474969414106,0.9818181817824793,0.9642857142168367,0.9799804687488036,0.6221198156538682,0.4515050167073075,0.9266131172723089
PointNet,59,test_row59_PBG8YZJ9,PBG8YZJ9,upper,/home/htaucare/Tesis_Amaro/data/Teeth_3ds/processed_struct_safe/200000/upper/PBG8YZJ9,/home/htaucare/Tesis_Amaro/outputs/pointnet_classic/grid_pro_runner_v1/exp03_bs16_lr3e4_do05_bg003_amp/inference,inference_all/test_row59_PBG8YZJ9.png,inference_errors/test_row59_PBG8YZJ9.png,inference_d21/test_row59_PBG8YZJ9.png,predictions/test_row59_PBG8YZJ9_xyz.npy,predictions/test_row59_PBG8YZJ9_gt.npy,predictions/test_row59_PBG8YZJ9_pred.npy,0.9039306640625,0.9621489621489622,0.9642284198629211,0.932135344598789,0.9981684981624044,0.9883268482105709,0.9769230768479289,0.9919433593737891,0.7937499999751952,0.6580310880488066,0.968254365220713
PointNet,60,test_row60_01KRCSKD,01KRCSKD,upper,/home/htaucare/Tesis_Amaro/data/Teeth_3ds/processed_struct_safe/200000/upper/01KRCSKD,/home/htaucare/Tesis_Amaro/outputs/pointnet_classic/grid_pro_runner_v1/exp03_bs16_lr3e4_do05_bg003_amp/inference,inference_all/test_row60_01KRCSKD.png,inference_errors/test_row60_01KRCSKD.png,inference_d21/test_row60_01KRCSKD.png,predictions/test_row60_01KRCSKD_xyz.npy,predictions/test_row60_01KRCSKD_gt.npy,predictions/test_row60_01KRCSKD_pred.npy,0.87890625,0.8040293040293041,0.807942724218894,0.7023925309680074,0.9920634920574356,0.9537366547703297,0.9115646257883289,0.9932861328112874,0.8297213622034142,0.708994708957196,0.8544521411818902
PointNet,61,test_row61_013ZD6EX,013ZD6EX,upper,/home/htaucare/Tesis_Amaro/data/Teeth_3ds/processed_struct_safe/200000/upper/013ZD6EX,/home/htaucare/Tesis_Amaro/outputs/pointnet_classic/grid_pro_runner_v1/exp03_bs16_lr3e4_do05_bg003_amp/inference,inference_all/test_row61_013ZD6EX.png,inference_errors/test_row61_013ZD6EX.png,inference_d21/test_row61_013ZD6EX.png,predictions/test_row61_013ZD6EX_xyz.npy,predictions/test_row61_013ZD6EX_gt.npy,predictions/test_row61_013ZD6EX_pred.npy,0.9100341796875,0.891941391941392,0.876928840963656,0.7993036415095793,0.9938949938889262,0.9687499999697265,0.9393939393370064,0.993652343748787,0.8563535911365648,0.7487922704952275,0.9034331206031722
PointNet,62,test_row62_202Z1L1N,202Z1L1N,upper,/home/htaucare/Tesis_Amaro/data/Teeth_3ds/processed_struct_safe/200000/upper/202Z1L1N,/home/htaucare/Tesis_Amaro/outputs/pointnet_classic/grid_pro_runner_v1/exp03_bs16_lr3e4_do05_bg003_amp/inference,inference_all/test_row62_202Z1L1N.png,inference_errors/test_row62_202Z1L1N.png,inference_d21/test_row62_202Z1L1N.png,predictions/test_row62_202Z1L1N_xyz.npy,predictions/test_row62_202Z1L1N_gt.npy,predictions/test_row62_202Z1L1N_pred.npy,0.7135009765625,0.6251526251526252,0.6126164630523627,0.5180657884644387,0.9908424908364418,0.9327354259671419,0.8739495797584916,0.9851074218737974,0.6303030302839302,0.46017699113008065,0.7490382758627713
PointNet,63,test_row63_9U19TREK,9U19TREK,upper,/home/htaucare/Tesis_Amaro/data/Teeth_3ds/processed_struct_safe/200000/upper/9U19TREK,/home/htaucare/Tesis_Amaro/outputs/pointnet_classic/grid_pro_runner_v1/exp03_bs16_lr3e4_do05_bg003_amp/inference,inference_all/test_row63_9U19TREK.png,inference_errors/test_row63_9U19TREK.png,inference_d21/test_row63_9U19TREK.png,predictions/test_row63_9U19TREK_xyz.npy,predictions/test_row63_9U19TREK_gt.npy,predictions/test_row63_9U19TREK_pred.npy,0.922607421875,0.9554334554334555,0.9524012926160716,0.9121546041796338,0.9877899877839574,0.9421965317646763,0.8907103824649885,0.9945068359362859,0.8787061994372316,0.7836538461161705,0.9372372400812645
PointNet,64,test_row64_01AS9ER0,01AS9ER0,upper,/home/htaucare/Tesis_Amaro/data/Teeth_3ds/processed_struct_safe/200000/upper/01AS9ER0,/home/htaucare/Tesis_Amaro/outputs/pointnet_classic/grid_pro_runner_v1/exp03_bs16_lr3e4_do05_bg003_amp/inference,inference_all/test_row64_01AS9ER0.png,inference_errors/test_row64_01AS9ER0.png,inference_d21/test_row64_01AS9ER0.png,predictions/test_row64_01AS9ER0_xyz.npy,predictions/test_row64_01AS9ER0_gt.npy,predictions/test_row64_01AS9ER0_pred.npy,0.93212890625,0.9719169719169719,0.9687901106165228,0.940270743749269,0.9975579975519075,0.9772727272172004,0.9555555554493828,0.998535156248781,0.9347826086448487,0.8775510203186173,0.9659015772000481
PointNet,65,test_row65_08VJ02L0,08VJ02L0,upper,/home/htaucare/Tesis_Amaro/data/Teeth_3ds/processed_struct_safe/200000/upper/08VJ02L0,/home/htaucare/Tesis_Amaro/outputs/pointnet_classic/grid_pro_runner_v1/exp03_bs16_lr3e4_do05_bg003_amp/inference,inference_all/test_row65_08VJ02L0.png,inference_errors/test_row65_08VJ02L0.png,inference_d21/test_row65_08VJ02L0.png,predictions/test_row65_08VJ02L0_xyz.npy,predictions/test_row65_08VJ02L0_gt.npy,predictions/test_row65_08VJ02L0_pred.npy,0.864990234375,0.7393162393162394,0.7158782171576377,0.6684362919267269,0.9926739926679324,0.9649122806735405,0.9322033897778416,0.9932861328112874,0.8571428571205937,0.749999999965909,0.8285347676078614
PointNet,66,test_row66_01FC0082,01FC0082,upper,/home/htaucare/Tesis_Amaro/data/Teeth_3ds/processed_struct_safe/200000/upper/01FC0082,/home/htaucare/Tesis_Amaro/outputs/pointnet_classic/grid_pro_runner_v1/exp03_bs16_lr3e4_do05_bg003_amp/inference,inference_all/test_row66_01FC0082.png,inference_errors/test_row66_01FC0082.png,inference_d21/test_row66_01FC0082.png,predictions/test_row66_01FC0082_xyz.npy,predictions/test_row66_01FC0082_gt.npy,predictions/test_row66_01FC0082_pred.npy,0.9117431640625,0.9474969474969475,0.8737382338200859,0.8405900962577301,0.9804639804579948,0.9187817258650055,0.8497652581760673,0.9934082031237872,0.8701923076713896,0.7702127659246718,0.8879729454519567
PointNet,67,test_row67_56R9FBMK,56R9FBMK,upper,/home/htaucare/Tesis_Amaro/data/Teeth_3ds/processed_struct_safe/200000/upper/56R9FBMK,/home/htaucare/Tesis_Amaro/outputs/pointnet_classic/grid_pro_runner_v1/exp03_bs16_lr3e4_do05_bg003_amp/inference,inference_all/test_row67_56R9FBMK.png,inference_errors/test_row67_56R9FBMK.png,inference_d21/test_row67_56R9FBMK.png,predictions/test_row67_56R9FBMK_xyz.npy,predictions/test_row67_56R9FBMK_gt.npy,predictions/test_row67_56R9FBMK_pred.npy,0.922119140625,0.9694749694749695,0.9647341764206638,0.9344534709936215,0.9938949938889262,0.9637681159071099,0.9300699300048901,0.9940185546862865,0.8444444444176367,0.7307692307290786,0.9566809698071262
PointNet,68,test_row68_SW62DGWI,SW62DGWI,upper,/home/htaucare/Tesis_Amaro/data/Teeth_3ds/processed_struct_safe/200000/upper/SW62DGWI,/home/htaucare/Tesis_Amaro/outputs/pointnet_classic/grid_pro_runner_v1/exp03_bs16_lr3e4_do05_bg003_amp/inference,inference_all/test_row68_SW62DGWI.png,inference_errors/test_row68_SW62DGWI.png,inference_d21/test_row68_SW62DGWI.png,predictions/test_row68_SW62DGWI_xyz.npy,predictions/test_row68_SW62DGWI_gt.npy,predictions/test_row68_SW62DGWI_pred.npy,0.91259765625,0.9755799755799756,0.9757994584393956,0.9529805219940002,0.9926739926679324,0.9720930232332071,0.9457013574232714,0.9947509765612856,0.9067245119109171,0.8293650793321681,0.9682415067249526
PointNet,69,test_row69_6X24ILNE,6X24ILNE,upper,/home/htaucare/Tesis_Amaro/data/Teeth_3ds/processed_struct_safe/200000/upper/6X24ILNE,/home/htaucare/Tesis_Amaro/outputs/pointnet_classic/grid_pro_runner_v1/exp03_bs16_lr3e4_do05_bg003_amp/inference,inference_all/test_row69_6X24ILNE.png,inference_errors/test_row69_6X24ILNE.png,inference_d21/test_row69_6X24ILNE.png,predictions/test_row69_6X24ILNE_xyz.npy,predictions/test_row69_6X24ILNE_gt.npy,predictions/test_row69_6X24ILNE_pred.npy,0.7462158203125,0.8778998778998779,0.8784659975321089,0.7922062649018392,0.9816849816789885,0.8818897637448074,0.7887323943106526,0.976440429686308,0.537170263776087,0.3672131147420586,0.8586129474808908
PointNet,70,test_row70_BIIEY91S,BIIEY91S,upper,/home/htaucare/Tesis_Amaro/data/Teeth_3ds/processed_struct_safe/200000/upper/BIIEY91S,/home/htaucare/Tesis_Amaro/outputs/pointnet_classic/grid_pro_runner_v1/exp03_bs16_lr3e4_do05_bg003_amp/inference,inference_all/test_row70_BIIEY91S.png,inference_errors/test_row70_BIIEY91S.png,inference_d21/test_row70_BIIEY91S.png,predictions/test_row70_BIIEY91S_xyz.npy,predictions/test_row70_BIIEY91S_gt.npy,predictions/test_row70_BIIEY91S_pred.npy,0.9078369140625,0.9236874236874237,0.9019802268042726,0.8358163322552368,0.9902319902259449,0.9333333332944445,0.8749999999316406,0.9943847656237861,0.8296296295989026,0.7088607594488062,0.9011158064120997
PointNet,71,test_row71_3EU06ZN9,3EU06ZN9,upper,/home/htaucare/Tesis_Amaro/data/Teeth_3ds/processed_struct_safe/200000/upper/3EU06ZN9,/home/htaucare/Tesis_Amaro/outputs/pointnet_classic/grid_pro_runner_v1/exp03_bs16_lr3e4_do05_bg003_amp/inference,inference_all/test_row71_3EU06ZN9.png,inference_errors/test_row71_3EU06ZN9.png,inference_d21/test_row71_3EU06ZN9.png,predictions/test_row71_3EU06ZN9_xyz.npy,predictions/test_row71_3EU06ZN9_gt.npy,predictions/test_row71_3EU06ZN9_pred.npy,0.61083984375,0.3412698412698413,0.31159088594273093,0.2052766136253498,0.9151404151348282,0.3534883720765819,0.21468926552459383,0.9678955078113184,0.22418879055385874,0.12624584717188553,0.30596106093031117
PointNet,72,test_row72_QQKBAWLF,QQKBAWLF,upper,/home/htaucare/Tesis_Amaro/data/Teeth_3ds/processed_struct_safe/200000/upper/QQKBAWLF,/home/htaucare/Tesis_Amaro/outputs/pointnet_classic/grid_pro_runner_v1/exp03_bs16_lr3e4_do05_bg003_amp/inference,inference_all/test_row72_QQKBAWLF.png,inference_errors/test_row72_QQKBAWLF.png,inference_d21/test_row72_QQKBAWLF.png,predictions/test_row72_QQKBAWLF_xyz.npy,predictions/test_row72_QQKBAWLF_gt.npy,predictions/test_row72_QQKBAWLF_pred.npy,0.759033203125,0.7954822954822954,0.8062449080703272,0.7227989636676093,0.9902319902259449,0.9322033897910083,0.8730158729465861,0.95019531249884,0.3503184713320013,0.21235521235111282,0.8483626628299883
PointNet,73,test_row73_1LYSVDBP,1LYSVDBP,upper,/home/htaucare/Tesis_Amaro/data/Teeth_3ds/processed_struct_safe/200000/upper/1LYSVDBP,/home/htaucare/Tesis_Amaro/outputs/pointnet_classic/grid_pro_runner_v1/exp03_bs16_lr3e4_do05_bg003_amp/inference,inference_all/test_row73_1LYSVDBP.png,inference_errors/test_row73_1LYSVDBP.png,inference_d21/test_row73_1LYSVDBP.png,predictions/test_row73_1LYSVDBP_xyz.npy,predictions/test_row73_1LYSVDBP_gt.npy,predictions/test_row73_1LYSVDBP_pred.npy,0.9149169921875,0.9603174603174603,0.8748630953870283,0.8389068126742107,0.9841269841209761,0.9207317072890021,0.8531073445845702,0.9907226562487905,0.7989417989206629,0.6651982378561586,0.8888083306598108
PointNet,74,test_row74_K6LK1YRK,K6LK1YRK,upper,/home/htaucare/Tesis_Amaro/data/Teeth_3ds/processed_struct_safe/200000/upper/K6LK1YRK,/home/htaucare/Tesis_Amaro/outputs/pointnet_classic/grid_pro_runner_v1/exp03_bs16_lr3e4_do05_bg003_amp/inference,inference_all/test_row74_K6LK1YRK.png,inference_errors/test_row74_K6LK1YRK.png,inference_d21/test_row74_K6LK1YRK.png,predictions/test_row74_K6LK1YRK_xyz.npy,predictions/test_row74_K6LK1YRK_gt.npy,predictions/test_row74_K6LK1YRK_pred.npy,0.895263671875,0.9120879120879121,0.9066931331541527,0.8376733320018965,0.9981684981624044,0.9890109889747615,0.9782608694943289,0.993652343748787,0.8385093167441456,0.7219251336512339,0.9305971107763931
PointNet,75,test_row75_019GGYZ4,019GGYZ4,upper,/home/htaucare/Tesis_Amaro/data/Teeth_3ds/processed_struct_safe/200000/upper/019GGYZ4,/home/htaucare/Tesis_Amaro/outputs/pointnet_classic/grid_pro_runner_v1/exp03_bs16_lr3e4_do05_bg003_amp/inference,inference_all/test_row75_019GGYZ4.png,inference_errors/test_row75_019GGYZ4.png,inference_d21/test_row75_019GGYZ4.png,predictions/test_row75_019GGYZ4_xyz.npy,predictions/test_row75_019GGYZ4_gt.npy,predictions/test_row75_019GGYZ4_pred.npy,0.9193115234375,0.9633699633699634,0.9646964149172055,0.9326214346727868,0.9957264957204168,0.9739776951310789,0.9492753622500525,0.995239257811285,0.8704318936587896,0.7705882352487889,0.9613183099630376
PointNet,76,test_row76_K8SZYQ72,K8SZYQ72,upper,/home/htaucare/Tesis_Amaro/data/Teeth_3ds/processed_struct_safe/200000/upper/K8SZYQ72,/home/htaucare/Tesis_Amaro/outputs/pointnet_classic/grid_pro_runner_v1/exp03_bs16_lr3e4_do05_bg003_amp/inference,inference_all/test_row76_K8SZYQ72.png,inference_errors/test_row76_K8SZYQ72.png,inference_d21/test_row76_K8SZYQ72.png,predictions/test_row76_K8SZYQ72_xyz.npy,predictions/test_row76_K8SZYQ72_gt.npy,predictions/test_row76_K8SZYQ72_pred.npy,0.754150390625,0.9383394383394383,0.9401961900682884,0.8914427888957404,0.9926739926679324,0.9444444444007202,0.8947368420267775,0.9860839843737962,0.6415094339420909,0.4722222222003601,0.9301319669413672
PointNet,77,test_row77_WINM1RGX,WINM1RGX,upper,/home/htaucare/Tesis_Amaro/data/Teeth_3ds/processed_struct_safe/200000/upper/WINM1RGX,/home/htaucare/Tesis_Amaro/outputs/pointnet_classic/grid_pro_runner_v1/exp03_bs16_lr3e4_do05_bg003_amp/inference,inference_all/test_row77_WINM1RGX.png,inference_errors/test_row77_WINM1RGX.png,inference_d21/test_row77_WINM1RGX.png,predictions/test_row77_WINM1RGX_xyz.npy,predictions/test_row77_WINM1RGX_gt.npy,predictions/test_row77_WINM1RGX_pred.npy,0.9083251953125,0.931013431013431,0.9329106425266959,0.8800768849821579,0.9945054944994232,0.9606986899143799,0.9243697478214816,0.9932861328112874,0.7999999999709091,0.6666666666262626,0.9335962268344034
PointNet,78,test_row78_0171X5EV,0171X5EV,upper,/home/htaucare/Tesis_Amaro/data/Teeth_3ds/processed_struct_safe/200000/upper/0171X5EV,/home/htaucare/Tesis_Amaro/outputs/pointnet_classic/grid_pro_runner_v1/exp03_bs16_lr3e4_do05_bg003_amp/inference,inference_all/test_row78_0171X5EV.png,inference_errors/test_row78_0171X5EV.png,inference_d21/test_row78_0171X5EV.png,predictions/test_row78_0171X5EV_xyz.npy,predictions/test_row78_0171X5EV_gt.npy,predictions/test_row78_0171X5EV_pred.npy,0.9271240234375,0.9554334554334555,0.9573203959998355,0.9191835313612261,0.9963369963309138,0.9777777777415637,0.9565217390611216,0.9962158203112839,0.894915254206952,0.8098159508705634,0.9580148707110473
PointNet,79,test_row79_4OTQF1P6,4OTQF1P6,upper,/home/htaucare/Tesis_Amaro/data/Teeth_3ds/processed_struct_safe/200000/upper/4OTQF1P6,/home/htaucare/Tesis_Amaro/outputs/pointnet_classic/grid_pro_runner_v1/exp03_bs16_lr3e4_do05_bg003_amp/inference,inference_all/test_row79_4OTQF1P6.png,inference_errors/test_row79_4OTQF1P6.png,inference_d21/test_row79_4OTQF1P6.png,predictions/test_row79_4OTQF1P6_xyz.npy,predictions/test_row79_4OTQF1P6_gt.npy,predictions/test_row79_4OTQF1P6_pred.npy,0.912353515625,0.9395604395604396,0.8745384934048891,0.828758365291165,0.9999999999938951,0.9999999999662161,0.9999999999324324,0.9932861328112874,0.8433048432808176,0.7290640393729525,0.9258242146571216
PointNet,80,test_row80_016G9TFH,016G9TFH,upper,/home/htaucare/Tesis_Amaro/data/Teeth_3ds/processed_struct_safe/200000/upper/016G9TFH,/home/htaucare/Tesis_Amaro/outputs/pointnet_classic/grid_pro_runner_v1/exp03_bs16_lr3e4_do05_bg003_amp/inference,inference_all/test_row80_016G9TFH.png,inference_errors/test_row80_016G9TFH.png,inference_d21/test_row80_016G9TFH.png,predictions/test_row80_016G9TFH_xyz.npy,predictions/test_row80_016G9TFH_gt.npy,predictions/test_row80_016G9TFH_pred.npy,0.921875,0.9487179487179487,0.947258637921995,0.9020498206751347,0.9981684981624044,0.9877551020004998,0.9758064515342092,0.9956054687487845,0.870503597090989,0.7707006368935859,0.9562046656495323
PointNet,81,test_row81_9TLHF8TV,9TLHF8TV,upper,/home/htaucare/Tesis_Amaro/data/Teeth_3ds/processed_struct_safe/200000/upper/9TLHF8TV,/home/htaucare/Tesis_Amaro/outputs/pointnet_classic/grid_pro_runner_v1/exp03_bs16_lr3e4_do05_bg003_amp/inference,inference_all/test_row81_9TLHF8TV.png,inference_errors/test_row81_9TLHF8TV.png,inference_d21/test_row81_9TLHF8TV.png,predictions/test_row81_9TLHF8TV_xyz.npy,predictions/test_row81_9TLHF8TV_gt.npy,predictions/test_row81_9TLHF8TV_pred.npy,0.90869140625,0.8968253968253969,0.9064780052522847,0.8370778815139045,0.9938949938889262,0.9583333332934028,0.9199999999264,0.9947509765612856,0.842490842459982,0.7278481012197564,0.9150556383382487
PointNet,82,test_row82_2HVVCR7B,2HVVCR7B,upper,/home/htaucare/Tesis_Amaro/data/Teeth_3ds/processed_struct_safe/200000/upper/2HVVCR7B,/home/htaucare/Tesis_Amaro/outputs/pointnet_classic/grid_pro_runner_v1/exp03_bs16_lr3e4_do05_bg003_amp/inference,inference_all/test_row82_2HVVCR7B.png,inference_errors/test_row82_2HVVCR7B.png,inference_d21/test_row82_2HVVCR7B.png,predictions/test_row82_2HVVCR7B_xyz.npy,predictions/test_row82_2HVVCR7B_gt.npy,predictions/test_row82_2HVVCR7B_pred.npy,0.809814453125,0.37484737484737485,0.3325360471853194,0.2393609355996438,0.9749694749635228,0.8110599077967253,0.6821705425827774,0.9949951171862853,0.8110599077967253,0.6821705425827774,0.5485041995946035
PointNet,83,test_row83_01HJHZ5X,01HJHZ5X,upper,/home/htaucare/Tesis_Amaro/data/Teeth_3ds/processed_struct_safe/200000/upper/01HJHZ5X,/home/htaucare/Tesis_Amaro/outputs/pointnet_classic/grid_pro_runner_v1/exp03_bs16_lr3e4_do05_bg003_amp/inference,inference_all/test_row83_01HJHZ5X.png,inference_errors/test_row83_01HJHZ5X.png,inference_d21/test_row83_01HJHZ5X.png,predictions/test_row83_01HJHZ5X_xyz.npy,predictions/test_row83_01HJHZ5X_gt.npy,predictions/test_row83_01HJHZ5X_pred.npy,0.9239501953125,0.9462759462759462,0.9401912340612907,0.8894382841765033,0.9969474969414106,0.9859943977314848,0.9723756905540123,0.9959716796862841,0.9142857142619666,0.8421052631176026,0.9504045784251909
PointNet,84,test_row84_AD8EQEUR,AD8EQEUR,upper,/home/htaucare/Tesis_Amaro/data/Teeth_3ds/processed_struct_safe/200000/upper/AD8EQEUR,/home/htaucare/Tesis_Amaro/outputs/pointnet_classic/grid_pro_runner_v1/exp03_bs16_lr3e4_do05_bg003_amp/inference,inference_all/test_row84_AD8EQEUR.png,inference_errors/test_row84_AD8EQEUR.png,inference_d21/test_row84_AD8EQEUR.png,predictions/test_row84_AD8EQEUR_xyz.npy,predictions/test_row84_AD8EQEUR_gt.npy,predictions/test_row84_AD8EQEUR_pred.npy,0.6842041015625,0.6233211233211233,0.5574384678699418,0.4261480100335788,0.9224664224607909,0.498023715395335,0.3315789473509695,0.9655761718738213,0.3088235294041955,0.1826086956468809,0.4949084771735477
PointNet,85,test_row85_01909P9K,01909P9K,upper,/home/htaucare/Tesis_Amaro/data/Teeth_3ds/processed_struct_safe/200000/upper/01909P9K,/home/htaucare/Tesis_Amaro/outputs/pointnet_classic/grid_pro_runner_v1/exp03_bs16_lr3e4_do05_bg003_amp/inference,inference_all/test_row85_01909P9K.png,inference_errors/test_row85_01909P9K.png,inference_d21/test_row85_01909P9K.png,predictions/test_row85_01909P9K_xyz.npy,predictions/test_row85_01909P9K_gt.npy,predictions/test_row85_01909P9K_pred.npy,0.910888671875,0.9316239316239316,0.9391251869945922,0.8897318602537588,0.9987789987729013,0.9929577464439099,0.986013985945034,0.9951171874987852,0.8757763974883299,0.7790055248188394,0.9536931350340426
PointNet,86,test_row86_HM1A4QZR,HM1A4QZR,upper,/home/htaucare/Tesis_Amaro/data/Teeth_3ds/processed_struct_safe/200000/upper/HM1A4QZR,/home/htaucare/Tesis_Amaro/outputs/pointnet_classic/grid_pro_runner_v1/exp03_bs16_lr3e4_do05_bg003_amp/inference,inference_all/test_row86_HM1A4QZR.png,inference_errors/test_row86_HM1A4QZR.png,inference_d21/test_row86_HM1A4QZR.png,predictions/test_row86_HM1A4QZR_xyz.npy,predictions/test_row86_HM1A4QZR_gt.npy,predictions/test_row86_HM1A4QZR_pred.npy,0.913330078125,0.9316239316239316,0.9167227575755886,0.8613083039101566,0.989621489615448,0.9446254071353541,0.895061728339811,0.9938964843737866,0.8529411764455017,0.7435897435516108,0.9168204689391133
PointNet,87,test_row87_013Z9SM2,013Z9SM2,upper,/home/htaucare/Tesis_Amaro/data/Teeth_3ds/processed_struct_safe/200000/upper/013Z9SM2,/home/htaucare/Tesis_Amaro/outputs/pointnet_classic/grid_pro_runner_v1/exp03_bs16_lr3e4_do05_bg003_amp/inference,inference_all/test_row87_013Z9SM2.png,inference_errors/test_row87_013Z9SM2.png,inference_d21/test_row87_013Z9SM2.png,predictions/test_row87_013Z9SM2_xyz.npy,predictions/test_row87_013Z9SM2_gt.npy,predictions/test_row87_013Z9SM2_pred.npy,0.895751953125,0.8669108669108669,0.7289272202948764,0.6573332982268346,0.974358974353026,0.8679245282745935,0.766666666624074,0.990356445311291,0.777464788710494,0.6359447004315233,0.7805273937677246
PointNet,88,test_row88_MAIPESOV,MAIPESOV,upper,/home/htaucare/Tesis_Amaro/data/Teeth_3ds/processed_struct_safe/200000/upper/MAIPESOV,/home/htaucare/Tesis_Amaro/outputs/pointnet_classic/grid_pro_runner_v1/exp03_bs16_lr3e4_do05_bg003_amp/inference,inference_all/test_row88_MAIPESOV.png,inference_errors/test_row88_MAIPESOV.png,inference_d21/test_row88_MAIPESOV.png,predictions/test_row88_MAIPESOV_xyz.npy,predictions/test_row88_MAIPESOV_gt.npy,predictions/test_row88_MAIPESOV_pred.npy,0.9232177734375,0.9566544566544567,0.9572175475563831,0.9197275897623433,0.9816849816789885,0.9085365853381544,0.8324022345903686,0.9929199218737879,0.8370786516618798,0.7198067632502508,0.9235045769987588
PointNet,89,test_row89_015RHV4X,015RHV4X,upper,/home/htaucare/Tesis_Amaro/data/Teeth_3ds/processed_struct_safe/200000/upper/015RHV4X,/home/htaucare/Tesis_Amaro/outputs/pointnet_classic/grid_pro_runner_v1/exp03_bs16_lr3e4_do05_bg003_amp/inference,inference_all/test_row89_015RHV4X.png,inference_errors/test_row89_015RHV4X.png,inference_d21/test_row89_015RHV4X.png,predictions/test_row89_015RHV4X_xyz.npy,predictions/test_row89_015RHV4X_gt.npy,predictions/test_row89_015RHV4X_pred.npy,0.9248046875,0.938949938949939,0.9376146393032605,0.8856481885634712,0.9871794871734605,0.9391304347553875,0.8852459015909702,0.9957275390612844,0.9025069637631613,0.8223350253389677,0.9253809243443767
PointNet,90,test_row90_017FADFV,017FADFV,upper,/home/htaucare/Tesis_Amaro/data/Teeth_3ds/processed_struct_safe/200000/upper/017FADFV,/home/htaucare/Tesis_Amaro/outputs/pointnet_classic/grid_pro_runner_v1/exp03_bs16_lr3e4_do05_bg003_amp/inference,inference_all/test_row90_017FADFV.png,inference_errors/test_row90_017FADFV.png,inference_d21/test_row90_017FADFV.png,predictions/test_row90_017FADFV_xyz.npy,predictions/test_row90_017FADFV_gt.npy,predictions/test_row90_017FADFV_pred.npy,0.9295654296875,0.9652014652014652,0.9605277527615322,0.9256717984785977,0.9938949938889262,0.9640287769437399,0.9305555554909336,0.9962158203112839,0.8963210702041364,0.8121212120719926,0.9535642762819024
PointNet,91,test_row91_01MAVT6A,01MAVT6A,upper,/home/htaucare/Tesis_Amaro/data/Teeth_3ds/processed_struct_safe/200000/upper/01MAVT6A,/home/htaucare/Tesis_Amaro/outputs/pointnet_classic/grid_pro_runner_v1/exp03_bs16_lr3e4_do05_bg003_amp/inference,inference_all/test_row91_01MAVT6A.png,inference_errors/test_row91_01MAVT6A.png,inference_d21/test_row91_01MAVT6A.png,predictions/test_row91_01MAVT6A_xyz.npy,predictions/test_row91_01MAVT6A_gt.npy,predictions/test_row91_01MAVT6A_pred.npy,0.921142578125,0.9706959706959707,0.9750938494695344,0.9523329106988281,0.9969474969414106,0.9839228295503561,0.9683544303184586,0.9931640624987875,0.845303867379964,0.7320574162329159,0.9738181048172687
PointNet,92,test_row92_VXRFUE19,VXRFUE19,upper,/home/htaucare/Tesis_Amaro/data/Teeth_3ds/processed_struct_safe/200000/upper/VXRFUE19,/home/htaucare/Tesis_Amaro/outputs/pointnet_classic/grid_pro_runner_v1/exp03_bs16_lr3e4_do05_bg003_amp/inference,inference_all/test_row92_VXRFUE19.png,inference_errors/test_row92_VXRFUE19.png,inference_d21/test_row92_VXRFUE19.png,predictions/test_row92_VXRFUE19_xyz.npy,predictions/test_row92_VXRFUE19_gt.npy,predictions/test_row92_VXRFUE19_pred.npy,0.9259033203125,0.9719169719169719,0.9755966803072323,0.9552064245215104,0.9999999999938951,0.9999999999728261,0.9999999999456521,0.996093749998784,0.919999999977,0.8518518518124142,0.9827007761935987
PointNet,94,test_row94_0177JSNX,0177JSNX,upper,/home/htaucare/Tesis_Amaro/data/Teeth_3ds/processed_struct_safe/200000/upper/0177JSNX,/home/htaucare/Tesis_Amaro/outputs/pointnet_classic/grid_pro_runner_v1/exp03_bs16_lr3e4_do05_bg003_amp/inference,inference_all/test_row94_0177JSNX.png,inference_errors/test_row94_0177JSNX.png,inference_d21/test_row94_0177JSNX.png,predictions/test_row94_0177JSNX_xyz.npy,predictions/test_row94_0177JSNX_gt.npy,predictions/test_row94_0177JSNX_pred.npy,0.9200439453125,0.9004884004884005,0.7709646729877441,0.7155658416641099,0.9938949938889262,0.9714285714008163,0.9444444443919753,0.9970703124987828,0.9340659340402729,0.8762886597486449,0.8573469143633716
PointNetPP,0,test_row0_01MAVHYZ,01MAVHYZ,upper,/home/htaucare/Tesis_Amaro/data/Teeth_3ds/processed_struct_safe/200000/upper/01MAVHYZ,/home/htaucare/Tesis_Amaro/outputs/pointnetpp/grid_pro_runner_v2/exp04_bs8_lr3e4_r010_020_040_ns32/inference,inference_all/test_row0_01MAVHYZ.png,inference_errors/test_row0_01MAVHYZ.png,inference_d21/test_row0_01MAVHYZ.png,predictions/test_row0_01MAVHYZ_xyz.npy,predictions/test_row0_01MAVHYZ_gt.npy,predictions/test_row0_01MAVHYZ_pred.npy,0.9466552734375,0.9505494505494505,0.9634604794578641,0.9329773744922852,0.9957264957204168,0.97658862872988,0.9542483659507027,0.9956054687487845,0.8902439024118828,0.8021978021537254,0.9624037778524773
PointNetPP,1,test_row1_01FR2S9H,01FR2S9H,upper,/home/htaucare/Tesis_Amaro/data/Teeth_3ds/processed_struct_safe/200000/upper/01FR2S9H,/home/htaucare/Tesis_Amaro/outputs/pointnetpp/grid_pro_runner_v2/exp04_bs8_lr3e4_r010_020_040_ns32/inference,inference_all/test_row1_01FR2S9H.png,inference_errors/test_row1_01FR2S9H.png,inference_d21/test_row1_01FR2S9H.png,predictions/test_row1_01FR2S9H_xyz.npy,predictions/test_row1_01FR2S9H_gt.npy,predictions/test_row1_01FR2S9H_pred.npy,0.9566650390625,0.9713064713064713,0.9657186188581464,0.9354056086330588,0.989621489615448,0.9495548961142565,0.9039548022088161,0.9968261718737831,0.9248554913027498,0.8602150537171928,0.9500585049299295
PointNetPP,2,test_row2_01AVY0SK,01AVY0SK,upper,/home/htaucare/Tesis_Amaro/data/Teeth_3ds/processed_struct_safe/200000/upper/01AVY0SK,/home/htaucare/Tesis_Amaro/outputs/pointnetpp/grid_pro_runner_v2/exp04_bs8_lr3e4_r010_020_040_ns32/inference,inference_all/test_row2_01AVY0SK.png,inference_errors/test_row2_01AVY0SK.png,inference_d21/test_row2_01AVY0SK.png,predictions/test_row2_01AVY0SK_xyz.npy,predictions/test_row2_01AVY0SK_gt.npy,predictions/test_row2_01AVY0SK_pred.npy,0.9468994140625,0.9682539682539683,0.9665925960326657,0.9358340053806676,0.9920634920574356,0.9469387754715535,0.899224806131843,0.9970703124987828,0.9062499999645995,0.8285714285122449,0.9490760380891101
PointNetPP,4,test_row4_OEIWQQMQ,OEIWQQMQ,upper,/home/htaucare/Tesis_Amaro/data/Teeth_3ds/processed_struct_safe/200000/upper/OEIWQQMQ,/home/htaucare/Tesis_Amaro/outputs/pointnetpp/grid_pro_runner_v2/exp04_bs8_lr3e4_r010_020_040_ns32/inference,inference_all/test_row4_OEIWQQMQ.png,inference_errors/test_row4_OEIWQQMQ.png,inference_d21/test_row4_OEIWQQMQ.png,predictions/test_row4_OEIWQQMQ_xyz.npy,predictions/test_row4_OEIWQQMQ_gt.npy,predictions/test_row4_OEIWQQMQ_pred.npy,0.918701171875,0.7783882783882784,0.6543113736412864,0.6262739492515381,0.9957264957204168,0.983682983660054,0.9678899082124821,0.995239257811285,0.9154013014985813,0.84399999996624,0.8119878225532331
PointNetPP,5,test_row5_6BWQC0CT,6BWQC0CT,upper,/home/htaucare/Tesis_Amaro/data/Teeth_3ds/processed_struct_safe/200000/upper/6BWQC0CT,/home/htaucare/Tesis_Amaro/outputs/pointnetpp/grid_pro_runner_v2/exp04_bs8_lr3e4_r010_020_040_ns32/inference,inference_all/test_row5_6BWQC0CT.png,inference_errors/test_row5_6BWQC0CT.png,inference_d21/test_row5_6BWQC0CT.png,predictions/test_row5_6BWQC0CT_xyz.npy,predictions/test_row5_6BWQC0CT_gt.npy,predictions/test_row5_6BWQC0CT_pred.npy,0.9539794921875,0.9768009768009768,0.9750366796433204,0.9516461673700981,0.99511599510992,0.9736842104942867,0.9487179486571334,0.9942626953112862,0.862973760907785,0.7589743589354372,0.968512817000498
PointNetPP,6,test_row6_MC39MU3H,MC39MU3H,upper,/home/htaucare/Tesis_Amaro/data/Teeth_3ds/processed_struct_safe/200000/upper/MC39MU3H,/home/htaucare/Tesis_Amaro/outputs/pointnetpp/grid_pro_runner_v2/exp04_bs8_lr3e4_r010_020_040_ns32/inference,inference_all/test_row6_MC39MU3H.png,inference_errors/test_row6_MC39MU3H.png,inference_d21/test_row6_MC39MU3H.png,predictions/test_row6_MC39MU3H_xyz.npy,predictions/test_row6_MC39MU3H_gt.npy,predictions/test_row6_MC39MU3H_pred.npy,0.9490966796875,0.9743589743589743,0.9724467856001378,0.9466068643079402,0.9945054944994232,0.9649805447095338,0.9323308269975691,0.9934082031237872,0.8211920529529406,0.6966292134440095,0.9622536848317864
PointNetPP,7,test_row7_ASUXPX7O,ASUXPX7O,upper,/home/htaucare/Tesis_Amaro/data/Teeth_3ds/processed_struct_safe/200000/upper/ASUXPX7O,/home/htaucare/Tesis_Amaro/outputs/pointnetpp/grid_pro_runner_v2/exp04_bs8_lr3e4_r010_020_040_ns32/inference,inference_all/test_row7_ASUXPX7O.png,inference_errors/test_row7_ASUXPX7O.png,inference_d21/test_row7_ASUXPX7O.png,predictions/test_row7_ASUXPX7O_xyz.npy,predictions/test_row7_ASUXPX7O_gt.npy,predictions/test_row7_ASUXPX7O_pred.npy,0.956298828125,0.9743589743589743,0.9752132308662117,0.9518912936131583,0.99511599510992,0.9738562091185015,0.9490445859268124,0.9943847656237861,0.8662790697422593,0.7641025640633793,0.9687042356790931
PointNetPP,8,test_row8_U1HFBZ1F,U1HFBZ1F,upper,/home/htaucare/Tesis_Amaro/data/Teeth_3ds/processed_struct_safe/200000/upper/U1HFBZ1F,/home/htaucare/Tesis_Amaro/outputs/pointnetpp/grid_pro_runner_v2/exp04_bs8_lr3e4_r010_020_040_ns32/inference,inference_all/test_row8_U1HFBZ1F.png,inference_errors/test_row8_U1HFBZ1F.png,inference_d21/test_row8_U1HFBZ1F.png,predictions/test_row8_U1HFBZ1F_xyz.npy,predictions/test_row8_U1HFBZ1F_gt.npy,predictions/test_row8_U1HFBZ1F_pred.npy,0.944580078125,0.9688644688644689,0.9642697323270215,0.9322820988110293,0.9890109890049511,0.9347826086617832,0.8775510203484659,0.9929199218737879,0.8164556961766944,0.6898395721556235,0.9415292621154043
PointNetPP,9,test_row9_QVUPP39R,QVUPP39R,upper,/home/htaucare/Tesis_Amaro/data/Teeth_3ds/processed_struct_safe/200000/upper/QVUPP39R,/home/htaucare/Tesis_Amaro/outputs/pointnetpp/grid_pro_runner_v2/exp04_bs8_lr3e4_r010_020_040_ns32/inference,inference_all/test_row9_QVUPP39R.png,inference_errors/test_row9_QVUPP39R.png,inference_d21/test_row9_QVUPP39R.png,predictions/test_row9_QVUPP39R_xyz.npy,predictions/test_row9_QVUPP39R_gt.npy,predictions/test_row9_QVUPP39R_pred.npy,0.93603515625,0.9468864468864469,0.9453079105172363,0.907032270996307,0.9981684981624044,0.9871244634769474,0.9745762711038495,0.9946289062487857,0.839416058363525,0.7232704402060836,0.9566472771168595
PointNetPP,10,test_row10_017APYC4,017APYC4,upper,/home/htaucare/Tesis_Amaro/data/Teeth_3ds/processed_struct_safe/200000/upper/017APYC4,/home/htaucare/Tesis_Amaro/outputs/pointnetpp/grid_pro_runner_v2/exp04_bs8_lr3e4_r010_020_040_ns32/inference,inference_all/test_row10_017APYC4.png,inference_errors/test_row10_017APYC4.png,inference_d21/test_row10_017APYC4.png,predictions/test_row10_017APYC4_xyz.npy,predictions/test_row10_017APYC4_gt.npy,predictions/test_row10_017APYC4_pred.npy,0.9444580078125,0.9603174603174603,0.9651774657650988,0.9337084121441994,0.9945054944994232,0.9681978798244453,0.9383561643192906,0.9949951171862853,0.8698412698136558,0.7696629213050751,0.9588204093895472
PointNetPP,11,test_row11_F5NBC5X3,F5NBC5X3,upper,/home/htaucare/Tesis_Amaro/data/Teeth_3ds/processed_struct_safe/200000/upper/F5NBC5X3,/home/htaucare/Tesis_Amaro/outputs/pointnetpp/grid_pro_runner_v2/exp04_bs8_lr3e4_r010_020_040_ns32/inference,inference_all/test_row11_F5NBC5X3.png,inference_errors/test_row11_F5NBC5X3.png,inference_d21/test_row11_F5NBC5X3.png,predictions/test_row11_F5NBC5X3_xyz.npy,predictions/test_row11_F5NBC5X3_gt.npy,predictions/test_row11_F5NBC5X3_pred.npy,0.93115234375,0.963980463980464,0.9665299739688088,0.9355268786383888,0.99511599510992,0.9633027522493898,0.9292035397407785,0.9901123046862913,0.7216494845112835,0.5645161290019077,0.9571655892764943
PointNetPP,12,test_row12_5JRH5J6E,5JRH5J6E,upper,/home/htaucare/Tesis_Amaro/data/Teeth_3ds/processed_struct_safe/200000/upper/5JRH5J6E,/home/htaucare/Tesis_Amaro/outputs/pointnetpp/grid_pro_runner_v2/exp04_bs8_lr3e4_r010_020_040_ns32/inference,inference_all/test_row12_5JRH5J6E.png,inference_errors/test_row12_5JRH5J6E.png,inference_d21/test_row12_5JRH5J6E.png,predictions/test_row12_5JRH5J6E_xyz.npy,predictions/test_row12_5JRH5J6E_gt.npy,predictions/test_row12_5JRH5J6E_pred.npy,0.9078369140625,0.9700854700854701,0.9690549798518969,0.9407303317907104,0.9963369963309138,0.9699999999515,0.9417475727241023,0.9866943359362954,0.6402640263815095,0.470873786384909,0.9624463278864018
PointNetPP,13,test_row13_01328DDN,01328DDN,upper,/home/htaucare/Tesis_Amaro/data/Teeth_3ds/processed_struct_safe/200000/upper/01328DDN,/home/htaucare/Tesis_Amaro/outputs/pointnetpp/grid_pro_runner_v2/exp04_bs8_lr3e4_r010_020_040_ns32/inference,inference_all/test_row13_01328DDN.png,inference_errors/test_row13_01328DDN.png,inference_d21/test_row13_01328DDN.png,predictions/test_row13_01328DDN_xyz.npy,predictions/test_row13_01328DDN_gt.npy,predictions/test_row13_01328DDN_pred.npy,0.9541015625,0.963980463980464,0.9623844421161858,0.9280185875940559,0.9945054944994232,0.9660377358126023,0.9343065692748681,0.9959716796862841,0.8858131487582763,0.7950310558512402,0.9556196253338616
PointNetPP,14,test_row14_X9QY6TGT,X9QY6TGT,upper,/home/htaucare/Tesis_Amaro/data/Teeth_3ds/processed_struct_safe/200000/upper/X9QY6TGT,/home/htaucare/Tesis_Amaro/outputs/pointnetpp/grid_pro_runner_v2/exp04_bs8_lr3e4_r010_020_040_ns32/inference,inference_all/test_row14_X9QY6TGT.png,inference_errors/test_row14_X9QY6TGT.png,inference_d21/test_row14_X9QY6TGT.png,predictions/test_row14_X9QY6TGT_xyz.npy,predictions/test_row14_X9QY6TGT_gt.npy,predictions/test_row14_X9QY6TGT_pred.npy,0.9556884765625,0.9737484737484737,0.9749489399274511,0.9517820120045201,0.9938949938889262,0.9624060150014133,0.9275362318168452,0.996948242186283,0.9110320284373298,0.8366013071348626,0.9628857454836995
PointNetPP,15,test_row15_ERCT8ZLW,ERCT8ZLW,upper,/home/htaucare/Tesis_Amaro/data/Teeth_3ds/processed_struct_safe/200000/upper/ERCT8ZLW,/home/htaucare/Tesis_Amaro/outputs/pointnetpp/grid_pro_runner_v2/exp04_bs8_lr3e4_r010_020_040_ns32/inference,inference_all/test_row15_ERCT8ZLW.png,inference_errors/test_row15_ERCT8ZLW.png,inference_d21/test_row15_ERCT8ZLW.png,predictions/test_row15_ERCT8ZLW_xyz.npy,predictions/test_row15_ERCT8ZLW_gt.npy,predictions/test_row15_ERCT8ZLW_pred.npy,0.916015625,0.9493284493284493,0.9494287573611778,0.9056017583446813,0.9957264957204168,0.9648241205545314,0.9320388348609672,0.993652343748787,0.7868852458693899,0.648648648604821,0.9461696892037305
PointNetPP,16,test_row16_0165W7J4,0165W7J4,upper,/home/htaucare/Tesis_Amaro/data/Teeth_3ds/processed_struct_safe/200000/upper/0165W7J4,/home/htaucare/Tesis_Amaro/outputs/pointnetpp/grid_pro_runner_v2/exp04_bs8_lr3e4_r010_020_040_ns32/inference,inference_all/test_row16_0165W7J4.png,inference_errors/test_row16_0165W7J4.png,inference_d21/test_row16_0165W7J4.png,predictions/test_row16_0165W7J4_xyz.npy,predictions/test_row16_0165W7J4_gt.npy,predictions/test_row16_0165W7J4_pred.npy,0.95556640625,0.9621489621489622,0.963176741431936,0.9294558622481993,0.9908424908364418,0.94949494946298,0.903846153788215,0.9942626953112862,0.8571428571168042,0.7499999999601064,0.9479056256515238
PointNetPP,17,test_row17_01FUZ18R,01FUZ18R,upper,/home/htaucare/Tesis_Amaro/data/Teeth_3ds/processed_struct_safe/200000/upper/01FUZ18R,/home/htaucare/Tesis_Amaro/outputs/pointnetpp/grid_pro_runner_v2/exp04_bs8_lr3e4_r010_020_040_ns32/inference,inference_all/test_row17_01FUZ18R.png,inference_errors/test_row17_01FUZ18R.png,inference_d21/test_row17_01FUZ18R.png,predictions/test_row17_01FUZ18R_xyz.npy,predictions/test_row17_01FUZ18R_gt.npy,predictions/test_row17_01FUZ18R_pred.npy,0.96240234375,0.9713064713064713,0.9710630779344728,0.944460596851754,0.9884004883944543,0.9422492400929408,0.8908045976499537,0.9953613281237849,0.8908045976755515,0.8031088082485436,0.9500055387430271
PointNetPP,18,test_row18_014996KX,014996KX,upper,/home/htaucare/Tesis_Amaro/data/Teeth_3ds/processed_struct_safe/200000/upper/014996KX,/home/htaucare/Tesis_Amaro/outputs/pointnetpp/grid_pro_runner_v2/exp04_bs8_lr3e4_r010_020_040_ns32/inference,inference_all/test_row18_014996KX.png,inference_errors/test_row18_014996KX.png,inference_d21/test_row18_014996KX.png,predictions/test_row18_014996KX_xyz.npy,predictions/test_row18_014996KX_gt.npy,predictions/test_row18_014996KX_pred.npy,0.9610595703125,0.9792429792429792,0.9790608309953542,0.9592825963267779,0.99511599510992,0.9689922480244576,0.9398496239894849,0.9951171874987852,0.8620689654875149,0.7575757575298439,0.9690819808427618
PointNetPP,19,test_row19_R8YTI9HB,R8YTI9HB,upper,/home/htaucare/Tesis_Amaro/data/Teeth_3ds/processed_struct_safe/200000/upper/R8YTI9HB,/home/htaucare/Tesis_Amaro/outputs/pointnetpp/grid_pro_runner_v2/exp04_bs8_lr3e4_r010_020_040_ns32/inference,inference_all/test_row19_R8YTI9HB.png,inference_errors/test_row19_R8YTI9HB.png,inference_d21/test_row19_R8YTI9HB.png,predictions/test_row19_R8YTI9HB_xyz.npy,predictions/test_row19_R8YTI9HB_gt.npy,predictions/test_row19_R8YTI9HB_pred.npy,0.959716796875,0.9633699633699634,0.9647308281133281,0.932451138155577,0.9932844932784294,0.9624573378511107,0.92763157888634,0.9954833984362847,0.884012539157241,0.7921348314161721,0.9555241604927817
PointNetPP,21,test_row21_7PQAZ8X1,7PQAZ8X1,upper,/home/htaucare/Tesis_Amaro/data/Teeth_3ds/processed_struct_safe/200000/upper/7PQAZ8X1,/home/htaucare/Tesis_Amaro/outputs/pointnetpp/grid_pro_runner_v2/exp04_bs8_lr3e4_r010_020_040_ns32/inference,inference_all/test_row21_7PQAZ8X1.png,inference_errors/test_row21_7PQAZ8X1.png,inference_d21/test_row21_7PQAZ8X1.png,predictions/test_row21_7PQAZ8X1_xyz.npy,predictions/test_row21_7PQAZ8X1_gt.npy,predictions/test_row21_7PQAZ8X1_pred.npy,0.923583984375,0.9761904761904762,0.9784338445032885,0.9581628405485162,0.9981684981624044,0.9868995632756812,0.9741379309505054,0.9934082031237872,0.8071428571140306,0.6766467065463085,0.9775989529007918
PointNetPP,22,test_row22_9OOBRVB8,9OOBRVB8,upper,/home/htaucare/Tesis_Amaro/data/Teeth_3ds/processed_struct_safe/200000/upper/9OOBRVB8,/home/htaucare/Tesis_Amaro/outputs/pointnetpp/grid_pro_runner_v2/exp04_bs8_lr3e4_r010_020_040_ns32/inference,inference_all/test_row22_9OOBRVB8.png,inference_errors/test_row22_9OOBRVB8.png,inference_d21/test_row22_9OOBRVB8.png,predictions/test_row22_9OOBRVB8_xyz.npy,predictions/test_row22_9OOBRVB8_gt.npy,predictions/test_row22_9OOBRVB8_pred.npy,0.920654296875,0.960927960927961,0.9655682084495852,0.9336987126421639,0.9938949938889262,0.9532710279928378,0.910714285632972,0.9946289062487857,0.8225806451281217,0.69863013693845,0.9514522442693563
PointNetPP,23,test_row23_4J24X0ES,4J24X0ES,upper,/home/htaucare/Tesis_Amaro/data/Teeth_3ds/processed_struct_safe/200000/upper/4J24X0ES,/home/htaucare/Tesis_Amaro/outputs/pointnetpp/grid_pro_runner_v2/exp04_bs8_lr3e4_r010_020_040_ns32/inference,inference_all/test_row23_4J24X0ES.png,inference_errors/test_row23_4J24X0ES.png,inference_d21/test_row23_4J24X0ES.png,predictions/test_row23_4J24X0ES_xyz.npy,predictions/test_row23_4J24X0ES_gt.npy,predictions/test_row23_4J24X0ES_pred.npy,0.90283203125,0.8644688644688645,0.8759982045860124,0.8504247804266417,0.9969474969414106,0.9787234042136713,0.9583333332534723,0.9962158203112839,0.8812260536060833,0.7876712328227622,0.9209674483599992
PointNetPP,24,test_row24_016PTY8K,016PTY8K,upper,/home/htaucare/Tesis_Amaro/data/Teeth_3ds/processed_struct_safe/200000/upper/016PTY8K,/home/htaucare/Tesis_Amaro/outputs/pointnetpp/grid_pro_runner_v2/exp04_bs8_lr3e4_r010_020_040_ns32/inference,inference_all/test_row24_016PTY8K.png,inference_errors/test_row24_016PTY8K.png,inference_d21/test_row24_016PTY8K.png,predictions/test_row24_016PTY8K_xyz.npy,predictions/test_row24_016PTY8K_gt.npy,predictions/test_row24_016PTY8K_pred.npy,0.9573974609375,0.9487179487179487,0.946777395337265,0.8994629825791561,0.9902319902259449,0.9344262294699005,0.8769230768556212,0.9949951171862853,0.8475836430911678,0.7354838709202913,0.9287732092140555
PointNetPP,25,test_row25_38JDN4ZV,38JDN4ZV,upper,/home/htaucare/Tesis_Amaro/data/Teeth_3ds/processed_struct_safe/200000/upper/38JDN4ZV,/home/htaucare/Tesis_Amaro/outputs/pointnetpp/grid_pro_runner_v2/exp04_bs8_lr3e4_r010_020_040_ns32/inference,inference_all/test_row25_38JDN4ZV.png,inference_errors/test_row25_38JDN4ZV.png,inference_d21/test_row25_38JDN4ZV.png,predictions/test_row25_38JDN4ZV_xyz.npy,predictions/test_row25_38JDN4ZV_gt.npy,predictions/test_row25_38JDN4ZV_pred.npy,0.822509765625,0.29853479853479853,0.21419838121377388,0.18875708130125063,0.9975579975519075,0.9888268156148372,0.9779005524321601,0.9962158203112839,0.9194805194566369,0.8509615384206268,0.5951522734361747
PointNetPP,27,test_row27_3HRLKQ4M,3HRLKQ4M,upper,/home/htaucare/Tesis_Amaro/data/Teeth_3ds/processed_struct_safe/200000/upper/3HRLKQ4M,/home/htaucare/Tesis_Amaro/outputs/pointnetpp/grid_pro_runner_v2/exp04_bs8_lr3e4_r010_020_040_ns32/inference,inference_all/test_row27_3HRLKQ4M.png,inference_errors/test_row27_3HRLKQ4M.png,inference_d21/test_row27_3HRLKQ4M.png,predictions/test_row27_3HRLKQ4M_xyz.npy,predictions/test_row27_3HRLKQ4M_gt.npy,predictions/test_row27_3HRLKQ4M_pred.npy,0.9554443359375,0.9688644688644689,0.9663769887843338,0.9356861842990526,0.9908424908364418,0.9392712550227016,0.8854961831385116,0.9947509765612856,0.843636363605686,0.7295597483817886,0.9451514207821974
PointNetPP,29,test_row29_01K5X8CN,01K5X8CN,upper,/home/htaucare/Tesis_Amaro/data/Teeth_3ds/processed_struct_safe/200000/upper/01K5X8CN,/home/htaucare/Tesis_Amaro/outputs/pointnetpp/grid_pro_runner_v2/exp04_bs8_lr3e4_r010_020_040_ns32/inference,inference_all/test_row29_01K5X8CN.png,inference_errors/test_row29_01K5X8CN.png,inference_d21/test_row29_01K5X8CN.png,predictions/test_row29_01K5X8CN_xyz.npy,predictions/test_row29_01K5X8CN_gt.npy,predictions/test_row29_01K5X8CN_pred.npy,0.9432373046875,0.9041514041514042,0.8144987330227249,0.7887066996340668,0.9969474969414106,0.9836065573447997,0.9677419354214359,0.9968261718737831,0.9202453987447777,0.8522727272243027,0.8926046368365979
PointNetPP,30,test_row30_013NXP1H,013NXP1H,upper,/home/htaucare/Tesis_Amaro/data/Teeth_3ds/processed_struct_safe/200000/upper/013NXP1H,/home/htaucare/Tesis_Amaro/outputs/pointnetpp/grid_pro_runner_v2/exp04_bs8_lr3e4_r010_020_040_ns32/inference,inference_all/test_row30_013NXP1H.png,inference_errors/test_row30_013NXP1H.png,inference_d21/test_row30_013NXP1H.png,predictions/test_row30_013NXP1H_xyz.npy,predictions/test_row30_013NXP1H_gt.npy,predictions/test_row30_013NXP1H_pred.npy,0.947998046875,0.9572649572649573,0.9568533892936427,0.9181148709514607,0.9945054944994232,0.9644268774322361,0.9312977098525727,0.9958496093737843,0.8776978416950468,0.7820512820011505,0.9509555037773939
PointNetPP,31,test_row31_211UTGV1,211UTGV1,upper,/home/htaucare/Tesis_Amaro/data/Teeth_3ds/processed_struct_safe/200000/upper/211UTGV1,/home/htaucare/Tesis_Amaro/outputs/pointnetpp/grid_pro_runner_v2/exp04_bs8_lr3e4_r010_020_040_ns32/inference,inference_all/test_row31_211UTGV1.png,inference_errors/test_row31_211UTGV1.png,inference_d21/test_row31_211UTGV1.png,predictions/test_row31_211UTGV1_xyz.npy,predictions/test_row31_211UTGV1_gt.npy,predictions/test_row31_211UTGV1_pred.npy,0.9307861328125,0.9615384615384616,0.9667562681451399,0.935973133015798,0.9926739926679324,0.9433962263705945,0.8928571427774236,0.992797851561288,0.7722007721709575,0.6289308175705075,0.9473804634755317
PointNetPP,32,test_row32_H1HUQBYJ,H1HUQBYJ,upper,/home/htaucare/Tesis_Amaro/data/Teeth_3ds/processed_struct_safe/200000/upper/H1HUQBYJ,/home/htaucare/Tesis_Amaro/outputs/pointnetpp/grid_pro_runner_v2/exp04_bs8_lr3e4_r010_020_040_ns32/inference,inference_all/test_row32_H1HUQBYJ.png,inference_errors/test_row32_H1HUQBYJ.png,inference_d21/test_row32_H1HUQBYJ.png,predictions/test_row32_H1HUQBYJ_xyz.npy,predictions/test_row32_H1HUQBYJ_gt.npy,predictions/test_row32_H1HUQBYJ_pred.npy,0.9537353515625,0.9713064713064713,0.9686341135966734,0.9402286324341323,0.99511599510992,0.9682539682155454,0.9384615383893491,0.9964599609362835,0.8937728937401548,0.8079470198140432,0.9613426706154742
PointNetPP,33,test_row33_5J9O0LG3,5J9O0LG3,upper,/home/htaucare/Tesis_Amaro/data/Teeth_3ds/processed_struct_safe/200000/upper/5J9O0LG3,/home/htaucare/Tesis_Amaro/outputs/pointnetpp/grid_pro_runner_v2/exp04_bs8_lr3e4_r010_020_040_ns32/inference,inference_all/test_row33_5J9O0LG3.png,inference_errors/test_row33_5J9O0LG3.png,inference_d21/test_row33_5J9O0LG3.png,predictions/test_row33_5J9O0LG3_xyz.npy,predictions/test_row33_5J9O0LG3_gt.npy,predictions/test_row33_5J9O0LG3_pred.npy,0.92041015625,0.9786324786324786,0.978989939225979,0.9590172343523123,0.99511599510992,0.9714285713938775,0.944444444378858,0.9921874999987887,0.8095238094997166,0.679999999966,0.9702160790915116
PointNetPP,34,test_row34_01MCNDR0,01MCNDR0,upper,/home/htaucare/Tesis_Amaro/data/Teeth_3ds/processed_struct_safe/200000/upper/01MCNDR0,/home/htaucare/Tesis_Amaro/outputs/pointnetpp/grid_pro_runner_v2/exp04_bs8_lr3e4_r010_020_040_ns32/inference,inference_all/test_row34_01MCNDR0.png,inference_errors/test_row34_01MCNDR0.png,inference_d21/test_row34_01MCNDR0.png,predictions/test_row34_01MCNDR0_xyz.npy,predictions/test_row34_01MCNDR0_gt.npy,predictions/test_row34_01MCNDR0_pred.npy,0.956787109375,0.9822954822954822,0.9827117459198337,0.9664306264346016,0.9945054944994232,0.9752066115433827,0.9516129031746444,0.9978027343737819,0.9516129032002254,0.9076923076457594,0.9748888988603002
PointNetPP,35,test_row35_01DXDP2R,01DXDP2R,upper,/home/htaucare/Tesis_Amaro/data/Teeth_3ds/processed_struct_safe/200000/upper/01DXDP2R,/home/htaucare/Tesis_Amaro/outputs/pointnetpp/grid_pro_runner_v2/exp04_bs8_lr3e4_r010_020_040_ns32/inference,inference_all/test_row35_01DXDP2R.png,inference_errors/test_row35_01DXDP2R.png,inference_d21/test_row35_01DXDP2R.png,predictions/test_row35_01DXDP2R_xyz.npy,predictions/test_row35_01DXDP2R_gt.npy,predictions/test_row35_01DXDP2R_pred.npy,0.912841796875,0.7576312576312576,0.7400768103387997,0.7158313930190956,0.9999999999938951,0.9999999999757281,0.9999999999514563,0.9962158203112839,0.9300225733424374,0.8691983121996119,0.8639770508273379
PointNetPP,36,test_row36_V5KEFD0N,V5KEFD0N,upper,/home/htaucare/Tesis_Amaro/data/Teeth_3ds/processed_struct_safe/200000/upper/V5KEFD0N,/home/htaucare/Tesis_Amaro/outputs/pointnetpp/grid_pro_runner_v2/exp04_bs8_lr3e4_r010_020_040_ns32/inference,inference_all/test_row36_V5KEFD0N.png,inference_errors/test_row36_V5KEFD0N.png,inference_d21/test_row36_V5KEFD0N.png,predictions/test_row36_V5KEFD0N_xyz.npy,predictions/test_row36_V5KEFD0N_gt.npy,predictions/test_row36_V5KEFD0N_pred.npy,0.95361328125,0.978021978021978,0.976549193053491,0.9545011100867141,0.9938949938889262,0.9662162161835738,0.9346405228147293,0.9947509765612856,0.8693009118276808,0.768817204259741,0.9658706838768382
PointNetPP,37,test_row37_ZM8PCSK6,ZM8PCSK6,upper,/home/htaucare/Tesis_Amaro/data/Teeth_3ds/processed_struct_safe/200000/upper/ZM8PCSK6,/home/htaucare/Tesis_Amaro/outputs/pointnetpp/grid_pro_runner_v2/exp04_bs8_lr3e4_r010_020_040_ns32/inference,inference_all/test_row37_ZM8PCSK6.png,inference_errors/test_row37_ZM8PCSK6.png,inference_d21/test_row37_ZM8PCSK6.png,predictions/test_row37_ZM8PCSK6_xyz.npy,predictions/test_row37_ZM8PCSK6_gt.npy,predictions/test_row37_ZM8PCSK6_pred.npy,0.8284912109375,0.47680097680097683,0.5095043933642851,0.47950793063318153,0.9957264957204168,0.9756097560635676,0.9523809523161645,0.9913330078112897,0.7977207976980706,0.6635071089732935,0.7350579590311505
PointNetPP,38,test_row38_J8YGBFK2,J8YGBFK2,upper,/home/htaucare/Tesis_Amaro/data/Teeth_3ds/processed_struct_safe/200000/upper/J8YGBFK2,/home/htaucare/Tesis_Amaro/outputs/pointnetpp/grid_pro_runner_v2/exp04_bs8_lr3e4_r010_020_040_ns32/inference,inference_all/test_row38_J8YGBFK2.png,inference_errors/test_row38_J8YGBFK2.png,inference_d21/test_row38_J8YGBFK2.png,predictions/test_row38_J8YGBFK2_xyz.npy,predictions/test_row38_J8YGBFK2_gt.npy,predictions/test_row38_J8YGBFK2_pred.npy,0.9561767578125,0.9700854700854701,0.9693437463597411,0.9414572422549862,0.9938949938889262,0.9537037036595507,0.911504424698097,0.9975585937487822,0.911504424738429,0.8373983739156587,0.9545520989834572
PointNetPP,39,test_row39_TZ2JPAJT,TZ2JPAJT,upper,/home/htaucare/Tesis_Amaro/data/Teeth_3ds/processed_struct_safe/200000/upper/TZ2JPAJT,/home/htaucare/Tesis_Amaro/outputs/pointnetpp/grid_pro_runner_v2/exp04_bs8_lr3e4_r010_020_040_ns32/inference,inference_all/test_row39_TZ2JPAJT.png,inference_errors/test_row39_TZ2JPAJT.png,inference_d21/test_row39_TZ2JPAJT.png,predictions/test_row39_TZ2JPAJT_xyz.npy,predictions/test_row39_TZ2JPAJT_gt.npy,predictions/test_row39_TZ2JPAJT_pred.npy,0.920654296875,0.9688644688644689,0.9722341408584274,0.9462994947668963,0.9932844932784294,0.9657320871973292,0.933734939702787,0.9942626953112862,0.8683473389112507,0.7673267326352808,0.9624994525049955
PointNetPP,40,test_row40_B5GFZIRW,B5GFZIRW,upper,/home/htaucare/Tesis_Amaro/data/Teeth_3ds/processed_struct_safe/200000/upper/B5GFZIRW,/home/htaucare/Tesis_Amaro/outputs/pointnetpp/grid_pro_runner_v2/exp04_bs8_lr3e4_r010_020_040_ns32/inference,inference_all/test_row40_B5GFZIRW.png,inference_errors/test_row40_B5GFZIRW.png,inference_d21/test_row40_B5GFZIRW.png,predictions/test_row40_B5GFZIRW_xyz.npy,predictions/test_row40_B5GFZIRW_gt.npy,predictions/test_row40_B5GFZIRW_pred.npy,0.90283203125,0.9597069597069597,0.9617921591203843,0.9275634862069572,0.9969474969414106,0.978902953545194,0.9586776858711837,0.9923095703112886,0.7864406779394427,0.6480446927012266,0.9617903881044323
PointNetPP,41,test_row41_Z6BKBK3G,Z6BKBK3G,upper,/home/htaucare/Tesis_Amaro/data/Teeth_3ds/processed_struct_safe/200000/upper/Z6BKBK3G,/home/htaucare/Tesis_Amaro/outputs/pointnetpp/grid_pro_runner_v2/exp04_bs8_lr3e4_r010_020_040_ns32/inference,inference_all/test_row41_Z6BKBK3G.png,inference_errors/test_row41_Z6BKBK3G.png,inference_d21/test_row41_Z6BKBK3G.png,predictions/test_row41_Z6BKBK3G_xyz.npy,predictions/test_row41_Z6BKBK3G_gt.npy,predictions/test_row41_Z6BKBK3G_pred.npy,0.9300537109375,0.9713064713064713,0.9708954973413383,0.9440279249989035,0.9914529914469387,0.9477611939944864,0.9007092197942759,0.9932861328112874,0.8220064724653072,0.697802197763857,0.9526114525823036
PointNetPP,42,test_row42_C928TR28,C928TR28,upper,/home/htaucare/Tesis_Amaro/data/Teeth_3ds/processed_struct_safe/200000/upper/C928TR28,/home/htaucare/Tesis_Amaro/outputs/pointnetpp/grid_pro_runner_v2/exp04_bs8_lr3e4_r010_020_040_ns32/inference,inference_all/test_row42_C928TR28.png,inference_errors/test_row42_C928TR28.png,inference_d21/test_row42_C928TR28.png,predictions/test_row42_C928TR28_xyz.npy,predictions/test_row42_C928TR28_gt.npy,predictions/test_row42_C928TR28_pred.npy,0.965576171875,0.9841269841269841,0.9839656034549965,0.9685202233587483,0.99511599510992,0.9761904761614228,0.9534883720375879,0.9964599609362835,0.9187675069770653,0.849740932598459,0.9762166947841476
PointNetPP,43,test_row43_UKH51GS2,UKH51GS2,upper,/home/htaucare/Tesis_Amaro/data/Teeth_3ds/processed_struct_safe/200000/upper/UKH51GS2,/home/htaucare/Tesis_Amaro/outputs/pointnetpp/grid_pro_runner_v2/exp04_bs8_lr3e4_r010_020_040_ns32/inference,inference_all/test_row43_UKH51GS2.png,inference_errors/test_row43_UKH51GS2.png,inference_d21/test_row43_UKH51GS2.png,predictions/test_row43_UKH51GS2_xyz.npy,predictions/test_row43_UKH51GS2_gt.npy,predictions/test_row43_UKH51GS2_pred.npy,0.9002685546875,0.978021978021978,0.9782639902765958,0.9577110376503402,0.9938949938889262,0.9603174602793525,0.9236641220668959,0.9909667968737902,0.7658227847858917,0.6205128204809993,0.9641524871214102
PointNetPP,44,test_row44_01KAS2KD,01KAS2KD,upper,/home/htaucare/Tesis_Amaro/data/Teeth_3ds/processed_struct_safe/200000/upper/01KAS2KD,/home/htaucare/Tesis_Amaro/outputs/pointnetpp/grid_pro_runner_v2/exp04_bs8_lr3e4_r010_020_040_ns32/inference,inference_all/test_row44_01KAS2KD.png,inference_errors/test_row44_01KAS2KD.png,inference_d21/test_row44_01KAS2KD.png,predictions/test_row44_01KAS2KD_xyz.npy,predictions/test_row44_01KAS2KD_gt.npy,predictions/test_row44_01KAS2KD_pred.npy,0.9580078125,0.9700854700854701,0.9710013258871669,0.9442744040269205,0.9908424908364418,0.9425287355960716,0.8913043477614996,0.9947509765612856,0.8512110726349061,0.7409638553770503,0.9500833002765576
PointNetPP,46,test_row46_WQOGLZY4,WQOGLZY4,upper,/home/htaucare/Tesis_Amaro/data/Teeth_3ds/processed_struct_safe/200000/upper/WQOGLZY4,/home/htaucare/Tesis_Amaro/outputs/pointnetpp/grid_pro_runner_v2/exp04_bs8_lr3e4_r010_020_040_ns32/inference,inference_all/test_row46_WQOGLZY4.png,inference_errors/test_row46_WQOGLZY4.png,inference_d21/test_row46_WQOGLZY4.png,predictions/test_row46_WQOGLZY4_xyz.npy,predictions/test_row46_WQOGLZY4_gt.npy,predictions/test_row46_WQOGLZY4_pred.npy,0.9302978515625,0.9706959706959707,0.9727077002264991,0.9472566678051377,0.99511599510992,0.9626168223849244,0.9279279278443309,0.9913330078112897,0.7436823104424664,0.5919540229544854,0.9612995032003714
PointNetPP,47,test_row47_EUCFQ9KW,EUCFQ9KW,upper,/home/htaucare/Tesis_Amaro/data/Teeth_3ds/processed_struct_safe/200000/upper/EUCFQ9KW,/home/htaucare/Tesis_Amaro/outputs/pointnetpp/grid_pro_runner_v2/exp04_bs8_lr3e4_r010_020_040_ns32/inference,inference_all/test_row47_EUCFQ9KW.png,inference_errors/test_row47_EUCFQ9KW.png,inference_d21/test_row47_EUCFQ9KW.png,predictions/test_row47_EUCFQ9KW_xyz.npy,predictions/test_row47_EUCFQ9KW_gt.npy,predictions/test_row47_EUCFQ9KW_pred.npy,0.9488525390625,0.9768009768009768,0.9762310469158871,0.9540065025785971,0.9975579975519075,0.9880239520662268,0.9763313608889744,0.9951171874987852,0.8918918918677867,0.8048780487412255,0.9765713634067344
PointNetPP,48,test_row48_LE4E8YWJ,LE4E8YWJ,upper,/home/htaucare/Tesis_Amaro/data/Teeth_3ds/processed_struct_safe/200000/upper/LE4E8YWJ,/home/htaucare/Tesis_Amaro/outputs/pointnetpp/grid_pro_runner_v2/exp04_bs8_lr3e4_r010_020_040_ns32/inference,inference_all/test_row48_LE4E8YWJ.png,inference_errors/test_row48_LE4E8YWJ.png,inference_d21/test_row48_LE4E8YWJ.png,predictions/test_row48_LE4E8YWJ_xyz.npy,predictions/test_row48_LE4E8YWJ_gt.npy,predictions/test_row48_LE4E8YWJ_pred.npy,0.9583740234375,0.9792429792429792,0.9779254837664118,0.9571729071816105,0.9945054944994232,0.9655172413423173,0.9333333332641974,0.9967041015612832,0.9032258064192392,0.8235294117108803,0.9665332184081643
PointNetPP,49,test_row49_01FAXM1D,01FAXM1D,upper,/home/htaucare/Tesis_Amaro/data/Teeth_3ds/processed_struct_safe/200000/upper/01FAXM1D,/home/htaucare/Tesis_Amaro/outputs/pointnetpp/grid_pro_runner_v2/exp04_bs8_lr3e4_r010_020_040_ns32/inference,inference_all/test_row49_01FAXM1D.png,inference_errors/test_row49_01FAXM1D.png,inference_d21/test_row49_01FAXM1D.png,predictions/test_row49_01FAXM1D_xyz.npy,predictions/test_row49_01FAXM1D_gt.npy,predictions/test_row49_01FAXM1D_pred.npy,0.9437255859375,0.9725274725274725,0.9757404795787666,0.9535220928813601,0.9877899877839574,0.9328859060089635,0.8742138364230054,0.995239257811285,0.8769716088051428,0.7808988763606236,0.9487585961195135
PointNetPP,50,test_row50_RTPHYQ5V,RTPHYQ5V,upper,/home/htaucare/Tesis_Amaro/data/Teeth_3ds/processed_struct_safe/200000/upper/RTPHYQ5V,/home/htaucare/Tesis_Amaro/outputs/pointnetpp/grid_pro_runner_v2/exp04_bs8_lr3e4_r010_020_040_ns32/inference,inference_all/test_row50_RTPHYQ5V.png,inference_errors/test_row50_RTPHYQ5V.png,inference_d21/test_row50_RTPHYQ5V.png,predictions/test_row50_RTPHYQ5V_xyz.npy,predictions/test_row50_RTPHYQ5V_gt.npy,predictions/test_row50_RTPHYQ5V_pred.npy,0.960693359375,0.9560439560439561,0.8843467009368484,0.8495718032113879,0.99511599510992,0.9764705882065744,0.9540229884509182,0.9959716796862841,0.9095890410709702,0.8341708542294386,0.9217149201403463
PointNetPP,51,test_row51_M7RTPNPC,M7RTPNPC,upper,/home/htaucare/Tesis_Amaro/data/Teeth_3ds/processed_struct_safe/200000/upper/M7RTPNPC,/home/htaucare/Tesis_Amaro/outputs/pointnetpp/grid_pro_runner_v2/exp04_bs8_lr3e4_r010_020_040_ns32/inference,inference_all/test_row51_M7RTPNPC.png,inference_errors/test_row51_M7RTPNPC.png,inference_d21/test_row51_M7RTPNPC.png,predictions/test_row51_M7RTPNPC_xyz.npy,predictions/test_row51_M7RTPNPC_gt.npy,predictions/test_row51_M7RTPNPC_pred.npy,0.9337158203125,0.9719169719169719,0.9755323010277295,0.9527978593691808,0.9926739926679324,0.9612903225496358,0.9254658384518344,0.9935302734362871,0.8490028489786609,0.7376237623397216,0.9627277013740454
PointNetPP,52,test_row52_AQLXAN8L,AQLXAN8L,upper,/home/htaucare/Tesis_Amaro/data/Teeth_3ds/processed_struct_safe/200000/upper/AQLXAN8L,/home/htaucare/Tesis_Amaro/outputs/pointnetpp/grid_pro_runner_v2/exp04_bs8_lr3e4_r010_020_040_ns32/inference,inference_all/test_row52_AQLXAN8L.png,inference_errors/test_row52_AQLXAN8L.png,inference_d21/test_row52_AQLXAN8L.png,predictions/test_row52_AQLXAN8L_xyz.npy,predictions/test_row52_AQLXAN8L_gt.npy,predictions/test_row52_AQLXAN8L_pred.npy,0.9461669921875,0.9664224664224664,0.9678235402322202,0.938289931264496,0.9945054944994232,0.9662921347952699,0.9347826086279143,0.9971923828112826,0.9181494661594964,0.8486842104704813,0.959674435271814
PointNetPP,53,test_row53_L8IYFLQP,L8IYFLQP,upper,/home/htaucare/Tesis_Amaro/data/Teeth_3ds/processed_struct_safe/200000/upper/L8IYFLQP,/home/htaucare/Tesis_Amaro/outputs/pointnetpp/grid_pro_runner_v2/exp04_bs8_lr3e4_r010_020_040_ns32/inference,inference_all/test_row53_L8IYFLQP.png,inference_errors/test_row53_L8IYFLQP.png,inference_d21/test_row53_L8IYFLQP.png,predictions/test_row53_L8IYFLQP_xyz.npy,predictions/test_row53_L8IYFLQP_gt.npy,predictions/test_row53_L8IYFLQP_pred.npy,0.9552001953125,0.9548229548229549,0.959235620370037,0.9225646260918418,0.9914529914469387,0.9453124999630736,0.8962962962299039,0.9934082031237872,0.817567567539947,0.6914285713890612,0.9431063115970065
PointNetPP,54,test_row54_CK45DVLG,CK45DVLG,upper,/home/htaucare/Tesis_Amaro/data/Teeth_3ds/processed_struct_safe/200000/upper/CK45DVLG,/home/htaucare/Tesis_Amaro/outputs/pointnetpp/grid_pro_runner_v2/exp04_bs8_lr3e4_r010_020_040_ns32/inference,inference_all/test_row54_CK45DVLG.png,inference_errors/test_row54_CK45DVLG.png,inference_d21/test_row54_CK45DVLG.png,predictions/test_row54_CK45DVLG_xyz.npy,predictions/test_row54_CK45DVLG_gt.npy,predictions/test_row54_CK45DVLG_pred.npy,0.93505859375,0.9682539682539683,0.9704860409795701,0.943433472352065,0.99511599510992,0.969230769193491,0.940298507392515,0.9915771484362895,0.7850467289475063,0.64615384612071,0.9630952629296543
PointNetPP,55,test_row55_0154T9CN,0154T9CN,upper,/home/htaucare/Tesis_Amaro/data/Teeth_3ds/processed_struct_safe/200000/upper/0154T9CN,/home/htaucare/Tesis_Amaro/outputs/pointnetpp/grid_pro_runner_v2/exp04_bs8_lr3e4_r010_020_040_ns32/inference,inference_all/test_row55_0154T9CN.png,inference_errors/test_row55_0154T9CN.png,inference_d21/test_row55_0154T9CN.png,predictions/test_row55_0154T9CN_xyz.npy,predictions/test_row55_0154T9CN_gt.npy,predictions/test_row55_0154T9CN_pred.npy,0.9503173828125,0.9798534798534798,0.9808982288351599,0.9628499960861245,0.9981684981624044,0.9912536442859693,0.9826589594807711,0.9918212890612892,0.83538083536031,0.717299578028806,0.9815638783733057
PointNetPP,56,test_row56_APLDXK7R,APLDXK7R,upper,/home/htaucare/Tesis_Amaro/data/Teeth_3ds/processed_struct_safe/200000/upper/APLDXK7R,/home/htaucare/Tesis_Amaro/outputs/pointnetpp/grid_pro_runner_v2/exp04_bs8_lr3e4_r010_020_040_ns32/inference,inference_all/test_row56_APLDXK7R.png,inference_errors/test_row56_APLDXK7R.png,inference_d21/test_row56_APLDXK7R.png,predictions/test_row56_APLDXK7R_xyz.npy,predictions/test_row56_APLDXK7R_gt.npy,predictions/test_row56_APLDXK7R_pred.npy,0.8404541015625,0.43284493284493286,0.41125449475772,0.3934963408201085,0.9877899877839574,0.9504950494814234,0.9056603773157706,0.9942626953112862,0.8909512760814164,0.8033472803011151,0.6764352336351688
PointNetPP,57,test_row57_ENQ0R553,ENQ0R553,upper,/home/htaucare/Tesis_Amaro/data/Teeth_3ds/processed_struct_safe/200000/upper/ENQ0R553,/home/htaucare/Tesis_Amaro/outputs/pointnetpp/grid_pro_runner_v2/exp04_bs8_lr3e4_r010_020_040_ns32/inference,inference_all/test_row57_ENQ0R553.png,inference_errors/test_row57_ENQ0R553.png,inference_d21/test_row57_ENQ0R553.png,predictions/test_row57_ENQ0R553_xyz.npy,predictions/test_row57_ENQ0R553_gt.npy,predictions/test_row57_ENQ0R553_pred.npy,0.963623046875,0.9755799755799756,0.9746497789342605,0.9507596180927181,0.9938949938889262,0.9683544303491027,0.9386503066908803,0.9957275390612844,0.8973607037860011,0.8138297871907537,0.965529564431296
PointNetPP,58,test_row58_VR3C4L0M,VR3C4L0M,upper,/home/htaucare/Tesis_Amaro/data/Teeth_3ds/processed_struct_safe/200000/upper/VR3C4L0M,/home/htaucare/Tesis_Amaro/outputs/pointnetpp/grid_pro_runner_v2/exp04_bs8_lr3e4_r010_020_040_ns32/inference,inference_all/test_row58_VR3C4L0M.png,inference_errors/test_row58_VR3C4L0M.png,inference_d21/test_row58_VR3C4L0M.png,predictions/test_row58_VR3C4L0M_xyz.npy,predictions/test_row58_VR3C4L0M_gt.npy,predictions/test_row58_VR3C4L0M_pred.npy,0.9088134765625,0.9725274725274725,0.977318571781258,0.9560108713674486,0.9945054944994232,0.9672727272375536,0.9366197182439,0.987915039061294,0.728767123267705,0.5732758620442553,0.9669687244059535
PointNetPP,59,test_row59_PBG8YZJ9,PBG8YZJ9,upper,/home/htaucare/Tesis_Amaro/data/Teeth_3ds/processed_struct_safe/200000/upper/PBG8YZJ9,/home/htaucare/Tesis_Amaro/outputs/pointnetpp/grid_pro_runner_v2/exp04_bs8_lr3e4_r010_020_040_ns32/inference,inference_all/test_row59_PBG8YZJ9.png,inference_errors/test_row59_PBG8YZJ9.png,inference_d21/test_row59_PBG8YZJ9.png,predictions/test_row59_PBG8YZJ9_xyz.npy,predictions/test_row59_PBG8YZJ9_gt.npy,predictions/test_row59_PBG8YZJ9_pred.npy,0.9349365234375,0.9664224664224664,0.9678008390336943,0.9383501877931734,0.9957264957204168,0.9729729729354064,0.9473684209814008,0.9918212890612892,0.7899686520128536,0.6528497408988161,0.9630242431744201
PointNetPP,60,test_row60_01KRCSKD,01KRCSKD,upper,/home/htaucare/Tesis_Amaro/data/Teeth_3ds/processed_struct_safe/200000/upper/01KRCSKD,/home/htaucare/Tesis_Amaro/outputs/pointnetpp/grid_pro_runner_v2/exp04_bs8_lr3e4_r010_020_040_ns32/inference,inference_all/test_row60_01KRCSKD.png,inference_errors/test_row60_01KRCSKD.png,inference_d21/test_row60_01KRCSKD.png,predictions/test_row60_01KRCSKD_xyz.npy,predictions/test_row60_01KRCSKD_gt.npy,predictions/test_row60_01KRCSKD_pred.npy,0.927490234375,0.8644688644688645,0.8402772277960817,0.7827493477294595,0.9945054944994232,0.9660377358126023,0.9343065692748681,0.9948730468737854,0.8590604026557362,0.7529411764262975,0.8887755117876864
PointNetPP,61,test_row61_013ZD6EX,013ZD6EX,upper,/home/htaucare/Tesis_Amaro/data/Teeth_3ds/processed_struct_safe/200000/upper/013ZD6EX,/home/htaucare/Tesis_Amaro/outputs/pointnetpp/grid_pro_runner_v2/exp04_bs8_lr3e4_r010_020_040_ns32/inference,inference_all/test_row61_013ZD6EX.png,inference_errors/test_row61_013ZD6EX.png,inference_d21/test_row61_013ZD6EX.png,predictions/test_row61_013ZD6EX_xyz.npy,predictions/test_row61_013ZD6EX_gt.npy,predictions/test_row61_013ZD6EX_pred.npy,0.963134765625,0.9682539682539683,0.9734286652283136,0.9489561977308529,0.9914529914469387,0.955128205097592,0.9141104293917723,0.9967041015612832,0.9169230768948639,0.8465909090428073,0.9581603182885876
PointNetPP,62,test_row62_202Z1L1N,202Z1L1N,upper,/home/htaucare/Tesis_Amaro/data/Teeth_3ds/processed_struct_safe/200000/upper/202Z1L1N,/home/htaucare/Tesis_Amaro/outputs/pointnetpp/grid_pro_runner_v2/exp04_bs8_lr3e4_r010_020_040_ns32/inference,inference_all/test_row62_202Z1L1N.png,inference_errors/test_row62_202Z1L1N.png,inference_d21/test_row62_202Z1L1N.png,predictions/test_row62_202Z1L1N_xyz.npy,predictions/test_row62_202Z1L1N_gt.npy,predictions/test_row62_202Z1L1N_pred.npy,0.8626708984375,0.7155067155067155,0.693839356815717,0.648349649302794,0.9932844932784294,0.9511111110688395,0.9067796609401034,0.9931640624987875,0.7925925925632373,0.6564417177511385,0.8111028070640476
PointNetPP,63,test_row63_9U19TREK,9U19TREK,upper,/home/htaucare/Tesis_Amaro/data/Teeth_3ds/processed_struct_safe/200000/upper/9U19TREK,/home/htaucare/Tesis_Amaro/outputs/pointnetpp/grid_pro_runner_v2/exp04_bs8_lr3e4_r010_020_040_ns32/inference,inference_all/test_row63_9U19TREK.png,inference_errors/test_row63_9U19TREK.png,inference_d21/test_row63_9U19TREK.png,predictions/test_row63_9U19TREK_xyz.npy,predictions/test_row63_9U19TREK_gt.npy,predictions/test_row63_9U19TREK_pred.npy,0.9586181640625,0.9804639804639804,0.979541302571308,0.960154381271909,0.9926739926679324,0.9659090908816503,0.9340659340146117,0.996093749998784,0.9139784945990865,0.841584158374179,0.9678784664016294
PointNetPP,64,test_row64_01AS9ER0,01AS9ER0,upper,/home/htaucare/Tesis_Amaro/data/Teeth_3ds/processed_struct_safe/200000/upper/01AS9ER0,/home/htaucare/Tesis_Amaro/outputs/pointnetpp/grid_pro_runner_v2/exp04_bs8_lr3e4_r010_020_040_ns32/inference,inference_all/test_row64_01AS9ER0.png,inference_errors/test_row64_01AS9ER0.png,inference_d21/test_row64_01AS9ER0.png,predictions/test_row64_01AS9ER0_xyz.npy,predictions/test_row64_01AS9ER0_gt.npy,predictions/test_row64_01AS9ER0_pred.npy,0.9542236328125,0.9719169719169719,0.9709674890539127,0.9437102868889607,0.9963369963309138,0.9673913042952504,0.936842105164543,0.9975585937487822,0.8989898989444954,0.8165137613929805,0.9623650961333436
PointNetPP,65,test_row65_08VJ02L0,08VJ02L0,upper,/home/htaucare/Tesis_Amaro/data/Teeth_3ds/processed_struct_safe/200000/upper/08VJ02L0,/home/htaucare/Tesis_Amaro/outputs/pointnetpp/grid_pro_runner_v2/exp04_bs8_lr3e4_r010_020_040_ns32/inference,inference_all/test_row65_08VJ02L0.png,inference_errors/test_row65_08VJ02L0.png,inference_d21/test_row65_08VJ02L0.png,predictions/test_row65_08VJ02L0_xyz.npy,predictions/test_row65_08VJ02L0_gt.npy,predictions/test_row65_08VJ02L0_pred.npy,0.919677734375,0.7625152625152625,0.7436388117722122,0.7179892010502683,0.9920634920574356,0.9609609609321033,0.9248554912760198,0.996093749998784,0.9090909090650826,0.8333333332899305,0.8458874836716718
PointNetPP,66,test_row66_01FC0082,01FC0082,upper,/home/htaucare/Tesis_Amaro/data/Teeth_3ds/processed_struct_safe/200000/upper/01FC0082,/home/htaucare/Tesis_Amaro/outputs/pointnetpp/grid_pro_runner_v2/exp04_bs8_lr3e4_r010_020_040_ns32/inference,inference_all/test_row66_01FC0082.png,inference_errors/test_row66_01FC0082.png,inference_d21/test_row66_01FC0082.png,predictions/test_row66_01FC0082_xyz.npy,predictions/test_row66_01FC0082_gt.npy,predictions/test_row66_01FC0082_pred.npy,0.95556640625,0.9774114774114774,0.979615290905987,0.9603880429623888,0.9902319902259449,0.9605911329812662,0.9241706160699444,0.9930419921862877,0.8724832214569914,0.7738095237788171,0.965296399957727
PointNetPP,67,test_row67_56R9FBMK,56R9FBMK,upper,/home/htaucare/Tesis_Amaro/data/Teeth_3ds/processed_struct_safe/200000/upper/56R9FBMK,/home/htaucare/Tesis_Amaro/outputs/pointnetpp/grid_pro_runner_v2/exp04_bs8_lr3e4_r010_020_040_ns32/inference,inference_all/test_row67_56R9FBMK.png,inference_errors/test_row67_56R9FBMK.png,inference_d21/test_row67_56R9FBMK.png,predictions/test_row67_56R9FBMK_xyz.npy,predictions/test_row67_56R9FBMK_gt.npy,predictions/test_row67_56R9FBMK_pred.npy,0.9547119140625,0.981074481074481,0.984085483047062,0.9689040044261527,0.99511599510992,0.972027971993985,0.945578231228192,0.9954833984362847,0.8825396825116654,0.7897727272278537,0.9742613578652962
PointNetPP,68,test_row68_SW62DGWI,SW62DGWI,upper,/home/htaucare/Tesis_Amaro/data/Teeth_3ds/processed_struct_safe/200000/upper/SW62DGWI,/home/htaucare/Tesis_Amaro/outputs/pointnetpp/grid_pro_runner_v2/exp04_bs8_lr3e4_r010_020_040_ns32/inference,inference_all/test_row68_SW62DGWI.png,inference_errors/test_row68_SW62DGWI.png,inference_d21/test_row68_SW62DGWI.png,predictions/test_row68_SW62DGWI_xyz.npy,predictions/test_row68_SW62DGWI_gt.npy,predictions/test_row68_SW62DGWI_pred.npy,0.9603271484375,0.9804639804639804,0.9815423150311197,0.9639888823818168,0.9926739926679324,0.971153846130501,0.9439252336007511,0.9956054687487845,0.9181818181609503,0.848739495762658,0.9719597224184846
PointNetPP,69,test_row69_6X24ILNE,6X24ILNE,upper,/home/htaucare/Tesis_Amaro/data/Teeth_3ds/processed_struct_safe/200000/upper/6X24ILNE,/home/htaucare/Tesis_Amaro/outputs/pointnetpp/grid_pro_runner_v2/exp04_bs8_lr3e4_r010_020_040_ns32/inference,inference_all/test_row69_6X24ILNE.png,inference_errors/test_row69_6X24ILNE.png,inference_d21/test_row69_6X24ILNE.png,predictions/test_row69_6X24ILNE_xyz.npy,predictions/test_row69_6X24ILNE_gt.npy,predictions/test_row69_6X24ILNE_pred.npy,0.8614501953125,0.9194139194139194,0.9288017427156859,0.8766094589295587,0.9945054944994232,0.9599999999573333,0.9230769229980277,0.9910888671862901,0.7474048442647957,0.5966850828399621,0.9313528003899778
PointNetPP,70,test_row70_BIIEY91S,BIIEY91S,upper,/home/htaucare/Tesis_Amaro/data/Teeth_3ds/processed_struct_safe/200000/upper/BIIEY91S,/home/htaucare/Tesis_Amaro/outputs/pointnetpp/grid_pro_runner_v2/exp04_bs8_lr3e4_r010_020_040_ns32/inference,inference_all/test_row70_BIIEY91S.png,inference_errors/test_row70_BIIEY91S.png,inference_d21/test_row70_BIIEY91S.png,predictions/test_row70_BIIEY91S_xyz.npy,predictions/test_row70_BIIEY91S_gt.npy,predictions/test_row70_BIIEY91S_pred.npy,0.940673828125,0.9658119658119658,0.9605710098664002,0.9251100647711681,0.9920634920574356,0.9456066945211042,0.8968253967542202,0.9968261718737831,0.8968253967898084,0.8129496402292842,0.9442236159199442
PointNetPP,71,test_row71_3EU06ZN9,3EU06ZN9,upper,/home/htaucare/Tesis_Amaro/data/Teeth_3ds/processed_struct_safe/200000/upper/3EU06ZN9,/home/htaucare/Tesis_Amaro/outputs/pointnetpp/grid_pro_runner_v2/exp04_bs8_lr3e4_r010_020_040_ns32/inference,inference_all/test_row71_3EU06ZN9.png,inference_errors/test_row71_3EU06ZN9.png,inference_d21/test_row71_3EU06ZN9.png,predictions/test_row71_3EU06ZN9_xyz.npy,predictions/test_row71_3EU06ZN9_gt.npy,predictions/test_row71_3EU06ZN9_pred.npy,0.911865234375,0.7796092796092796,0.6965972861055458,0.6366087230463597,0.9035409035353875,0.10227272726691632,0.05389221556563519,0.9776611328113065,0.0895522388015148,0.04687499999755859,0.3844378659214346
PointNetPP,72,test_row72_QQKBAWLF,QQKBAWLF,upper,/home/htaucare/Tesis_Amaro/data/Teeth_3ds/processed_struct_safe/200000/upper/QQKBAWLF,/home/htaucare/Tesis_Amaro/outputs/pointnetpp/grid_pro_runner_v2/exp04_bs8_lr3e4_r010_020_040_ns32/inference,inference_all/test_row72_QQKBAWLF.png,inference_errors/test_row72_QQKBAWLF.png,inference_d21/test_row72_QQKBAWLF.png,predictions/test_row72_QQKBAWLF_xyz.npy,predictions/test_row72_QQKBAWLF_gt.npy,predictions/test_row72_QQKBAWLF_pred.npy,0.857421875,0.7680097680097681,0.6947769077778502,0.5985229850244834,0.9798534798474979,0.8571428571057513,0.7499999999431818,0.9801025390613035,0.5484764542784355,0.3778625954054251,0.7518964017534591
PointNetPP,73,test_row73_1LYSVDBP,1LYSVDBP,upper,/home/htaucare/Tesis_Amaro/data/Teeth_3ds/processed_struct_safe/200000/upper/1LYSVDBP,/home/htaucare/Tesis_Amaro/outputs/pointnetpp/grid_pro_runner_v2/exp04_bs8_lr3e4_r010_020_040_ns32/inference,inference_all/test_row73_1LYSVDBP.png,inference_errors/test_row73_1LYSVDBP.png,inference_d21/test_row73_1LYSVDBP.png,predictions/test_row73_1LYSVDBP_xyz.npy,predictions/test_row73_1LYSVDBP_gt.npy,predictions/test_row73_1LYSVDBP_pred.npy,0.9578857421875,0.9871794871794872,0.9871653988501403,0.974771731677709,0.9963369963309138,0.9814814814511889,0.9636363635779613,0.9957275390612844,0.9008498583314206,0.8195876288237326,0.9812250233575568
PointNetPP,74,test_row74_K6LK1YRK,K6LK1YRK,upper,/home/htaucare/Tesis_Amaro/data/Teeth_3ds/processed_struct_safe/200000/upper/K6LK1YRK,/home/htaucare/Tesis_Amaro/outputs/pointnetpp/grid_pro_runner_v2/exp04_bs8_lr3e4_r010_020_040_ns32/inference,inference_all/test_row74_K6LK1YRK.png,inference_errors/test_row74_K6LK1YRK.png,inference_d21/test_row74_K6LK1YRK.png,predictions/test_row74_K6LK1YRK_xyz.npy,predictions/test_row74_K6LK1YRK_gt.npy,predictions/test_row74_K6LK1YRK_pred.npy,0.9573974609375,0.9633699633699634,0.962318068246699,0.9280499963579063,0.9969474969414106,0.9819494584483051,0.9645390070237915,0.9959716796862841,0.8918032786592851,0.8047337277630334,0.9635667453753038
PointNetPP,75,test_row75_019GGYZ4,019GGYZ4,upper,/home/htaucare/Tesis_Amaro/data/Teeth_3ds/processed_struct_safe/200000/upper/019GGYZ4,/home/htaucare/Tesis_Amaro/outputs/pointnetpp/grid_pro_runner_v2/exp04_bs8_lr3e4_r010_020_040_ns32/inference,inference_all/test_row75_019GGYZ4.png,inference_errors/test_row75_019GGYZ4.png,inference_d21/test_row75_019GGYZ4.png,predictions/test_row75_019GGYZ4_xyz.npy,predictions/test_row75_019GGYZ4_gt.npy,predictions/test_row75_019GGYZ4_pred.npy,0.958740234375,0.9700854700854701,0.9729278226430326,0.9475213711214971,0.9957264957204168,0.9739776951310789,0.9492753622500525,0.9971923828112826,0.919298245581779,0.8506493505941136,0.9671011460066719
PointNetPP,76,test_row76_K8SZYQ72,K8SZYQ72,upper,/home/htaucare/Tesis_Amaro/data/Teeth_3ds/processed_struct_safe/200000/upper/K8SZYQ72,/home/htaucare/Tesis_Amaro/outputs/pointnetpp/grid_pro_runner_v2/exp04_bs8_lr3e4_r010_020_040_ns32/inference,inference_all/test_row76_K8SZYQ72.png,inference_errors/test_row76_K8SZYQ72.png,inference_d21/test_row76_K8SZYQ72.png,predictions/test_row76_K8SZYQ72_xyz.npy,predictions/test_row76_K8SZYQ72_gt.npy,predictions/test_row76_K8SZYQ72_pred.npy,0.906982421875,0.9835164835164835,0.9841271539634068,0.9689625798964282,0.9993894993833982,0.9955947136125288,0.9912280700884888,0.9924316406237884,0.7847222221949749,0.6457142856773878,0.9860697902712231
PointNetPP,77,test_row77_WINM1RGX,WINM1RGX,upper,/home/htaucare/Tesis_Amaro/data/Teeth_3ds/processed_struct_safe/200000/upper/WINM1RGX,/home/htaucare/Tesis_Amaro/outputs/pointnetpp/grid_pro_runner_v2/exp04_bs8_lr3e4_r010_020_040_ns32/inference,inference_all/test_row77_WINM1RGX.png,inference_errors/test_row77_WINM1RGX.png,inference_d21/test_row77_WINM1RGX.png,predictions/test_row77_WINM1RGX_xyz.npy,predictions/test_row77_WINM1RGX_gt.npy,predictions/test_row77_WINM1RGX_pred.npy,0.9346923828125,0.9120879120879121,0.8987466702470294,0.8538857469880602,0.9957264957204168,0.9691629955520192,0.9401709400905838,0.9958496093737843,0.8661417322493645,0.763888888835841,0.922739602084782
PointNetPP,78,test_row78_0171X5EV,0171X5EV,upper,/home/htaucare/Tesis_Amaro/data/Teeth_3ds/processed_struct_safe/200000/upper/0171X5EV,/home/htaucare/Tesis_Amaro/outputs/pointnetpp/grid_pro_runner_v2/exp04_bs8_lr3e4_r010_020_040_ns32/inference,inference_all/test_row78_0171X5EV.png,inference_errors/test_row78_0171X5EV.png,inference_d21/test_row78_0171X5EV.png,predictions/test_row78_0171X5EV_xyz.npy,predictions/test_row78_0171X5EV_gt.npy,predictions/test_row78_0171X5EV_pred.npy,0.9566650390625,0.9755799755799756,0.975493184335958,0.952267126347525,0.9957264957204168,0.9741697416614697,0.9496402877014647,0.9953613281237849,0.8741721854015174,0.7764705881896193,0.9690249485016056
PointNetPP,79,test_row79_4OTQF1P6,4OTQF1P6,upper,/home/htaucare/Tesis_Amaro/data/Teeth_3ds/processed_struct_safe/200000/upper/4OTQF1P6,/home/htaucare/Tesis_Amaro/outputs/pointnetpp/grid_pro_runner_v2/exp04_bs8_lr3e4_r010_020_040_ns32/inference,inference_all/test_row79_4OTQF1P6.png,inference_errors/test_row79_4OTQF1P6.png,inference_d21/test_row79_4OTQF1P6.png,predictions/test_row79_4OTQF1P6_xyz.npy,predictions/test_row79_4OTQF1P6_gt.npy,predictions/test_row79_4OTQF1P6_pred.npy,0.9521484375,0.9798534798534798,0.9795348980866946,0.9601548686729606,0.9957264957204168,0.9767441860140617,0.9545454544834711,0.9951171874987852,0.8802395209317293,0.7860962566424547,0.9732945346969446
PointNetPP,80,test_row80_016G9TFH,016G9TFH,upper,/home/htaucare/Tesis_Amaro/data/Teeth_3ds/processed_struct_safe/200000/upper/016G9TFH,/home/htaucare/Tesis_Amaro/outputs/pointnetpp/grid_pro_runner_v2/exp04_bs8_lr3e4_r010_020_040_ns32/inference,inference_all/test_row80_016G9TFH.png,inference_errors/test_row80_016G9TFH.png,inference_d21/test_row80_016G9TFH.png,predictions/test_row80_016G9TFH_xyz.npy,predictions/test_row80_016G9TFH_gt.npy,predictions/test_row80_016G9TFH_pred.npy,0.950439453125,0.9658119658119658,0.9632077535386606,0.9296054082409458,0.9938949938889262,0.959677419316142,0.9224806200835286,0.9963378906237836,0.8880597014594007,0.7986577180672041,0.9530420001029727
PointNetPP,81,test_row81_9TLHF8TV,9TLHF8TV,upper,/home/htaucare/Tesis_Amaro/data/Teeth_3ds/processed_struct_safe/200000/upper/9TLHF8TV,/home/htaucare/Tesis_Amaro/outputs/pointnetpp/grid_pro_runner_v2/exp04_bs8_lr3e4_r010_020_040_ns32/inference,inference_all/test_row81_9TLHF8TV.png,inference_errors/test_row81_9TLHF8TV.png,inference_d21/test_row81_9TLHF8TV.png,predictions/test_row81_9TLHF8TV_xyz.npy,predictions/test_row81_9TLHF8TV_gt.npy,predictions/test_row81_9TLHF8TV_pred.npy,0.940673828125,0.9181929181929182,0.9040099468425501,0.8500031193967633,0.9908424908364418,0.9382716048996596,0.8837209301640526,0.9947509765612856,0.8413284132530875,0.7261146496352793,0.9076390690096581
PointNetPP,82,test_row82_2HVVCR7B,2HVVCR7B,upper,/home/htaucare/Tesis_Amaro/data/Teeth_3ds/processed_struct_safe/200000/upper/2HVVCR7B,/home/htaucare/Tesis_Amaro/outputs/pointnetpp/grid_pro_runner_v2/exp04_bs8_lr3e4_r010_020_040_ns32/inference,inference_all/test_row82_2HVVCR7B.png,inference_errors/test_row82_2HVVCR7B.png,inference_d21/test_row82_2HVVCR7B.png,predictions/test_row82_2HVVCR7B_xyz.npy,predictions/test_row82_2HVVCR7B_gt.npy,predictions/test_row82_2HVVCR7B_pred.npy,0.92626953125,0.9536019536019537,0.9583794383943831,0.9206048631705973,0.99511599510992,0.9687499999621582,0.9393939393227732,0.9914550781237896,0.7798742138119537,0.6391752576990115,0.9541210753723242
PointNetPP,83,test_row83_01HJHZ5X,01HJHZ5X,upper,/home/htaucare/Tesis_Amaro/data/Teeth_3ds/processed_struct_safe/200000/upper/01HJHZ5X,/home/htaucare/Tesis_Amaro/outputs/pointnetpp/grid_pro_runner_v2/exp04_bs8_lr3e4_r010_020_040_ns32/inference,inference_all/test_row83_01HJHZ5X.png,inference_errors/test_row83_01HJHZ5X.png,inference_d21/test_row83_01HJHZ5X.png,predictions/test_row83_01HJHZ5X_xyz.npy,predictions/test_row83_01HJHZ5X_gt.npy,predictions/test_row83_01HJHZ5X_pred.npy,0.966552734375,0.9725274725274725,0.9710956095636248,0.944850460705943,0.9902319902259449,0.9567567567308984,0.9170984455483369,0.9957275390612844,0.9100257069174801,0.8349056603379761,0.9573648959328411
PointNetPP,84,test_row84_AD8EQEUR,AD8EQEUR,upper,/home/htaucare/Tesis_Amaro/data/Teeth_3ds/processed_struct_safe/200000/upper/AD8EQEUR,/home/htaucare/Tesis_Amaro/outputs/pointnetpp/grid_pro_runner_v2/exp04_bs8_lr3e4_r010_020_040_ns32/inference,inference_all/test_row84_AD8EQEUR.png,inference_errors/test_row84_AD8EQEUR.png,inference_d21/test_row84_AD8EQEUR.png,predictions/test_row84_AD8EQEUR_xyz.npy,predictions/test_row84_AD8EQEUR_gt.npy,predictions/test_row84_AD8EQEUR_pred.npy,0.9071044921875,0.9218559218559218,0.918282159875454,0.8572814690720995,0.9676434676375603,0.7623318385308371,0.6159420289408737,0.9909667968737902,0.6967213114468557,0.5345911949349313,0.8250568265023069
PointNetPP,85,test_row85_01909P9K,01909P9K,upper,/home/htaucare/Tesis_Amaro/data/Teeth_3ds/processed_struct_safe/200000/upper/01909P9K,/home/htaucare/Tesis_Amaro/outputs/pointnetpp/grid_pro_runner_v2/exp04_bs8_lr3e4_r010_020_040_ns32/inference,inference_all/test_row85_01909P9K.png,inference_errors/test_row85_01909P9K.png,inference_d21/test_row85_01909P9K.png,predictions/test_row85_01909P9K_xyz.npy,predictions/test_row85_01909P9K_gt.npy,predictions/test_row85_01909P9K_pred.npy,0.953369140625,0.9768009768009768,0.9774314859496013,0.956157532921761,0.9945054944994232,0.9681978798244453,0.9383561643192906,0.9935302734362871,0.8379204892710116,0.7210526315409972,0.9674961946300632
PointNetPP,86,test_row86_HM1A4QZR,HM1A4QZR,upper,/home/htaucare/Tesis_Amaro/data/Teeth_3ds/processed_struct_safe/200000/upper/HM1A4QZR,/home/htaucare/Tesis_Amaro/outputs/pointnetpp/grid_pro_runner_v2/exp04_bs8_lr3e4_r010_020_040_ns32/inference,inference_all/test_row86_HM1A4QZR.png,inference_errors/test_row86_HM1A4QZR.png,inference_d21/test_row86_HM1A4QZR.png,predictions/test_row86_HM1A4QZR_xyz.npy,predictions/test_row86_HM1A4QZR_gt.npy,predictions/test_row86_HM1A4QZR_pred.npy,0.956298828125,0.9706959706959707,0.9719387893965337,0.9460408778370312,0.9926739926679324,0.9617834394598158,0.9263803680413263,0.9964599609362835,0.9123867069210759,0.838888888842284,0.960386636538299
PointNetPP,87,test_row87_013Z9SM2,013Z9SM2,upper,/home/htaucare/Tesis_Amaro/data/Teeth_3ds/processed_struct_safe/200000/upper/013Z9SM2,/home/htaucare/Tesis_Amaro/outputs/pointnetpp/grid_pro_runner_v2/exp04_bs8_lr3e4_r010_020_040_ns32/inference,inference_all/test_row87_013Z9SM2.png,inference_errors/test_row87_013Z9SM2.png,inference_d21/test_row87_013Z9SM2.png,predictions/test_row87_013Z9SM2_xyz.npy,predictions/test_row87_013Z9SM2_gt.npy,predictions/test_row87_013Z9SM2_pred.npy,0.93505859375,0.9536019536019537,0.8114600219484126,0.7915651610952156,0.9975579975519075,0.988764044916046,0.9777777777234568,0.9948730468737854,0.8934010152057512,0.8073394495042504,0.8951383182189301
PointNetPP,88,test_row88_MAIPESOV,MAIPESOV,upper,/home/htaucare/Tesis_Amaro/data/Teeth_3ds/processed_struct_safe/200000/upper/MAIPESOV,/home/htaucare/Tesis_Amaro/outputs/pointnetpp/grid_pro_runner_v2/exp04_bs8_lr3e4_r010_020_040_ns32/inference,inference_all/test_row88_MAIPESOV.png,inference_errors/test_row88_MAIPESOV.png,inference_d21/test_row88_MAIPESOV.png,predictions/test_row88_MAIPESOV_xyz.npy,predictions/test_row88_MAIPESOV_gt.npy,predictions/test_row88_MAIPESOV_pred.npy,0.9580078125,0.9658119658119658,0.9666792473508602,0.936108057709437,0.9871794871734605,0.9311475409530771,0.8711656441183333,0.9954833984362847,0.88473520246465,0.7932960893411566,0.9412705967416128
PointNetPP,89,test_row89_015RHV4X,015RHV4X,upper,/home/htaucare/Tesis_Amaro/data/Teeth_3ds/processed_struct_safe/200000/upper/015RHV4X,/home/htaucare/Tesis_Amaro/outputs/pointnetpp/grid_pro_runner_v2/exp04_bs8_lr3e4_r010_020_040_ns32/inference,inference_all/test_row89_015RHV4X.png,inference_errors/test_row89_015RHV4X.png,inference_d21/test_row89_015RHV4X.png,predictions/test_row89_015RHV4X_xyz.npy,predictions/test_row89_015RHV4X_gt.npy,predictions/test_row89_015RHV4X_pred.npy,0.9501953125,0.9615384615384616,0.9608009454563418,0.9263254073113718,0.9884004883944543,0.9432835820613945,0.8926553671812059,0.993652343748787,0.8586956521505789,0.7523809523451247,0.9434233792226256
PointNetPP,90,test_row90_017FADFV,017FADFV,upper,/home/htaucare/Tesis_Amaro/data/Teeth_3ds/processed_struct_safe/200000/upper/017FADFV,/home/htaucare/Tesis_Amaro/outputs/pointnetpp/grid_pro_runner_v2/exp04_bs8_lr3e4_r010_020_040_ns32/inference,inference_all/test_row90_017FADFV.png,inference_errors/test_row90_017FADFV.png,inference_d21/test_row90_017FADFV.png,predictions/test_row90_017FADFV_xyz.npy,predictions/test_row90_017FADFV_gt.npy,predictions/test_row90_017FADFV_pred.npy,0.96337890625,0.967032967032967,0.9671312410798326,0.9373660675052935,0.99511599510992,0.972602739692719,0.9466666666035555,0.9968261718737831,0.9161290322285119,0.8452380951877834,0.962425696992641
PointNetPP,91,test_row91_01MAVT6A,01MAVT6A,upper,/home/htaucare/Tesis_Amaro/data/Teeth_3ds/processed_struct_safe/200000/upper/01MAVT6A,/home/htaucare/Tesis_Amaro/outputs/pointnetpp/grid_pro_runner_v2/exp04_bs8_lr3e4_r010_020_040_ns32/inference,inference_all/test_row91_01MAVT6A.png,inference_errors/test_row91_01MAVT6A.png,inference_d21/test_row91_01MAVT6A.png,predictions/test_row91_01MAVT6A_xyz.npy,predictions/test_row91_01MAVT6A_gt.npy,predictions/test_row91_01MAVT6A_pred.npy,0.9580078125,0.9914529914529915,0.987076684242175,0.9758302162412411,0.9999999999938951,0.9999999999673203,0.9999999999346405,0.9947509765612856,0.8767908309204357,0.780612244858132,0.9907267251045142
PointNetPP,92,test_row92_VXRFUE19,VXRFUE19,upper,/home/htaucare/Tesis_Amaro/data/Teeth_3ds/processed_struct_safe/200000/upper/VXRFUE19,/home/htaucare/Tesis_Amaro/outputs/pointnetpp/grid_pro_runner_v2/exp04_bs8_lr3e4_r010_020_040_ns32/inference,inference_all/test_row92_VXRFUE19.png,inference_errors/test_row92_VXRFUE19.png,inference_d21/test_row92_VXRFUE19.png,predictions/test_row92_VXRFUE19_xyz.npy,predictions/test_row92_VXRFUE19_gt.npy,predictions/test_row92_VXRFUE19_pred.npy,0.9420166015625,0.9743589743589743,0.9763723264177545,0.954932835659164,0.9871794871734605,0.9398280802022971,0.8864864864385683,0.9948730468737854,0.8864864864625274,0.7961165048157225,0.9527403306203782
PointNetPP,94,test_row94_0177JSNX,0177JSNX,upper,/home/htaucare/Tesis_Amaro/data/Teeth_3ds/processed_struct_safe/200000/upper/0177JSNX,/home/htaucare/Tesis_Amaro/outputs/pointnetpp/grid_pro_runner_v2/exp04_bs8_lr3e4_r010_020_040_ns32/inference,inference_all/test_row94_0177JSNX.png,inference_errors/test_row94_0177JSNX.png,inference_d21/test_row94_0177JSNX.png,predictions/test_row94_0177JSNX_xyz.npy,predictions/test_row94_0177JSNX_gt.npy,predictions/test_row94_0177JSNX_pred.npy,0.9476318359375,0.9652014652014652,0.9664115912960988,0.9356853213035684,0.9920634920574356,0.9639889196408867,0.9304812833727015,0.9940185546862865,0.8765743072827059,0.7802690582609745,0.9575186879703602
DGCNN,0,test_row0_01MAVHYZ,01MAVHYZ,upper,/home/htaucare/Tesis_Amaro/data/Teeth_3ds/processed_struct_safe/200000/upper/01MAVHYZ,/home/htaucare/Tesis_Amaro/outputs/dgcnn/grid_pro_runner_v2_gpu1/exp06_bs8_lr2e4_k20_emb768_bg003/inference,inference_all/test_row0_01MAVHYZ.png,inference_errors/test_row0_01MAVHYZ.png,inference_d21/test_row0_01MAVHYZ.png,predictions/test_row0_01MAVHYZ_xyz.npy,predictions/test_row0_01MAVHYZ_gt.npy,predictions/test_row0_01MAVHYZ_pred.npy,0.9432373046875,0.9597069597069597,0.9725711214716783,0.9494981927844487,0.9975579975519075,0.9865771811749471,0.9735099337103635,0.9942626953112862,0.8621700879512559,0.7577319587238283,0.9738059191515053
DGCNN,1,test_row1_01FR2S9H,01FR2S9H,upper,/home/htaucare/Tesis_Amaro/data/Teeth_3ds/processed_struct_safe/200000/upper/01FR2S9H,/home/htaucare/Tesis_Amaro/outputs/dgcnn/grid_pro_runner_v2_gpu1/exp06_bs8_lr2e4_k20_emb768_bg003/inference,inference_all/test_row1_01FR2S9H.png,inference_errors/test_row1_01FR2S9H.png,inference_d21/test_row1_01FR2S9H.png,predictions/test_row1_01FR2S9H_xyz.npy,predictions/test_row1_01FR2S9H_gt.npy,predictions/test_row1_01FR2S9H_pred.npy,0.951416015625,0.942002442002442,0.8670963858662603,0.8395583956240421,0.9981684981624044,0.9914529914247449,0.9830508474020875,0.9962158203112839,0.9182058047251133,0.8487804877634741,0.922390191084948
DGCNN,2,test_row2_01AVY0SK,01AVY0SK,upper,/home/htaucare/Tesis_Amaro/data/Teeth_3ds/processed_struct_safe/200000/upper/01AVY0SK,/home/htaucare/Tesis_Amaro/outputs/dgcnn/grid_pro_runner_v2_gpu1/exp06_bs8_lr2e4_k20_emb768_bg003/inference,inference_all/test_row2_01AVY0SK.png,inference_errors/test_row2_01AVY0SK.png,inference_d21/test_row2_01AVY0SK.png,predictions/test_row2_01AVY0SK_xyz.npy,predictions/test_row2_01AVY0SK_gt.npy,predictions/test_row2_01AVY0SK_pred.npy,0.93798828125,0.9786324786324786,0.9763340393922502,0.9541678571696843,0.9963369963309138,0.9763779527174654,0.953846153772781,0.9957275390612844,0.8763250883082571,0.7798742137874293,0.9708144504992164
DGCNN,4,test_row4_OEIWQQMQ,OEIWQQMQ,upper,/home/htaucare/Tesis_Amaro/data/Teeth_3ds/processed_struct_safe/200000/upper/OEIWQQMQ,/home/htaucare/Tesis_Amaro/outputs/dgcnn/grid_pro_runner_v2_gpu1/exp06_bs8_lr2e4_k20_emb768_bg003/inference,inference_all/test_row4_OEIWQQMQ.png,inference_errors/test_row4_OEIWQQMQ.png,inference_d21/test_row4_OEIWQQMQ.png,predictions/test_row4_OEIWQQMQ_xyz.npy,predictions/test_row4_OEIWQQMQ_gt.npy,predictions/test_row4_OEIWQQMQ_pred.npy,0.9237060546875,0.8412698412698413,0.6215604720504174,0.5644968192602172,0.9926739926679324,0.9714285714054421,0.9444444444007202,0.9947509765612856,0.9046563192704067,0.8259109311406514,0.7822286085303797
DGCNN,5,test_row5_6BWQC0CT,6BWQC0CT,upper,/home/htaucare/Tesis_Amaro/data/Teeth_3ds/processed_struct_safe/200000/upper/6BWQC0CT,/home/htaucare/Tesis_Amaro/outputs/dgcnn/grid_pro_runner_v2_gpu1/exp06_bs8_lr2e4_k20_emb768_bg003/inference,inference_all/test_row5_6BWQC0CT.png,inference_errors/test_row5_6BWQC0CT.png,inference_d21/test_row5_6BWQC0CT.png,predictions/test_row5_6BWQC0CT_xyz.npy,predictions/test_row5_6BWQC0CT_gt.npy,predictions/test_row5_6BWQC0CT_pred.npy,0.9571533203125,0.9884004884004884,0.9874773586787946,0.9753872832178416,0.9975579975519075,0.9869281045429108,0.9741935483242455,0.9959716796862841,0.9014925372865226,0.8206521738684428,0.9841802127456145
DGCNN,6,test_row6_MC39MU3H,MC39MU3H,upper,/home/htaucare/Tesis_Amaro/data/Teeth_3ds/processed_struct_safe/200000/upper/MC39MU3H,/home/htaucare/Tesis_Amaro/outputs/dgcnn/grid_pro_runner_v2_gpu1/exp06_bs8_lr2e4_k20_emb768_bg003/inference,inference_all/test_row6_MC39MU3H.png,inference_errors/test_row6_MC39MU3H.png,inference_d21/test_row6_MC39MU3H.png,predictions/test_row6_MC39MU3H_xyz.npy,predictions/test_row6_MC39MU3H_gt.npy,predictions/test_row6_MC39MU3H_pred.npy,0.942626953125,0.9884004884004884,0.9881176673259165,0.9766069446923054,0.9969474969414106,0.9803921568242984,0.961538461464497,0.9953613281237849,0.8680555555254147,0.7668711655971244,0.9813772314167046
DGCNN,7,test_row7_ASUXPX7O,ASUXPX7O,upper,/home/htaucare/Tesis_Amaro/data/Teeth_3ds/processed_struct_safe/200000/upper/ASUXPX7O,/home/htaucare/Tesis_Amaro/outputs/dgcnn/grid_pro_runner_v2_gpu1/exp06_bs8_lr2e4_k20_emb768_bg003/inference,inference_all/test_row7_ASUXPX7O.png,inference_errors/test_row7_ASUXPX7O.png,inference_d21/test_row7_ASUXPX7O.png,predictions/test_row7_ASUXPX7O_xyz.npy,predictions/test_row7_ASUXPX7O_gt.npy,predictions/test_row7_ASUXPX7O_pred.npy,0.9561767578125,0.9725274725274725,0.9714449675103071,0.9452410586280633,0.9914529914469387,0.9548387096466181,0.9135802468571863,0.9940185546862865,0.8579710144678849,0.7512690354948595,0.9565908613579017
DGCNN,8,test_row8_U1HFBZ1F,U1HFBZ1F,upper,/home/htaucare/Tesis_Amaro/data/Teeth_3ds/processed_struct_safe/200000/upper/U1HFBZ1F,/home/htaucare/Tesis_Amaro/outputs/dgcnn/grid_pro_runner_v2_gpu1/exp06_bs8_lr2e4_k20_emb768_bg003/inference,inference_all/test_row8_U1HFBZ1F.png,inference_errors/test_row8_U1HFBZ1F.png,inference_d21/test_row8_U1HFBZ1F.png,predictions/test_row8_U1HFBZ1F_xyz.npy,predictions/test_row8_U1HFBZ1F_gt.npy,predictions/test_row8_U1HFBZ1F_pred.npy,0.9373779296875,0.9816849816849816,0.9816702730097074,0.9644840533131235,0.9963369963309138,0.9785714285364796,0.958041957974962,0.9932861328112874,0.8328267476950508,0.713541666629503,0.9758242958489475
DGCNN,9,test_row9_QVUPP39R,QVUPP39R,upper,/home/htaucare/Tesis_Amaro/data/Teeth_3ds/processed_struct_safe/200000/upper/QVUPP39R,/home/htaucare/Tesis_Amaro/outputs/dgcnn/grid_pro_runner_v2_gpu1/exp06_bs8_lr2e4_k20_emb768_bg003/inference,inference_all/test_row9_QVUPP39R.png,inference_errors/test_row9_QVUPP39R.png,inference_d21/test_row9_QVUPP39R.png,predictions/test_row9_QVUPP39R_xyz.npy,predictions/test_row9_QVUPP39R_gt.npy,predictions/test_row9_QVUPP39R_pred.npy,0.9312744140625,0.9304029304029304,0.9285470309443371,0.8821618751115,0.9816849816789885,0.8818897637448074,0.7887323943106526,0.9901123046862913,0.7344262294841172,0.5803108807989475,0.893622108386363
DGCNN,10,test_row10_017APYC4,017APYC4,upper,/home/htaucare/Tesis_Amaro/data/Teeth_3ds/processed_struct_safe/200000/upper/017APYC4,/home/htaucare/Tesis_Amaro/outputs/dgcnn/grid_pro_runner_v2_gpu1/exp06_bs8_lr2e4_k20_emb768_bg003/inference,inference_all/test_row10_017APYC4.png,inference_errors/test_row10_017APYC4.png,inference_d21/test_row10_017APYC4.png,predictions/test_row10_017APYC4_xyz.npy,predictions/test_row10_017APYC4_gt.npy,predictions/test_row10_017APYC4_pred.npy,0.9337158203125,0.9700854700854701,0.9716746348010517,0.9455106568638094,0.9963369963309138,0.9788732394021523,0.9586206895890605,0.9946289062487857,0.8633540372402685,0.7595628414885485,0.9687329426172915
DGCNN,11,test_row11_F5NBC5X3,F5NBC5X3,upper,/home/htaucare/Tesis_Amaro/data/Teeth_3ds/processed_struct_safe/200000/upper/F5NBC5X3,/home/htaucare/Tesis_Amaro/outputs/dgcnn/grid_pro_runner_v2_gpu1/exp06_bs8_lr2e4_k20_emb768_bg003/inference,inference_all/test_row11_F5NBC5X3.png,inference_errors/test_row11_F5NBC5X3.png,inference_d21/test_row11_F5NBC5X3.png,predictions/test_row11_F5NBC5X3_xyz.npy,predictions/test_row11_F5NBC5X3_gt.npy,predictions/test_row11_F5NBC5X3_pred.npy,0.9395751953125,0.9627594627594628,0.9676616521588857,0.9376961912317174,0.9957264957204168,0.9655172413317479,0.9333333332444445,0.9967041015612832,0.8789237667767299,0.7839999999372801,0.9590980815135247
DGCNN,12,test_row12_5JRH5J6E,5JRH5J6E,upper,/home/htaucare/Tesis_Amaro/data/Teeth_3ds/processed_struct_safe/200000/upper/5JRH5J6E,/home/htaucare/Tesis_Amaro/outputs/dgcnn/grid_pro_runner_v2_gpu1/exp06_bs8_lr2e4_k20_emb768_bg003/inference,inference_all/test_row12_5JRH5J6E.png,inference_errors/test_row12_5JRH5J6E.png,inference_d21/test_row12_5JRH5J6E.png,predictions/test_row12_5JRH5J6E_xyz.npy,predictions/test_row12_5JRH5J6E_gt.npy,predictions/test_row12_5JRH5J6E_pred.npy,0.9481201171875,0.9627594627594628,0.9642886545325448,0.9316783343155016,0.99511599510992,0.9591836734204497,0.9215686273606306,0.9941406249987863,0.7966101694577707,0.6619718309392977,0.9535835839222365
DGCNN,13,test_row13_01328DDN,01328DDN,upper,/home/htaucare/Tesis_Amaro/data/Teeth_3ds/processed_struct_safe/200000/upper/01328DDN,/home/htaucare/Tesis_Amaro/outputs/dgcnn/grid_pro_runner_v2_gpu1/exp06_bs8_lr2e4_k20_emb768_bg003/inference,inference_all/test_row13_01328DDN.png,inference_errors/test_row13_01328DDN.png,inference_d21/test_row13_01328DDN.png,predictions/test_row13_01328DDN_xyz.npy,predictions/test_row13_01328DDN_gt.npy,predictions/test_row13_01328DDN_pred.npy,0.951416015625,0.9761904761904762,0.9734194338690949,0.9488052580942049,0.9987789987729013,0.992647058787035,0.9854014597820874,0.9954833984362847,0.8794788273329159,0.7848837208845998,0.9768797023843424
DGCNN,14,test_row14_X9QY6TGT,X9QY6TGT,upper,/home/htaucare/Tesis_Amaro/data/Teeth_3ds/processed_struct_safe/200000/upper/X9QY6TGT,/home/htaucare/Tesis_Amaro/outputs/dgcnn/grid_pro_runner_v2_gpu1/exp06_bs8_lr2e4_k20_emb768_bg003/inference,inference_all/test_row14_X9QY6TGT.png,inference_errors/test_row14_X9QY6TGT.png,inference_d21/test_row14_X9QY6TGT.png,predictions/test_row14_X9QY6TGT_xyz.npy,predictions/test_row14_X9QY6TGT_gt.npy,predictions/test_row14_X9QY6TGT_pred.npy,0.9603271484375,0.9884004884004884,0.9894989938581377,0.9792609330417136,0.9981684981624044,0.9890109889747615,0.9782608694943289,0.9963378906237836,0.89999999997,0.8181818181322313,0.9866954762123435
DGCNN,15,test_row15_ERCT8ZLW,ERCT8ZLW,upper,/home/htaucare/Tesis_Amaro/data/Teeth_3ds/processed_struct_safe/200000/upper/ERCT8ZLW,/home/htaucare/Tesis_Amaro/outputs/dgcnn/grid_pro_runner_v2_gpu1/exp06_bs8_lr2e4_k20_emb768_bg003/inference,inference_all/test_row15_ERCT8ZLW.png,inference_errors/test_row15_ERCT8ZLW.png,inference_d21/test_row15_ERCT8ZLW.png,predictions/test_row15_ERCT8ZLW_xyz.npy,predictions/test_row15_ERCT8ZLW_gt.npy,predictions/test_row15_ERCT8ZLW_pred.npy,0.8131103515625,0.5567765567765568,0.5581774154473275,0.4555760905548142,0.9926739926679324,0.9439252336007511,0.8938053096554155,0.9904785156237909,0.7214285714028061,0.5642458100243438,0.7254009933009109
DGCNN,16,test_row16_0165W7J4,0165W7J4,upper,/home/htaucare/Tesis_Amaro/data/Teeth_3ds/processed_struct_safe/200000/upper/0165W7J4,/home/htaucare/Tesis_Amaro/outputs/dgcnn/grid_pro_runner_v2_gpu1/exp06_bs8_lr2e4_k20_emb768_bg003/inference,inference_all/test_row16_0165W7J4.png,inference_errors/test_row16_0165W7J4.png,inference_d21/test_row16_0165W7J4.png,predictions/test_row16_0165W7J4_xyz.npy,predictions/test_row16_0165W7J4_gt.npy,predictions/test_row16_0165W7J4_pred.npy,0.9613037109375,0.9841269841269841,0.9020481711261993,0.8880015964028877,0.9981684981624044,0.9898989898656599,0.9799999999346666,0.9945068359362859,0.8672566371425587,0.7656249999601237,0.9424619368151017
DGCNN,17,test_row17_01FUZ18R,01FUZ18R,upper,/home/htaucare/Tesis_Amaro/data/Teeth_3ds/processed_struct_safe/200000/upper/01FUZ18R,/home/htaucare/Tesis_Amaro/outputs/dgcnn/grid_pro_runner_v2_gpu1/exp06_bs8_lr2e4_k20_emb768_bg003/inference,inference_all/test_row17_01FUZ18R.png,inference_errors/test_row17_01FUZ18R.png,inference_d21/test_row17_01FUZ18R.png,predictions/test_row17_01FUZ18R_xyz.npy,predictions/test_row17_01FUZ18R_gt.npy,predictions/test_row17_01FUZ18R_pred.npy,0.96044921875,0.9798534798534798,0.9058867904531063,0.8896334589448534,0.9975579975519075,0.9878787878488521,0.9760479041331708,0.9958496093737843,0.9055555555304012,0.8274111674706898,0.9428194562739161
DGCNN,18,test_row18_014996KX,014996KX,upper,/home/htaucare/Tesis_Amaro/data/Teeth_3ds/processed_struct_safe/200000/upper/014996KX,/home/htaucare/Tesis_Amaro/outputs/dgcnn/grid_pro_runner_v2_gpu1/exp06_bs8_lr2e4_k20_emb768_bg003/inference,inference_all/test_row18_014996KX.png,inference_errors/test_row18_014996KX.png,inference_d21/test_row18_014996KX.png,predictions/test_row18_014996KX_xyz.npy,predictions/test_row18_014996KX_gt.npy,predictions/test_row18_014996KX_pred.npy,0.951416015625,0.989010989010989,0.9894303922119014,0.979280943630078,0.9987789987729013,0.9920634920241245,0.9842519684264369,0.9935302734362871,0.8250825082235946,0.7022471909717838,0.9882095799725572
DGCNN,19,test_row19_R8YTI9HB,R8YTI9HB,upper,/home/htaucare/Tesis_Amaro/data/Teeth_3ds/processed_struct_safe/200000/upper/R8YTI9HB,/home/htaucare/Tesis_Amaro/outputs/dgcnn/grid_pro_runner_v2_gpu1/exp06_bs8_lr2e4_k20_emb768_bg003/inference,inference_all/test_row19_R8YTI9HB.png,inference_errors/test_row19_R8YTI9HB.png,inference_d21/test_row19_R8YTI9HB.png,predictions/test_row19_R8YTI9HB_xyz.npy,predictions/test_row19_R8YTI9HB_gt.npy,predictions/test_row19_R8YTI9HB_pred.npy,0.953369140625,0.9804639804639804,0.9803483325751315,0.9615944750897798,0.99511599510992,0.972602739692719,0.9466666666035555,0.9953613281237849,0.8819875776123606,0.7888888888450617,0.9717870717625874
DGCNN,21,test_row21_7PQAZ8X1,7PQAZ8X1,upper,/home/htaucare/Tesis_Amaro/data/Teeth_3ds/processed_struct_safe/200000/upper/7PQAZ8X1,/home/htaucare/Tesis_Amaro/outputs/dgcnn/grid_pro_runner_v2_gpu1/exp06_bs8_lr2e4_k20_emb768_bg003/inference,inference_all/test_row21_7PQAZ8X1.png,inference_errors/test_row21_7PQAZ8X1.png,inference_d21/test_row21_7PQAZ8X1.png,predictions/test_row21_7PQAZ8X1_xyz.npy,predictions/test_row21_7PQAZ8X1_gt.npy,predictions/test_row21_7PQAZ8X1_pred.npy,0.929931640625,0.9548229548229549,0.961899417769472,0.92850846773499,0.9975579975519075,0.9824561403077869,0.9655172412960762,0.9968261718737831,0.89599999996416,0.8115942028397395,0.963830041530009
DGCNN,22,test_row22_9OOBRVB8,9OOBRVB8,upper,/home/htaucare/Tesis_Amaro/data/Teeth_3ds/processed_struct_safe/200000/upper/9OOBRVB8,/home/htaucare/Tesis_Amaro/outputs/dgcnn/grid_pro_runner_v2_gpu1/exp06_bs8_lr2e4_k20_emb768_bg003/inference,inference_all/test_row22_9OOBRVB8.png,inference_errors/test_row22_9OOBRVB8.png,inference_d21/test_row22_9OOBRVB8.png,predictions/test_row22_9OOBRVB8_xyz.npy,predictions/test_row22_9OOBRVB8_gt.npy,predictions/test_row22_9OOBRVB8_pred.npy,0.923828125,0.963980463980464,0.9659581204845696,0.9348291938061389,0.99511599510992,0.963636363592562,0.9298245613219452,0.9938964843737866,0.8091603053126274,0.6794871794436226,0.9570150103689581
DGCNN,23,test_row23_4J24X0ES,4J24X0ES,upper,/home/htaucare/Tesis_Amaro/data/Teeth_3ds/processed_struct_safe/200000/upper/4J24X0ES,/home/htaucare/Tesis_Amaro/outputs/dgcnn/grid_pro_runner_v2_gpu1/exp06_bs8_lr2e4_k20_emb768_bg003/inference,inference_all/test_row23_4J24X0ES.png,inference_errors/test_row23_4J24X0ES.png,inference_d21/test_row23_4J24X0ES.png,predictions/test_row23_4J24X0ES_xyz.npy,predictions/test_row23_4J24X0ES_gt.npy,predictions/test_row23_4J24X0ES_pred.npy,0.9178466796875,0.851037851037851,0.8615344895792532,0.8227760112641495,0.9969474969414106,0.978902953545194,0.9586776858711837,0.9965820312487834,0.8923076922733727,0.8055555554996141,0.9105291019834476
DGCNN,24,test_row24_016PTY8K,016PTY8K,upper,/home/htaucare/Tesis_Amaro/data/Teeth_3ds/processed_struct_safe/200000/upper/016PTY8K,/home/htaucare/Tesis_Amaro/outputs/dgcnn/grid_pro_runner_v2_gpu1/exp06_bs8_lr2e4_k20_emb768_bg003/inference,inference_all/test_row24_016PTY8K.png,inference_errors/test_row24_016PTY8K.png,inference_d21/test_row24_016PTY8K.png,predictions/test_row24_016PTY8K_xyz.npy,predictions/test_row24_016PTY8K_gt.npy,predictions/test_row24_016PTY8K_pred.npy,0.955322265625,0.9645909645909646,0.9640641947020503,0.9311280526487353,0.99511599510992,0.9655172413376932,0.9333333332555556,0.993652343748787,0.8115942028691451,0.6829268292266508,0.956556682506543
DGCNN,25,test_row25_38JDN4ZV,38JDN4ZV,upper,/home/htaucare/Tesis_Amaro/data/Teeth_3ds/processed_struct_safe/200000/upper/38JDN4ZV,/home/htaucare/Tesis_Amaro/outputs/dgcnn/grid_pro_runner_v2_gpu1/exp06_bs8_lr2e4_k20_emb768_bg003/inference,inference_all/test_row25_38JDN4ZV.png,inference_errors/test_row25_38JDN4ZV.png,inference_d21/test_row25_38JDN4ZV.png,predictions/test_row25_38JDN4ZV_xyz.npy,predictions/test_row25_38JDN4ZV_gt.npy,predictions/test_row25_38JDN4ZV_pred.npy,0.8358154296875,0.34615384615384615,0.22634408201506812,0.19022204557191272,0.9987789987729013,0.9943502824577867,0.9887640448882716,0.9979248046862818,0.9539295392695412,0.9119170983983462,0.6013166731256385
DGCNN,27,test_row27_3HRLKQ4M,3HRLKQ4M,upper,/home/htaucare/Tesis_Amaro/data/Teeth_3ds/processed_struct_safe/200000/upper/3HRLKQ4M,/home/htaucare/Tesis_Amaro/outputs/dgcnn/grid_pro_runner_v2_gpu1/exp06_bs8_lr2e4_k20_emb768_bg003/inference,inference_all/test_row27_3HRLKQ4M.png,inference_errors/test_row27_3HRLKQ4M.png,inference_d21/test_row27_3HRLKQ4M.png,predictions/test_row27_3HRLKQ4M_xyz.npy,predictions/test_row27_3HRLKQ4M_gt.npy,predictions/test_row27_3HRLKQ4M_pred.npy,0.9495849609375,0.9768009768009768,0.9765876808152605,0.9545488178522302,0.99511599510992,0.9685039369697439,0.9389312976382495,0.9942626953112862,0.8395904436573518,0.7235294117221452,0.9670360931517447
DGCNN,29,test_row29_01K5X8CN,01K5X8CN,upper,/home/htaucare/Tesis_Amaro/data/Teeth_3ds/processed_struct_safe/200000/upper/01K5X8CN,/home/htaucare/Tesis_Amaro/outputs/dgcnn/grid_pro_runner_v2_gpu1/exp06_bs8_lr2e4_k20_emb768_bg003/inference,inference_all/test_row29_01K5X8CN.png,inference_errors/test_row29_01K5X8CN.png,inference_d21/test_row29_01K5X8CN.png,predictions/test_row29_01K5X8CN_xyz.npy,predictions/test_row29_01K5X8CN_gt.npy,predictions/test_row29_01K5X8CN_pred.npy,0.935302734375,0.8943833943833944,0.8253580082718794,0.7869381210136683,0.9969474969414106,0.9836065573447997,0.9677419354214359,0.996093749998784,0.903614457804108,0.8241758241305398,0.8948773109937869
DGCNN,30,test_row30_013NXP1H,013NXP1H,upper,/home/htaucare/Tesis_Amaro/data/Teeth_3ds/processed_struct_safe/200000/upper/013NXP1H,/home/htaucare/Tesis_Amaro/outputs/dgcnn/grid_pro_runner_v2_gpu1/exp06_bs8_lr2e4_k20_emb768_bg003/inference,inference_all/test_row30_013NXP1H.png,inference_errors/test_row30_013NXP1H.png,inference_d21/test_row30_013NXP1H.png,predictions/test_row30_013NXP1H_xyz.npy,predictions/test_row30_013NXP1H_gt.npy,predictions/test_row30_013NXP1H_pred.npy,0.94970703125,0.967032967032967,0.9679640150505877,0.9383920312055055,0.9969474969414106,0.9800796812358533,0.9609374999249267,0.9971923828112826,0.9144981412299443,0.8424657533669544,0.96662885218195
DGCNN,31,test_row31_211UTGV1,211UTGV1,upper,/home/htaucare/Tesis_Amaro/data/Teeth_3ds/processed_struct_safe/200000/upper/211UTGV1,/home/htaucare/Tesis_Amaro/outputs/dgcnn/grid_pro_runner_v2_gpu1/exp06_bs8_lr2e4_k20_emb768_bg003/inference,inference_all/test_row31_211UTGV1.png,inference_errors/test_row31_211UTGV1.png,inference_d21/test_row31_211UTGV1.png,predictions/test_row31_211UTGV1_xyz.npy,predictions/test_row31_211UTGV1_gt.npy,predictions/test_row31_211UTGV1_pred.npy,0.8994140625,0.8974358974358975,0.8683639041765167,0.7932516275266827,0.9877899877839574,0.9152542372493536,0.843749999934082,0.9885253906237932,0.6967741935259105,0.5346534653200666,0.8730310015504766
DGCNN,32,test_row32_H1HUQBYJ,H1HUQBYJ,upper,/home/htaucare/Tesis_Amaro/data/Teeth_3ds/processed_struct_safe/200000/upper/H1HUQBYJ,/home/htaucare/Tesis_Amaro/outputs/dgcnn/grid_pro_runner_v2_gpu1/exp06_bs8_lr2e4_k20_emb768_bg003/inference,inference_all/test_row32_H1HUQBYJ.png,inference_errors/test_row32_H1HUQBYJ.png,inference_d21/test_row32_H1HUQBYJ.png,predictions/test_row32_H1HUQBYJ_xyz.npy,predictions/test_row32_H1HUQBYJ_gt.npy,predictions/test_row32_H1HUQBYJ_pred.npy,0.95458984375,0.9798534798534798,0.9772300638055247,0.9559636292455892,0.9945054944994232,0.9620253164151044,0.926829268217331,0.9967041015612832,0.8941176470237601,0.8085106382405312,0.9643110814703306
DGCNN,33,test_row33_5J9O0LG3,5J9O0LG3,upper,/home/htaucare/Tesis_Amaro/data/Teeth_3ds/processed_struct_safe/200000/upper/5J9O0LG3,/home/htaucare/Tesis_Amaro/outputs/dgcnn/grid_pro_runner_v2_gpu1/exp06_bs8_lr2e4_k20_emb768_bg003/inference,inference_all/test_row33_5J9O0LG3.png,inference_errors/test_row33_5J9O0LG3.png,inference_d21/test_row33_5J9O0LG3.png,predictions/test_row33_5J9O0LG3_xyz.npy,predictions/test_row33_5J9O0LG3_gt.npy,predictions/test_row33_5J9O0LG3_pred.npy,0.92236328125,0.9792429792429792,0.9819106477713365,0.9646520004111089,0.9963369963309138,0.9790209789867474,0.9589041095233627,0.987060546873795,0.7253886010174769,0.5691056910337762,0.9761511515389851
DGCNN,34,test_row34_01MCNDR0,01MCNDR0,upper,/home/htaucare/Tesis_Amaro/data/Teeth_3ds/processed_struct_safe/200000/upper/01MCNDR0,/home/htaucare/Tesis_Amaro/outputs/dgcnn/grid_pro_runner_v2_gpu1/exp06_bs8_lr2e4_k20_emb768_bg003/inference,inference_all/test_row34_01MCNDR0.png,inference_errors/test_row34_01MCNDR0.png,inference_d21/test_row34_01MCNDR0.png,predictions/test_row34_01MCNDR0_xyz.npy,predictions/test_row34_01MCNDR0_gt.npy,predictions/test_row34_01MCNDR0_pred.npy,0.9525146484375,0.978021978021978,0.9769007375313538,0.9558311350302571,0.9957264957204168,0.9811320754452525,0.9629629629120126,0.9965820312487834,0.9285714285477406,0.8666666666253968,0.9737490058630289
DGCNN,35,test_row35_01DXDP2R,01DXDP2R,upper,/home/htaucare/Tesis_Amaro/data/Teeth_3ds/processed_struct_safe/200000/upper/01DXDP2R,/home/htaucare/Tesis_Amaro/outputs/dgcnn/grid_pro_runner_v2_gpu1/exp06_bs8_lr2e4_k20_emb768_bg003/inference,inference_all/test_row35_01DXDP2R.png,inference_errors/test_row35_01DXDP2R.png,inference_d21/test_row35_01DXDP2R.png,predictions/test_row35_01DXDP2R_xyz.npy,predictions/test_row35_01DXDP2R_gt.npy,predictions/test_row35_01DXDP2R_pred.npy,0.915283203125,0.8131868131868132,0.733401331581657,0.679994740966703,0.9999999999938951,0.9999999999757281,0.9999999999514563,0.9965820312487834,0.9363636363423553,0.8803418803042589,0.853349018124954
DGCNN,36,test_row36_V5KEFD0N,V5KEFD0N,upper,/home/htaucare/Tesis_Amaro/data/Teeth_3ds/processed_struct_safe/200000/upper/V5KEFD0N,/home/htaucare/Tesis_Amaro/outputs/dgcnn/grid_pro_runner_v2_gpu1/exp06_bs8_lr2e4_k20_emb768_bg003/inference,inference_all/test_row36_V5KEFD0N.png,inference_errors/test_row36_V5KEFD0N.png,inference_d21/test_row36_V5KEFD0N.png,predictions/test_row36_V5KEFD0N_xyz.npy,predictions/test_row36_V5KEFD0N_gt.npy,predictions/test_row36_V5KEFD0N_pred.npy,0.953857421875,0.9877899877899878,0.9879009219361689,0.9762543377053264,0.9945054944994232,0.9698996655194013,0.9415584414973014,0.9943847656237861,0.8630952380695507,0.7591623036251747,0.9759886476700744
DGCNN,37,test_row37_ZM8PCSK6,ZM8PCSK6,upper,/home/htaucare/Tesis_Amaro/data/Teeth_3ds/processed_struct_safe/200000/upper/ZM8PCSK6,/home/htaucare/Tesis_Amaro/outputs/dgcnn/grid_pro_runner_v2_gpu1/exp06_bs8_lr2e4_k20_emb768_bg003/inference,inference_all/test_row37_ZM8PCSK6.png,inference_errors/test_row37_ZM8PCSK6.png,inference_d21/test_row37_ZM8PCSK6.png,predictions/test_row37_ZM8PCSK6_xyz.npy,predictions/test_row37_ZM8PCSK6_gt.npy,predictions/test_row37_ZM8PCSK6_pred.npy,0.8797607421875,0.6923076923076923,0.6765343412301937,0.6022015624583034,0.9865689865629637,0.9202898550391199,0.8523489932313859,0.9943847656237861,0.8466666666384445,0.7341040462003408,0.7798289034416842
DGCNN,38,test_row38_J8YGBFK2,J8YGBFK2,upper,/home/htaucare/Tesis_Amaro/data/Teeth_3ds/processed_struct_safe/200000/upper/J8YGBFK2,/home/htaucare/Tesis_Amaro/outputs/dgcnn/grid_pro_runner_v2_gpu1/exp06_bs8_lr2e4_k20_emb768_bg003/inference,inference_all/test_row38_J8YGBFK2.png,inference_errors/test_row38_J8YGBFK2.png,inference_d21/test_row38_J8YGBFK2.png,predictions/test_row38_J8YGBFK2_xyz.npy,predictions/test_row38_J8YGBFK2_gt.npy,predictions/test_row38_J8YGBFK2_pred.npy,0.96533203125,0.9829059829059829,0.9834000502187008,0.9675351449694747,0.9969474969414106,0.9779735682388557,0.9568965516416469,0.9974365234362823,0.9135802468759843,0.8409090908453857,0.9767205829164718
DGCNN,39,test_row39_TZ2JPAJT,TZ2JPAJT,upper,/home/htaucare/Tesis_Amaro/data/Teeth_3ds/processed_struct_safe/200000/upper/TZ2JPAJT,/home/htaucare/Tesis_Amaro/outputs/dgcnn/grid_pro_runner_v2_gpu1/exp06_bs8_lr2e4_k20_emb768_bg003/inference,inference_all/test_row39_TZ2JPAJT.png,inference_errors/test_row39_TZ2JPAJT.png,inference_d21/test_row39_TZ2JPAJT.png,predictions/test_row39_TZ2JPAJT_xyz.npy,predictions/test_row39_TZ2JPAJT_gt.npy,predictions/test_row39_TZ2JPAJT_pred.npy,0.9464111328125,0.9731379731379731,0.9797264682409591,0.9605515200518111,0.9963369963309138,0.981366459596852,0.9634146340875966,0.9926757812487882,0.8404255318925419,0.7247706421685884,0.9757527268716185
DGCNN,40,test_row40_B5GFZIRW,B5GFZIRW,upper,/home/htaucare/Tesis_Amaro/data/Teeth_3ds/processed_struct_safe/200000/upper/B5GFZIRW,/home/htaucare/Tesis_Amaro/outputs/dgcnn/grid_pro_runner_v2_gpu1/exp06_bs8_lr2e4_k20_emb768_bg003/inference,inference_all/test_row40_B5GFZIRW.png,inference_errors/test_row40_B5GFZIRW.png,inference_d21/test_row40_B5GFZIRW.png,predictions/test_row40_B5GFZIRW_xyz.npy,predictions/test_row40_B5GFZIRW_gt.npy,predictions/test_row40_B5GFZIRW_pred.npy,0.938720703125,0.9590964590964591,0.9606278269729884,0.9252869215626628,0.99511599510992,0.9661016948743177,0.9344262294316045,0.9964599609362835,0.8871595330394101,0.7972027971470487,0.9545295345710717
DGCNN,41,test_row41_Z6BKBK3G,Z6BKBK3G,upper,/home/htaucare/Tesis_Amaro/data/Teeth_3ds/processed_struct_safe/200000/upper/Z6BKBK3G,/home/htaucare/Tesis_Amaro/outputs/dgcnn/grid_pro_runner_v2_gpu1/exp06_bs8_lr2e4_k20_emb768_bg003/inference,inference_all/test_row41_Z6BKBK3G.png,inference_errors/test_row41_Z6BKBK3G.png,inference_d21/test_row41_Z6BKBK3G.png,predictions/test_row41_Z6BKBK3G_xyz.npy,predictions/test_row41_Z6BKBK3G_gt.npy,predictions/test_row41_Z6BKBK3G_pred.npy,0.93408203125,0.9652014652014652,0.9641103995089711,0.93125463558208,0.9926739926679324,0.9555555555201646,0.9148936169563905,0.9934082031237872,0.826923076896573,0.7049180327483651,0.9516190365328451
DGCNN,42,test_row42_C928TR28,C928TR28,upper,/home/htaucare/Tesis_Amaro/data/Teeth_3ds/processed_struct_safe/200000/upper/C928TR28,/home/htaucare/Tesis_Amaro/outputs/dgcnn/grid_pro_runner_v2_gpu1/exp06_bs8_lr2e4_k20_emb768_bg003/inference,inference_all/test_row42_C928TR28.png,inference_errors/test_row42_C928TR28.png,inference_d21/test_row42_C928TR28.png,predictions/test_row42_C928TR28_xyz.npy,predictions/test_row42_C928TR28_gt.npy,predictions/test_row42_C928TR28_pred.npy,0.964111328125,0.9914529914529915,0.9901558525114392,0.9806139869003946,0.9987789987729013,0.9939024389940884,0.9878787878189164,0.9976806640612821,0.9449275362044949,0.8956043955551866,0.9896436793500026
DGCNN,43,test_row43_UKH51GS2,UKH51GS2,upper,/home/htaucare/Tesis_Amaro/data/Teeth_3ds/processed_struct_safe/200000/upper/UKH51GS2,/home/htaucare/Tesis_Amaro/outputs/dgcnn/grid_pro_runner_v2_gpu1/exp06_bs8_lr2e4_k20_emb768_bg003/inference,inference_all/test_row43_UKH51GS2.png,inference_errors/test_row43_UKH51GS2.png,inference_d21/test_row43_UKH51GS2.png,predictions/test_row43_UKH51GS2_xyz.npy,predictions/test_row43_UKH51GS2_gt.npy,predictions/test_row43_UKH51GS2_pred.npy,0.9044189453125,0.8833943833943834,0.8755930635103513,0.80446525213785,0.9884004883944543,0.9230769230395515,0.8571428570784103,0.9918212890612892,0.772881355906004,0.6298342541088489,0.881553040431826
DGCNN,44,test_row44_01KAS2KD,01KAS2KD,upper,/home/htaucare/Tesis_Amaro/data/Teeth_3ds/processed_struct_safe/200000/upper/01KAS2KD,/home/htaucare/Tesis_Amaro/outputs/dgcnn/grid_pro_runner_v2_gpu1/exp06_bs8_lr2e4_k20_emb768_bg003/inference,inference_all/test_row44_01KAS2KD.png,inference_errors/test_row44_01KAS2KD.png,inference_d21/test_row44_01KAS2KD.png,predictions/test_row44_01KAS2KD_xyz.npy,predictions/test_row44_01KAS2KD_gt.npy,predictions/test_row44_01KAS2KD_pred.npy,0.954345703125,0.9804639804639804,0.9801432963475335,0.9614907366524488,0.9932844932784294,0.9591078066557952,0.921428571362755,0.9932861328112874,0.8242811501334095,0.7010869564836365,0.9649624115778932
DGCNN,46,test_row46_WQOGLZY4,WQOGLZY4,upper,/home/htaucare/Tesis_Amaro/data/Teeth_3ds/processed_struct_safe/200000/upper/WQOGLZY4,/home/htaucare/Tesis_Amaro/outputs/dgcnn/grid_pro_runner_v2_gpu1/exp06_bs8_lr2e4_k20_emb768_bg003/inference,inference_all/test_row46_WQOGLZY4.png,inference_errors/test_row46_WQOGLZY4.png,inference_d21/test_row46_WQOGLZY4.png,predictions/test_row46_WQOGLZY4_xyz.npy,predictions/test_row46_WQOGLZY4_gt.npy,predictions/test_row46_WQOGLZY4_pred.npy,0.9171142578125,0.9786324786324786,0.9822425587125031,0.9655538194491433,0.9987789987729013,0.9908256880279437,0.9818181817289257,0.9940185546862865,0.8150943395918832,0.6878980891281593,0.9823619385543834
DGCNN,47,test_row47_EUCFQ9KW,EUCFQ9KW,upper,/home/htaucare/Tesis_Amaro/data/Teeth_3ds/processed_struct_safe/200000/upper/EUCFQ9KW,/home/htaucare/Tesis_Amaro/outputs/dgcnn/grid_pro_runner_v2_gpu1/exp06_bs8_lr2e4_k20_emb768_bg003/inference,inference_all/test_row47_EUCFQ9KW.png,inference_errors/test_row47_EUCFQ9KW.png,inference_d21/test_row47_EUCFQ9KW.png,predictions/test_row47_EUCFQ9KW_xyz.npy,predictions/test_row47_EUCFQ9KW_gt.npy,predictions/test_row47_EUCFQ9KW_pred.npy,0.9539794921875,0.9792429792429792,0.9773128651550346,0.956081645697547,0.9975579975519075,0.9878048780186645,0.9759036143990419,0.9959716796862841,0.907563025184662,0.8307692307266272,0.9772510667224776
DGCNN,48,test_row48_LE4E8YWJ,LE4E8YWJ,upper,/home/htaucare/Tesis_Amaro/data/Teeth_3ds/processed_struct_safe/200000/upper/LE4E8YWJ,/home/htaucare/Tesis_Amaro/outputs/dgcnn/grid_pro_runner_v2_gpu1/exp06_bs8_lr2e4_k20_emb768_bg003/inference,inference_all/test_row48_LE4E8YWJ.png,inference_errors/test_row48_LE4E8YWJ.png,inference_d21/test_row48_LE4E8YWJ.png,predictions/test_row48_LE4E8YWJ_xyz.npy,predictions/test_row48_LE4E8YWJ_gt.npy,predictions/test_row48_LE4E8YWJ_pred.npy,0.9569091796875,0.9725274725274725,0.9712802475101653,0.9446076060090426,0.9975579975519075,0.9844961239928489,0.9694656487809568,0.9971923828112826,0.9169675089921672,0.8466666666102222,0.9712200253762264
DGCNN,49,test_row49_01FAXM1D,01FAXM1D,upper,/home/htaucare/Tesis_Amaro/data/Teeth_3ds/processed_struct_safe/200000/upper/01FAXM1D,/home/htaucare/Tesis_Amaro/outputs/dgcnn/grid_pro_runner_v2_gpu1/exp06_bs8_lr2e4_k20_emb768_bg003/inference,inference_all/test_row49_01FAXM1D.png,inference_errors/test_row49_01FAXM1D.png,inference_d21/test_row49_01FAXM1D.png,predictions/test_row49_01FAXM1D_xyz.npy,predictions/test_row49_01FAXM1D_gt.npy,predictions/test_row49_01FAXM1D_pred.npy,0.943115234375,0.9822954822954822,0.9829896282586318,0.9668090704586981,0.9963369963309138,0.9802631578624913,0.9612903225186263,0.9942626953112862,0.8637681159169922,0.7602040815938671,0.9775812536105781
DGCNN,50,test_row50_RTPHYQ5V,RTPHYQ5V,upper,/home/htaucare/Tesis_Amaro/data/Teeth_3ds/processed_struct_safe/200000/upper/RTPHYQ5V,/home/htaucare/Tesis_Amaro/outputs/dgcnn/grid_pro_runner_v2_gpu1/exp06_bs8_lr2e4_k20_emb768_bg003/inference,inference_all/test_row50_RTPHYQ5V.png,inference_errors/test_row50_RTPHYQ5V.png,inference_d21/test_row50_RTPHYQ5V.png,predictions/test_row50_RTPHYQ5V_xyz.npy,predictions/test_row50_RTPHYQ5V_gt.npy,predictions/test_row50_RTPHYQ5V_pred.npy,0.951416015625,0.9169719169719169,0.8509681784560953,0.798739606026992,0.99511599510992,0.9757575757280074,0.9526627218371205,0.9974365234362823,0.938775510176712,0.8846153845667794,0.9003057339847755
DGCNN,51,test_row51_M7RTPNPC,M7RTPNPC,upper,/home/htaucare/Tesis_Amaro/data/Teeth_3ds/processed_struct_safe/200000/upper/M7RTPNPC,/home/htaucare/Tesis_Amaro/outputs/dgcnn/grid_pro_runner_v2_gpu1/exp06_bs8_lr2e4_k20_emb768_bg003/inference,inference_all/test_row51_M7RTPNPC.png,inference_errors/test_row51_M7RTPNPC.png,inference_d21/test_row51_M7RTPNPC.png,predictions/test_row51_M7RTPNPC_xyz.npy,predictions/test_row51_M7RTPNPC_gt.npy,predictions/test_row51_M7RTPNPC_pred.npy,0.941162109375,0.9700854700854701,0.9724070452114327,0.9465539288589365,0.9938949938889262,0.9683544303491027,0.9386503066908803,0.9924316406237884,0.8315217391078391,0.7116279069436452,0.9639174586921437
DGCNN,52,test_row52_AQLXAN8L,AQLXAN8L,upper,/home/htaucare/Tesis_Amaro/data/Teeth_3ds/processed_struct_safe/200000/upper/AQLXAN8L,/home/htaucare/Tesis_Amaro/outputs/dgcnn/grid_pro_runner_v2_gpu1/exp06_bs8_lr2e4_k20_emb768_bg003/inference,inference_all/test_row52_AQLXAN8L.png,inference_errors/test_row52_AQLXAN8L.png,inference_d21/test_row52_AQLXAN8L.png,predictions/test_row52_AQLXAN8L_xyz.npy,predictions/test_row52_AQLXAN8L_gt.npy,predictions/test_row52_AQLXAN8L_pred.npy,0.9539794921875,0.9798534798534798,0.9805214966575989,0.9620459395375807,0.9938949938889262,0.961240310040262,0.9253731342593005,0.9975585937487822,0.9253731342938293,0.8611111110513117,0.966262014068926
DGCNN,53,test_row53_L8IYFLQP,L8IYFLQP,upper,/home/htaucare/Tesis_Amaro/data/Teeth_3ds/processed_struct_safe/200000/upper/L8IYFLQP,/home/htaucare/Tesis_Amaro/outputs/dgcnn/grid_pro_runner_v2_gpu1/exp06_bs8_lr2e4_k20_emb768_bg003/inference,inference_all/test_row53_L8IYFLQP.png,inference_errors/test_row53_L8IYFLQP.png,inference_d21/test_row53_L8IYFLQP.png,predictions/test_row53_L8IYFLQP_xyz.npy,predictions/test_row53_L8IYFLQP_gt.npy,predictions/test_row53_L8IYFLQP_pred.npy,0.9580078125,0.9774114774114774,0.9801289518141311,0.9612621714882444,0.9945054944994232,0.9644268774322361,0.9312977098525727,0.9948730468737854,0.8531468531170228,0.7439024389790303,0.9675612195417119
DGCNN,54,test_row54_CK45DVLG,CK45DVLG,upper,/home/htaucare/Tesis_Amaro/data/Teeth_3ds/processed_struct_safe/200000/upper/CK45DVLG,/home/htaucare/Tesis_Amaro/outputs/dgcnn/grid_pro_runner_v2_gpu1/exp06_bs8_lr2e4_k20_emb768_bg003/inference,inference_all/test_row54_CK45DVLG.png,inference_errors/test_row54_CK45DVLG.png,inference_d21/test_row54_CK45DVLG.png,predictions/test_row54_CK45DVLG_xyz.npy,predictions/test_row54_CK45DVLG_gt.npy,predictions/test_row54_CK45DVLG_pred.npy,0.9515380859375,0.9511599511599511,0.9494346826302362,0.9060085645800579,0.99511599510992,0.9696969696602388,0.9411764705190311,0.995239257811285,0.8677966101400747,0.7664670658223672,0.9487092966326929
DGCNN,55,test_row55_0154T9CN,0154T9CN,upper,/home/htaucare/Tesis_Amaro/data/Teeth_3ds/processed_struct_safe/200000/upper/0154T9CN,/home/htaucare/Tesis_Amaro/outputs/dgcnn/grid_pro_runner_v2_gpu1/exp06_bs8_lr2e4_k20_emb768_bg003/inference,inference_all/test_row55_0154T9CN.png,inference_errors/test_row55_0154T9CN.png,inference_d21/test_row55_0154T9CN.png,predictions/test_row55_0154T9CN_xyz.npy,predictions/test_row55_0154T9CN_gt.npy,predictions/test_row55_0154T9CN_pred.npy,0.94287109375,0.9768009768009768,0.9753106202774484,0.9525662338111998,0.9975579975519075,0.9885057470980314,0.9772727272172004,0.9956054687487845,0.9052631578709142,0.826923076883321,0.9762220870711777
DGCNN,56,test_row56_APLDXK7R,APLDXK7R,upper,/home/htaucare/Tesis_Amaro/data/Teeth_3ds/processed_struct_safe/200000/upper/APLDXK7R,/home/htaucare/Tesis_Amaro/outputs/dgcnn/grid_pro_runner_v2_gpu1/exp06_bs8_lr2e4_k20_emb768_bg003/inference,inference_all/test_row56_APLDXK7R.png,inference_errors/test_row56_APLDXK7R.png,inference_d21/test_row56_APLDXK7R.png,predictions/test_row56_APLDXK7R_xyz.npy,predictions/test_row56_APLDXK7R_gt.npy,predictions/test_row56_APLDXK7R_pred.npy,0.8406982421875,0.4456654456654457,0.4203877970496933,0.40890653515549563,0.9963369963309138,0.9854368931799651,0.9712918659822348,0.9958496093737843,0.9227272727063016,0.8565400843520447,0.7000420296412797
DGCNN,57,test_row57_ENQ0R553,ENQ0R553,upper,/home/htaucare/Tesis_Amaro/data/Teeth_3ds/processed_struct_safe/200000/upper/ENQ0R553,/home/htaucare/Tesis_Amaro/outputs/dgcnn/grid_pro_runner_v2_gpu1/exp06_bs8_lr2e4_k20_emb768_bg003/inference,inference_all/test_row57_ENQ0R553.png,inference_errors/test_row57_ENQ0R553.png,inference_d21/test_row57_ENQ0R553.png,predictions/test_row57_ENQ0R553_xyz.npy,predictions/test_row57_ENQ0R553_gt.npy,predictions/test_row57_ENQ0R553_pred.npy,0.9444580078125,0.9700854700854701,0.9680027635442698,0.9387226324738146,0.9969474969414106,0.9837133550168171,0.9679487178866699,0.9945068359362859,0.8703170028567632,0.7704081632259996,0.9685380265129296
DGCNN,58,test_row58_VR3C4L0M,VR3C4L0M,upper,/home/htaucare/Tesis_Amaro/data/Teeth_3ds/processed_struct_safe/200000/upper/VR3C4L0M,/home/htaucare/Tesis_Amaro/outputs/dgcnn/grid_pro_runner_v2_gpu1/exp06_bs8_lr2e4_k20_emb768_bg003/inference,inference_all/test_row58_VR3C4L0M.png,inference_errors/test_row58_VR3C4L0M.png,inference_d21/test_row58_VR3C4L0M.png,predictions/test_row58_VR3C4L0M_xyz.npy,predictions/test_row58_VR3C4L0M_gt.npy,predictions/test_row58_VR3C4L0M_pred.npy,0.9310302734375,0.9816849816849816,0.9852168529408002,0.9710773822729853,0.9975579975519075,0.9856115107559132,0.9716312056048488,0.9956054687487845,0.8838709677134235,0.791907514405092,0.9818793141814031
DGCNN,59,test_row59_PBG8YZJ9,PBG8YZJ9,upper,/home/htaucare/Tesis_Amaro/data/Teeth_3ds/processed_struct_safe/200000/upper/PBG8YZJ9,/home/htaucare/Tesis_Amaro/outputs/dgcnn/grid_pro_runner_v2_gpu1/exp06_bs8_lr2e4_k20_emb768_bg003/inference,inference_all/test_row59_PBG8YZJ9.png,inference_errors/test_row59_PBG8YZJ9.png,inference_d21/test_row59_PBG8YZJ9.png,predictions/test_row59_PBG8YZJ9_xyz.npy,predictions/test_row59_PBG8YZJ9_gt.npy,predictions/test_row59_PBG8YZJ9_pred.npy,0.940185546875,0.981074481074481,0.9812745204805722,0.9634426012715375,0.9957264957204168,0.9731800765910659,0.9477611939591223,0.990356445311291,0.762762762739857,0.6165048543390046,0.9727693187335603
DGCNN,60,test_row60_01KRCSKD,01KRCSKD,upper,/home/htaucare/Tesis_Amaro/data/Teeth_3ds/processed_struct_safe/200000/upper/01KRCSKD,/home/htaucare/Tesis_Amaro/outputs/dgcnn/grid_pro_runner_v2_gpu1/exp06_bs8_lr2e4_k20_emb768_bg003/inference,inference_all/test_row60_01KRCSKD.png,inference_errors/test_row60_01KRCSKD.png,inference_d21/test_row60_01KRCSKD.png,predictions/test_row60_01KRCSKD_xyz.npy,predictions/test_row60_01KRCSKD_gt.npy,predictions/test_row60_01KRCSKD_pred.npy,0.947265625,0.9566544566544567,0.9590804630062405,0.9244562802025362,0.9987789987729013,0.9924812029702075,0.9850746267921585,0.9967041015612832,0.907216494814185,0.8301886791930698,0.9671247872872979
DGCNN,61,test_row61_013ZD6EX,013ZD6EX,upper,/home/htaucare/Tesis_Amaro/data/Teeth_3ds/processed_struct_safe/200000/upper/013ZD6EX,/home/htaucare/Tesis_Amaro/outputs/dgcnn/grid_pro_runner_v2_gpu1/exp06_bs8_lr2e4_k20_emb768_bg003/inference,inference_all/test_row61_013ZD6EX.png,inference_errors/test_row61_013ZD6EX.png,inference_d21/test_row61_013ZD6EX.png,predictions/test_row61_013ZD6EX_xyz.npy,predictions/test_row61_013ZD6EX_gt.npy,predictions/test_row61_013ZD6EX_pred.npy,0.93017578125,0.887057387057387,0.8610460690642122,0.7841170294800562,0.99511599510992,0.974683544272953,0.9506172838919371,0.992797851561288,0.8392370571978409,0.7230046948017368,0.8986325467725437
DGCNN,62,test_row62_202Z1L1N,202Z1L1N,upper,/home/htaucare/Tesis_Amaro/data/Teeth_3ds/processed_struct_safe/200000/upper/202Z1L1N,/home/htaucare/Tesis_Amaro/outputs/dgcnn/grid_pro_runner_v2_gpu1/exp06_bs8_lr2e4_k20_emb768_bg003/inference,inference_all/test_row62_202Z1L1N.png,inference_errors/test_row62_202Z1L1N.png,inference_d21/test_row62_202Z1L1N.png,predictions/test_row62_202Z1L1N_xyz.npy,predictions/test_row62_202Z1L1N_gt.npy,predictions/test_row62_202Z1L1N_pred.npy,0.913818359375,0.8431013431013431,0.7549297658353823,0.6963767139025846,0.9926739926679324,0.9473684210110803,0.899999999925,0.9907226562487905,0.7397260273719272,0.5869565217072306,0.8365108304400318
DGCNN,63,test_row63_9U19TREK,9U19TREK,upper,/home/htaucare/Tesis_Amaro/data/Teeth_3ds/processed_struct_safe/200000/upper/9U19TREK,/home/htaucare/Tesis_Amaro/outputs/dgcnn/grid_pro_runner_v2_gpu1/exp06_bs8_lr2e4_k20_emb768_bg003/inference,inference_all/test_row63_9U19TREK.png,inference_errors/test_row63_9U19TREK.png,inference_d21/test_row63_9U19TREK.png,predictions/test_row63_9U19TREK_xyz.npy,predictions/test_row63_9U19TREK_gt.npy,predictions/test_row63_9U19TREK_pred.npy,0.9495849609375,0.9761904761904762,0.9759482396970467,0.9535568894264735,0.9908424908364418,0.9575070821258497,0.9184782608196479,0.9932861328112874,0.8600508905633575,0.7544642856806042,0.9611298233438049
DGCNN,64,test_row64_01AS9ER0,01AS9ER0,upper,/home/htaucare/Tesis_Amaro/data/Teeth_3ds/processed_struct_safe/200000/upper/01AS9ER0,/home/htaucare/Tesis_Amaro/outputs/dgcnn/grid_pro_runner_v2_gpu1/exp06_bs8_lr2e4_k20_emb768_bg003/inference,inference_all/test_row64_01AS9ER0.png,inference_errors/test_row64_01AS9ER0.png,inference_d21/test_row64_01AS9ER0.png,predictions/test_row64_01AS9ER0_xyz.npy,predictions/test_row64_01AS9ER0_gt.npy,predictions/test_row64_01AS9ER0_pred.npy,0.9569091796875,0.9761904761904762,0.9758843678708293,0.9531709050838998,0.9987789987729013,0.9887640448882716,0.9777777776691359,0.9987792968737806,0.946236559088912,0.8979591835818409,0.9766458406828181
DGCNN,65,test_row65_08VJ02L0,08VJ02L0,upper,/home/htaucare/Tesis_Amaro/data/Teeth_3ds/processed_struct_safe/200000/upper/08VJ02L0,/home/htaucare/Tesis_Amaro/outputs/dgcnn/grid_pro_runner_v2_gpu1/exp06_bs8_lr2e4_k20_emb768_bg003/inference,inference_all/test_row65_08VJ02L0.png,inference_errors/test_row65_08VJ02L0.png,inference_d21/test_row65_08VJ02L0.png,predictions/test_row65_08VJ02L0_xyz.npy,predictions/test_row65_08VJ02L0_gt.npy,predictions/test_row65_08VJ02L0_pred.npy,0.906005859375,0.7680097680097681,0.7499715002010857,0.7298238836240252,0.9926739926679324,0.9642857142570153,0.9310344827051129,0.9946289062487857,0.8804347825847708,0.7864077669521161,0.8520917030847853
DGCNN,66,test_row66_01FC0082,01FC0082,upper,/home/htaucare/Tesis_Amaro/data/Teeth_3ds/processed_struct_safe/200000/upper/01FC0082,/home/htaucare/Tesis_Amaro/outputs/dgcnn/grid_pro_runner_v2_gpu1/exp06_bs8_lr2e4_k20_emb768_bg003/inference,inference_all/test_row66_01FC0082.png,inference_errors/test_row66_01FC0082.png,inference_d21/test_row66_01FC0082.png,predictions/test_row66_01FC0082_xyz.npy,predictions/test_row66_01FC0082_gt.npy,predictions/test_row66_01FC0082_pred.npy,0.95556640625,0.9896214896214897,0.9078735793827253,0.8993580792488216,0.9987789987729013,0.9950980391912966,0.9902439023907198,0.9970703124987828,0.9441860464896701,0.8942731277139087,0.949356934253535
DGCNN,67,test_row67_56R9FBMK,56R9FBMK,upper,/home/htaucare/Tesis_Amaro/data/Teeth_3ds/processed_struct_safe/200000/upper/56R9FBMK,/home/htaucare/Tesis_Amaro/outputs/dgcnn/grid_pro_runner_v2_gpu1/exp06_bs8_lr2e4_k20_emb768_bg003/inference,inference_all/test_row67_56R9FBMK.png,inference_errors/test_row67_56R9FBMK.png,inference_d21/test_row67_56R9FBMK.png,predictions/test_row67_56R9FBMK_xyz.npy,predictions/test_row67_56R9FBMK_gt.npy,predictions/test_row67_56R9FBMK_pred.npy,0.939697265625,0.9768009768009768,0.977739648817915,0.9568820448852638,0.9981684981624044,0.9894736841758079,0.9791666665986689,0.9931640624987875,0.8343195266025349,0.7157360405728053,0.9783922655136986
DGCNN,68,test_row68_SW62DGWI,SW62DGWI,upper,/home/htaucare/Tesis_Amaro/data/Teeth_3ds/processed_struct_safe/200000/upper/SW62DGWI,/home/htaucare/Tesis_Amaro/outputs/dgcnn/grid_pro_runner_v2_gpu1/exp06_bs8_lr2e4_k20_emb768_bg003/inference,inference_all/test_row68_SW62DGWI.png,inference_errors/test_row68_SW62DGWI.png,inference_d21/test_row68_SW62DGWI.png,predictions/test_row68_SW62DGWI_xyz.npy,predictions/test_row68_SW62DGWI_gt.npy,predictions/test_row68_SW62DGWI_pred.npy,0.957275390625,0.9865689865689866,0.987625621707575,0.9757661344951813,0.9945054944994232,0.9789227166047091,0.9587155962862974,0.9978027343737819,0.9587155963082863,0.9207048457744182,0.9803092973530436
DGCNN,69,test_row69_6X24ILNE,6X24ILNE,upper,/home/htaucare/Tesis_Amaro/data/Teeth_3ds/processed_struct_safe/200000/upper/6X24ILNE,/home/htaucare/Tesis_Amaro/outputs/dgcnn/grid_pro_runner_v2_gpu1/exp06_bs8_lr2e4_k20_emb768_bg003/inference,inference_all/test_row69_6X24ILNE.png,inference_errors/test_row69_6X24ILNE.png,inference_d21/test_row69_6X24ILNE.png,predictions/test_row69_6X24ILNE_xyz.npy,predictions/test_row69_6X24ILNE_gt.npy,predictions/test_row69_6X24ILNE_pred.npy,0.921142578125,0.974969474969475,0.9750350326000705,0.9518719990943795,0.9963369963309138,0.9736842104836103,0.9487179486368618,0.9956054687487845,0.8604651162457184,0.755102040764959,0.9685688631654177
DGCNN,70,test_row70_BIIEY91S,BIIEY91S,upper,/home/htaucare/Tesis_Amaro/data/Teeth_3ds/processed_struct_safe/200000/upper/BIIEY91S,/home/htaucare/Tesis_Amaro/outputs/dgcnn/grid_pro_runner_v2_gpu1/exp06_bs8_lr2e4_k20_emb768_bg003/inference,inference_all/test_row70_BIIEY91S.png,inference_errors/test_row70_BIIEY91S.png,inference_d21/test_row70_BIIEY91S.png,predictions/test_row70_BIIEY91S_xyz.npy,predictions/test_row70_BIIEY91S_gt.npy,predictions/test_row70_BIIEY91S_pred.npy,0.9444580078125,0.9743589743589743,0.9693405355977557,0.9420296641985207,0.9926739926679324,0.9531249999627686,0.9104477611260859,0.995239257811285,0.8621908126903819,0.7577639751082134,0.9544050499304534
DGCNN,71,test_row71_3EU06ZN9,3EU06ZN9,upper,/home/htaucare/Tesis_Amaro/data/Teeth_3ds/processed_struct_safe/200000/upper/3EU06ZN9,/home/htaucare/Tesis_Amaro/outputs/dgcnn/grid_pro_runner_v2_gpu1/exp06_bs8_lr2e4_k20_emb768_bg003/inference,inference_all/test_row71_3EU06ZN9.png,inference_errors/test_row71_3EU06ZN9.png,inference_d21/test_row71_3EU06ZN9.png,predictions/test_row71_3EU06ZN9_xyz.npy,predictions/test_row71_3EU06ZN9_gt.npy,predictions/test_row71_3EU06ZN9_pred.npy,0.8138427734375,0.3266178266178266,0.2945541884104609,0.23748431917605833,0.8901098901044561,0.18918918918066716,0.1044776119351006,0.97485351562381,0.1693548387028486,0.09251101321178365,0.22760422148696335
DGCNN,72,test_row72_QQKBAWLF,QQKBAWLF,upper,/home/htaucare/Tesis_Amaro/data/Teeth_3ds/processed_struct_safe/200000/upper/QQKBAWLF,/home/htaucare/Tesis_Amaro/outputs/dgcnn/grid_pro_runner_v2_gpu1/exp06_bs8_lr2e4_k20_emb768_bg003/inference,inference_all/test_row72_QQKBAWLF.png,inference_errors/test_row72_QQKBAWLF.png,inference_d21/test_row72_QQKBAWLF.png,predictions/test_row72_QQKBAWLF_xyz.npy,predictions/test_row72_QQKBAWLF_gt.npy,predictions/test_row72_QQKBAWLF_pred.npy,0.8914794921875,0.8492063492063492,0.7772346846208202,0.6881061198503351,0.9902319902259449,0.925925925883059,0.8620689654429251,0.9920654296862889,0.7547169811035955,0.6060606060238751,0.8292981640593184
DGCNN,73,test_row73_1LYSVDBP,1LYSVDBP,upper,/home/htaucare/Tesis_Amaro/data/Teeth_3ds/processed_struct_safe/200000/upper/1LYSVDBP,/home/htaucare/Tesis_Amaro/outputs/dgcnn/grid_pro_runner_v2_gpu1/exp06_bs8_lr2e4_k20_emb768_bg003/inference,inference_all/test_row73_1LYSVDBP.png,inference_errors/test_row73_1LYSVDBP.png,inference_d21/test_row73_1LYSVDBP.png,predictions/test_row73_1LYSVDBP_xyz.npy,predictions/test_row73_1LYSVDBP_gt.npy,predictions/test_row73_1LYSVDBP_pred.npy,0.9501953125,0.9957264957264957,0.9958808895542987,0.9918256877663437,0.9993894993833982,0.9968847351714366,0.9937888198140503,0.9938964843737866,0.8648648648414902,0.7619047618684807,0.9953690119158789
DGCNN,74,test_row74_K6LK1YRK,K6LK1YRK,upper,/home/htaucare/Tesis_Amaro/data/Teeth_3ds/processed_struct_safe/200000/upper/K6LK1YRK,/home/htaucare/Tesis_Amaro/outputs/dgcnn/grid_pro_runner_v2_gpu1/exp06_bs8_lr2e4_k20_emb768_bg003/inference,inference_all/test_row74_K6LK1YRK.png,inference_errors/test_row74_K6LK1YRK.png,inference_d21/test_row74_K6LK1YRK.png,predictions/test_row74_K6LK1YRK_xyz.npy,predictions/test_row74_K6LK1YRK_gt.npy,predictions/test_row74_K6LK1YRK_pred.npy,0.9556884765625,0.9755799755799756,0.9754383843727173,0.9526707101782482,0.9945054944994232,0.9677419354491849,0.9374999999348957,0.9934082031237872,0.8333333333076132,0.7142857142479213,0.9658982413623338
DGCNN,75,test_row75_019GGYZ4,019GGYZ4,upper,/home/htaucare/Tesis_Amaro/data/Teeth_3ds/processed_struct_safe/200000/upper/019GGYZ4,/home/htaucare/Tesis_Amaro/outputs/dgcnn/grid_pro_runner_v2_gpu1/exp06_bs8_lr2e4_k20_emb768_bg003/inference,inference_all/test_row75_019GGYZ4.png,inference_errors/test_row75_019GGYZ4.png,inference_d21/test_row75_019GGYZ4.png,predictions/test_row75_019GGYZ4_xyz.npy,predictions/test_row75_019GGYZ4_gt.npy,predictions/test_row75_019GGYZ4_pred.npy,0.9530029296875,0.9822954822954822,0.9824938923280391,0.9657768720475955,0.9975579975519075,0.9852941176108347,0.9710144926832598,0.9965820312487834,0.9054054053748174,0.8271604937761011,0.979714749899326
DGCNN,76,test_row76_K8SZYQ72,K8SZYQ72,upper,/home/htaucare/Tesis_Amaro/data/Teeth_3ds/processed_struct_safe/200000/upper/K8SZYQ72,/home/htaucare/Tesis_Amaro/outputs/dgcnn/grid_pro_runner_v2_gpu1/exp06_bs8_lr2e4_k20_emb768_bg003/inference,inference_all/test_row76_K8SZYQ72.png,inference_errors/test_row76_K8SZYQ72.png,inference_d21/test_row76_K8SZYQ72.png,predictions/test_row76_K8SZYQ72_xyz.npy,predictions/test_row76_K8SZYQ72_gt.npy,predictions/test_row76_K8SZYQ72_pred.npy,0.9405517578125,0.9597069597069597,0.9625312512944045,0.9286069641472903,0.9890109890049511,0.9196428571018016,0.8512396693511373,0.9934082031237872,0.7923076922772189,0.656050955372226,0.9326059824113245
DGCNN,77,test_row77_WINM1RGX,WINM1RGX,upper,/home/htaucare/Tesis_Amaro/data/Teeth_3ds/processed_struct_safe/200000/upper/WINM1RGX,/home/htaucare/Tesis_Amaro/outputs/dgcnn/grid_pro_runner_v2_gpu1/exp06_bs8_lr2e4_k20_emb768_bg003/inference,inference_all/test_row77_WINM1RGX.png,inference_errors/test_row77_WINM1RGX.png,inference_d21/test_row77_WINM1RGX.png,predictions/test_row77_WINM1RGX_xyz.npy,predictions/test_row77_WINM1RGX_gt.npy,predictions/test_row77_WINM1RGX_pred.npy,0.94677734375,0.9768009768009768,0.9722450737639317,0.9471618280196648,0.9945054944994232,0.9606986899143799,0.9243697478214816,0.9930419921862877,0.7942238266861291,0.6586826346910968,0.960201070403089
DGCNN,78,test_row78_0171X5EV,0171X5EV,upper,/home/htaucare/Tesis_Amaro/data/Teeth_3ds/processed_struct_safe/200000/upper/0171X5EV,/home/htaucare/Tesis_Amaro/outputs/dgcnn/grid_pro_runner_v2_gpu1/exp06_bs8_lr2e4_k20_emb768_bg003/inference,inference_all/test_row78_0171X5EV.png,inference_errors/test_row78_0171X5EV.png,inference_d21/test_row78_0171X5EV.png,predictions/test_row78_0171X5EV_xyz.npy,predictions/test_row78_0171X5EV_gt.npy,predictions/test_row78_0171X5EV_pred.npy,0.9580078125,0.9804639804639804,0.9798698351327124,0.9606997893210351,0.9945054944994232,0.9657794676438867,0.9338235293431012,0.9943847656237861,0.8466666666384445,0.7341040462003408,0.9680321399353802
DGCNN,79,test_row79_4OTQF1P6,4OTQF1P6,upper,/home/htaucare/Tesis_Amaro/data/Teeth_3ds/processed_struct_safe/200000/upper/4OTQF1P6,/home/htaucare/Tesis_Amaro/outputs/dgcnn/grid_pro_runner_v2_gpu1/exp06_bs8_lr2e4_k20_emb768_bg003/inference,inference_all/test_row79_4OTQF1P6.png,inference_errors/test_row79_4OTQF1P6.png,inference_d21/test_row79_4OTQF1P6.png,predictions/test_row79_4OTQF1P6_xyz.npy,predictions/test_row79_4OTQF1P6_gt.npy,predictions/test_row79_4OTQF1P6_pred.npy,0.9552001953125,0.9706959706959707,0.9686057052540057,0.9408865090073533,0.9969474969414106,0.9828178693820337,0.9662162161509313,0.9951171874987852,0.8773006134700214,0.7814207649846218,0.9687819882563566
DGCNN,80,test_row80_016G9TFH,016G9TFH,upper,/home/htaucare/Tesis_Amaro/data/Teeth_3ds/processed_struct_safe/200000/upper/016G9TFH,/home/htaucare/Tesis_Amaro/outputs/dgcnn/grid_pro_runner_v2_gpu1/exp06_bs8_lr2e4_k20_emb768_bg003/inference,inference_all/test_row80_016G9TFH.png,inference_errors/test_row80_016G9TFH.png,inference_d21/test_row80_016G9TFH.png,predictions/test_row80_016G9TFH_xyz.npy,predictions/test_row80_016G9TFH_gt.npy,predictions/test_row80_016G9TFH_pred.npy,0.9552001953125,0.9841269841269841,0.9827598389940694,0.9667264278147973,0.9969474969414106,0.9797570849805766,0.9603174602412446,0.9948730468737854,0.852112676026334,0.7423312882980164,0.977250109192505
DGCNN,81,test_row81_9TLHF8TV,9TLHF8TV,upper,/home/htaucare/Tesis_Amaro/data/Teeth_3ds/processed_struct_safe/200000/upper/9TLHF8TV,/home/htaucare/Tesis_Amaro/outputs/dgcnn/grid_pro_runner_v2_gpu1/exp06_bs8_lr2e4_k20_emb768_bg003/inference,inference_all/test_row81_9TLHF8TV.png,inference_errors/test_row81_9TLHF8TV.png,inference_d21/test_row81_9TLHF8TV.png,predictions/test_row81_9TLHF8TV_xyz.npy,predictions/test_row81_9TLHF8TV_gt.npy,predictions/test_row81_9TLHF8TV_pred.npy,0.9561767578125,0.9737484737484737,0.9760002229768288,0.9536894855076931,0.9975579975519075,0.9826086956094517,0.9658119657294179,0.9962158203112839,0.8793774318723977,0.7847222221677276,0.9737267749258564
DGCNN,82,test_row82_2HVVCR7B,2HVVCR7B,upper,/home/htaucare/Tesis_Amaro/data/Teeth_3ds/processed_struct_safe/200000/upper/2HVVCR7B,/home/htaucare/Tesis_Amaro/outputs/dgcnn/grid_pro_runner_v2_gpu1/exp06_bs8_lr2e4_k20_emb768_bg003/inference,inference_all/test_row82_2HVVCR7B.png,inference_errors/test_row82_2HVVCR7B.png,inference_d21/test_row82_2HVVCR7B.png,predictions/test_row82_2HVVCR7B_xyz.npy,predictions/test_row82_2HVVCR7B_gt.npy,predictions/test_row82_2HVVCR7B_pred.npy,0.917236328125,0.9261294261294262,0.9279385328744975,0.8715089073229452,0.9871794871734605,0.9163346613180743,0.845588235231942,0.9916992187487893,0.771812080511013,0.6284153005121085,0.9080291907083978
DGCNN,83,test_row83_01HJHZ5X,01HJHZ5X,upper,/home/htaucare/Tesis_Amaro/data/Teeth_3ds/processed_struct_safe/200000/upper/01HJHZ5X,/home/htaucare/Tesis_Amaro/outputs/dgcnn/grid_pro_runner_v2_gpu1/exp06_bs8_lr2e4_k20_emb768_bg003/inference,inference_all/test_row83_01HJHZ5X.png,inference_errors/test_row83_01HJHZ5X.png,inference_d21/test_row83_01HJHZ5X.png,predictions/test_row83_01HJHZ5X_xyz.npy,predictions/test_row83_01HJHZ5X_gt.npy,predictions/test_row83_01HJHZ5X_pred.npy,0.9559326171875,0.9804639804639804,0.9788554383219868,0.9593360295471477,0.9963369963309138,0.9833333333060185,0.9672131147012452,0.9964599609362835,0.9242819843100709,0.8592233009291639,0.9762145336202929
DGCNN,84,test_row84_AD8EQEUR,AD8EQEUR,upper,/home/htaucare/Tesis_Amaro/data/Teeth_3ds/processed_struct_safe/200000/upper/AD8EQEUR,/home/htaucare/Tesis_Amaro/outputs/dgcnn/grid_pro_runner_v2_gpu1/exp06_bs8_lr2e4_k20_emb768_bg003/inference,inference_all/test_row84_AD8EQEUR.png,inference_errors/test_row84_AD8EQEUR.png,inference_d21/test_row84_AD8EQEUR.png,predictions/test_row84_AD8EQEUR_xyz.npy,predictions/test_row84_AD8EQEUR_gt.npy,predictions/test_row84_AD8EQEUR_pred.npy,0.8385009765625,0.6123321123321124,0.5183980445065443,0.4343316053295583,0.8669108669055745,0.07627118643744614,0.03964757709076442,0.9652099609363217,0.05940594059209881,0.03061224489691795,0.27631800567774867
DGCNN,85,test_row85_01909P9K,01909P9K,upper,/home/htaucare/Tesis_Amaro/data/Teeth_3ds/processed_struct_safe/200000/upper/01909P9K,/home/htaucare/Tesis_Amaro/outputs/dgcnn/grid_pro_runner_v2_gpu1/exp06_bs8_lr2e4_k20_emb768_bg003/inference,inference_all/test_row85_01909P9K.png,inference_errors/test_row85_01909P9K.png,inference_d21/test_row85_01909P9K.png,predictions/test_row85_01909P9K_xyz.npy,predictions/test_row85_01909P9K_gt.npy,predictions/test_row85_01909P9K_pred.npy,0.949951171875,0.9908424908424909,0.9919672715367823,0.9841130687251317,0.9981684981624044,0.9893238433811629,0.9788732393676849,0.9956054687487845,0.8853503184431417,0.7942857142403265,0.9886820067560599
DGCNN,86,test_row86_HM1A4QZR,HM1A4QZR,upper,/home/htaucare/Tesis_Amaro/data/Teeth_3ds/processed_struct_safe/200000/upper/HM1A4QZR,/home/htaucare/Tesis_Amaro/outputs/dgcnn/grid_pro_runner_v2_gpu1/exp06_bs8_lr2e4_k20_emb768_bg003/inference,inference_all/test_row86_HM1A4QZR.png,inference_errors/test_row86_HM1A4QZR.png,inference_d21/test_row86_HM1A4QZR.png,predictions/test_row86_HM1A4QZR_xyz.npy,predictions/test_row86_HM1A4QZR_gt.npy,predictions/test_row86_HM1A4QZR_pred.npy,0.9517822265625,0.9700854700854701,0.9704707012646365,0.9437816638959574,0.9987789987729013,0.9937888198449134,0.9876543209266879,0.9970703124987828,0.9302325581124932,0.8695652173440453,0.9754575012126052
DGCNN,87,test_row87_013Z9SM2,013Z9SM2,upper,/home/htaucare/Tesis_Amaro/data/Teeth_3ds/processed_struct_safe/200000/upper/013Z9SM2,/home/htaucare/Tesis_Amaro/outputs/dgcnn/grid_pro_runner_v2_gpu1/exp06_bs8_lr2e4_k20_emb768_bg003/inference,inference_all/test_row87_013Z9SM2.png,inference_errors/test_row87_013Z9SM2.png,inference_d21/test_row87_013Z9SM2.png,predictions/test_row87_013Z9SM2_xyz.npy,predictions/test_row87_013Z9SM2_gt.npy,predictions/test_row87_013Z9SM2_pred.npy,0.914794921875,0.924908424908425,0.8571951941240953,0.8229734062285452,0.9981684981624044,0.9917355371627621,0.9836065573233002,0.9940185546862865,0.8801955990004842,0.7860262008390382,0.9159099186695412
DGCNN,88,test_row88_MAIPESOV,MAIPESOV,upper,/home/htaucare/Tesis_Amaro/data/Teeth_3ds/processed_struct_safe/200000/upper/MAIPESOV,/home/htaucare/Tesis_Amaro/outputs/dgcnn/grid_pro_runner_v2_gpu1/exp06_bs8_lr2e4_k20_emb768_bg003/inference,inference_all/test_row88_MAIPESOV.png,inference_errors/test_row88_MAIPESOV.png,inference_d21/test_row88_MAIPESOV.png,predictions/test_row88_MAIPESOV_xyz.npy,predictions/test_row88_MAIPESOV_gt.npy,predictions/test_row88_MAIPESOV_pred.npy,0.9571533203125,0.9700854700854701,0.971624041936691,0.9458231407049162,0.9871794871734605,0.9353846153558343,0.8786127167122189,0.9942626953112862,0.8660968660721909,0.7638190954390041,0.9470541033383189
DGCNN,89,test_row89_015RHV4X,015RHV4X,upper,/home/htaucare/Tesis_Amaro/data/Teeth_3ds/processed_struct_safe/200000/upper/015RHV4X,/home/htaucare/Tesis_Amaro/outputs/dgcnn/grid_pro_runner_v2_gpu1/exp06_bs8_lr2e4_k20_emb768_bg003/inference,inference_all/test_row89_015RHV4X.png,inference_errors/test_row89_015RHV4X.png,inference_d21/test_row89_015RHV4X.png,predictions/test_row89_015RHV4X_xyz.npy,predictions/test_row89_015RHV4X_gt.npy,predictions/test_row89_015RHV4X_pred.npy,0.9588623046875,0.9755799755799756,0.9752943125090557,0.9522036430162667,0.9926739926679324,0.9647058823245674,0.9318181817652376,0.996948242186283,0.9291784702286352,0.8677248676789563,0.9642274300436143
DGCNN,90,test_row90_017FADFV,017FADFV,upper,/home/htaucare/Tesis_Amaro/data/Teeth_3ds/processed_struct_safe/200000/upper/017FADFV,/home/htaucare/Tesis_Amaro/outputs/dgcnn/grid_pro_runner_v2_gpu1/exp06_bs8_lr2e4_k20_emb768_bg003/inference,inference_all/test_row90_017FADFV.png,inference_errors/test_row90_017FADFV.png,inference_d21/test_row90_017FADFV.png,predictions/test_row90_017FADFV_xyz.npy,predictions/test_row90_017FADFV_gt.npy,predictions/test_row90_017FADFV_pred.npy,0.95654296875,0.9761904761904762,0.9759550140800002,0.9535917484935134,0.9938949938889262,0.9647887323603948,0.9319727890522467,0.9964599609362835,0.9042904290130597,0.8253012047695601,0.9647810568235757
DGCNN,91,test_row91_01MAVT6A,01MAVT6A,upper,/home/htaucare/Tesis_Amaro/data/Teeth_3ds/processed_struct_safe/200000/upper/01MAVT6A,/home/htaucare/Tesis_Amaro/outputs/dgcnn/grid_pro_runner_v2_gpu1/exp06_bs8_lr2e4_k20_emb768_bg003/inference,inference_all/test_row91_01MAVT6A.png,inference_errors/test_row91_01MAVT6A.png,inference_d21/test_row91_01MAVT6A.png,predictions/test_row91_01MAVT6A_xyz.npy,predictions/test_row91_01MAVT6A_gt.npy,predictions/test_row91_01MAVT6A_pred.npy,0.9515380859375,0.9822954822954822,0.9824018460149803,0.9659561480550046,0.9993894993833982,0.9967426709773047,0.99350649344198,0.9964599609362835,0.9134328357936289,0.8406593406131505,0.9854608340061486
DGCNN,92,test_row92_VXRFUE19,VXRFUE19,upper,/home/htaucare/Tesis_Amaro/data/Teeth_3ds/processed_struct_safe/200000/upper/VXRFUE19,/home/htaucare/Tesis_Amaro/outputs/dgcnn/grid_pro_runner_v2_gpu1/exp06_bs8_lr2e4_k20_emb768_bg003/inference,inference_all/test_row92_VXRFUE19.png,inference_errors/test_row92_VXRFUE19.png,inference_d21/test_row92_VXRFUE19.png,predictions/test_row92_VXRFUE19_xyz.npy,predictions/test_row92_VXRFUE19_gt.npy,predictions/test_row92_VXRFUE19_pred.npy,0.9443359375,0.9932844932844933,0.9948007630494176,0.9897379483565429,0.9987789987729013,0.994565217364278,0.9891891891357195,0.9963378906237836,0.9242424242190848,0.8591549295371288,0.9934172865336292
DGCNN,94,test_row94_0177JSNX,0177JSNX,upper,/home/htaucare/Tesis_Amaro/data/Teeth_3ds/processed_struct_safe/200000/upper/0177JSNX,/home/htaucare/Tesis_Amaro/outputs/dgcnn/grid_pro_runner_v2_gpu1/exp06_bs8_lr2e4_k20_emb768_bg003/inference,inference_all/test_row94_0177JSNX.png,inference_errors/test_row94_0177JSNX.png,inference_d21/test_row94_0177JSNX.png,predictions/test_row94_0177JSNX_xyz.npy,predictions/test_row94_0177JSNX_gt.npy,predictions/test_row94_0177JSNX_pred.npy,0.955322265625,0.9572649572649573,0.9595175101611632,0.9309480902816974,0.9914529914469387,0.9585798816284443,0.9204545454022468,0.9970703124987828,0.9310344827318668,0.8709677418886577,0.9519063409249373
PointNetTransformer,0,test_row0_01MAVHYZ,01MAVHYZ,upper,/home/htaucare/Tesis_Amaro/data/Teeth_3ds/processed_struct_safe/200000/upper/01MAVHYZ,/home/htaucare/Tesis_Amaro/outputs/pointnettransformer/grid_pro_runner_v2_gpu0/exp13_bs4_lr2e4_dm256_dep4_h8_ff512_do005/inference,inference_all/test_row0_01MAVHYZ.png,inference_errors/test_row0_01MAVHYZ.png,inference_d21/test_row0_01MAVHYZ.png,predictions/test_row0_01MAVHYZ_xyz.npy,predictions/test_row0_01MAVHYZ_gt.npy,predictions/test_row0_01MAVHYZ_pred.npy,0.9171142578125,0.9236874236874237,0.9286328054380873,0.8692814116184834,0.9890109890049511,0.9426751592056473,0.8915662650065321,0.9914550781237896,0.8087431693768102,0.6788990825376652,0.9208161338669663
PointNetTransformer,1,test_row1_01FR2S9H,01FR2S9H,upper,/home/htaucare/Tesis_Amaro/data/Teeth_3ds/processed_struct_safe/200000/upper/01FR2S9H,/home/htaucare/Tesis_Amaro/outputs/pointnettransformer/grid_pro_runner_v2_gpu0/exp13_bs4_lr2e4_dm256_dep4_h8_ff512_do005/inference,inference_all/test_row1_01FR2S9H.png,inference_errors/test_row1_01FR2S9H.png,inference_d21/test_row1_01FR2S9H.png,predictions/test_row1_01FR2S9H_xyz.npy,predictions/test_row1_01FR2S9H_gt.npy,predictions/test_row1_01FR2S9H_pred.npy,0.8935546875,0.8394383394383395,0.6614820558365164,0.5796245039511435,0.9749694749635228,0.8753799391831192,0.7783783783363039,0.9897460937487917,0.7741935483662851,0.6315789473407202,0.7479666095384746
PointNetTransformer,2,test_row2_01AVY0SK,01AVY0SK,upper,/home/htaucare/Tesis_Amaro/data/Teeth_3ds/processed_struct_safe/200000/upper/01AVY0SK,/home/htaucare/Tesis_Amaro/outputs/pointnettransformer/grid_pro_runner_v2_gpu0/exp13_bs4_lr2e4_dm256_dep4_h8_ff512_do005/inference,inference_all/test_row2_01AVY0SK.png,inference_errors/test_row2_01AVY0SK.png,inference_d21/test_row2_01AVY0SK.png,predictions/test_row2_01AVY0SK_xyz.npy,predictions/test_row2_01AVY0SK_gt.npy,predictions/test_row2_01AVY0SK_pred.npy,0.90771484375,0.9029304029304029,0.8985761428856082,0.8181728593853566,0.9822954822894855,0.8862745097691657,0.7957746478312834,0.9929199218737879,0.7957746478593037,0.660818713411648,0.8723245054523241
PointNetTransformer,4,test_row4_OEIWQQMQ,OEIWQQMQ,upper,/home/htaucare/Tesis_Amaro/data/Teeth_3ds/processed_struct_safe/200000/upper/OEIWQQMQ,/home/htaucare/Tesis_Amaro/outputs/pointnettransformer/grid_pro_runner_v2_gpu0/exp13_bs4_lr2e4_dm256_dep4_h8_ff512_do005/inference,inference_all/test_row4_OEIWQQMQ.png,inference_errors/test_row4_OEIWQQMQ.png,inference_d21/test_row4_OEIWQQMQ.png,predictions/test_row4_OEIWQQMQ_xyz.npy,predictions/test_row4_OEIWQQMQ_gt.npy,predictions/test_row4_OEIWQQMQ_pred.npy,0.864990234375,0.6758241758241759,0.5273772150931086,0.44443983782401203,0.9890109890049511,0.9558823529177479,0.9154929577034979,0.9932861328112874,0.8764044943623279,0.7799999999688,0.7208954396881542
PointNetTransformer,5,test_row5_6BWQC0CT,6BWQC0CT,upper,/home/htaucare/Tesis_Amaro/data/Teeth_3ds/processed_struct_safe/200000/upper/6BWQC0CT,/home/htaucare/Tesis_Amaro/outputs/pointnettransformer/grid_pro_runner_v2_gpu0/exp13_bs4_lr2e4_dm256_dep4_h8_ff512_do005/inference,inference_all/test_row5_6BWQC0CT.png,inference_errors/test_row5_6BWQC0CT.png,inference_d21/test_row5_6BWQC0CT.png,predictions/test_row5_6BWQC0CT_xyz.npy,predictions/test_row5_6BWQC0CT_gt.npy,predictions/test_row5_6BWQC0CT_pred.npy,0.9217529296875,0.9572649572649573,0.9552868576081851,0.9150396333566017,0.9938949938889262,0.9659863945249664,0.9342105262543282,0.9924316406237884,0.8208092485311904,0.6960784313384275,0.9505748200036799
PointNetTransformer,6,test_row6_MC39MU3H,MC39MU3H,upper,/home/htaucare/Tesis_Amaro/data/Teeth_3ds/processed_struct_safe/200000/upper/MC39MU3H,/home/htaucare/Tesis_Amaro/outputs/pointnettransformer/grid_pro_runner_v2_gpu0/exp13_bs4_lr2e4_dm256_dep4_h8_ff512_do005/inference,inference_all/test_row6_MC39MU3H.png,inference_errors/test_row6_MC39MU3H.png,inference_d21/test_row6_MC39MU3H.png,predictions/test_row6_MC39MU3H_xyz.npy,predictions/test_row6_MC39MU3H_gt.npy,predictions/test_row6_MC39MU3H_pred.npy,0.912353515625,0.9267399267399268,0.9209718776438791,0.8558268327809408,0.9914529914469387,0.9473684210170162,0.8999999999357142,0.9932861328112874,0.8208469055107216,0.6961325966466225,0.9178838881147131
PointNetTransformer,7,test_row7_ASUXPX7O,ASUXPX7O,upper,/home/htaucare/Tesis_Amaro/data/Teeth_3ds/processed_struct_safe/200000/upper/ASUXPX7O,/home/htaucare/Tesis_Amaro/outputs/pointnettransformer/grid_pro_runner_v2_gpu0/exp13_bs4_lr2e4_dm256_dep4_h8_ff512_do005/inference,inference_all/test_row7_ASUXPX7O.png,inference_errors/test_row7_ASUXPX7O.png,inference_d21/test_row7_ASUXPX7O.png,predictions/test_row7_ASUXPX7O_xyz.npy,predictions/test_row7_ASUXPX7O_gt.npy,predictions/test_row7_ASUXPX7O_pred.npy,0.91455078125,0.9139194139194139,0.9076930711091568,0.8330850690456012,0.9902319902259449,0.9463087248004595,0.8980891719173191,0.9924316406237884,0.8197674418366346,0.6945812807539615,0.9083488974389192
PointNetTransformer,8,test_row8_U1HFBZ1F,U1HFBZ1F,upper,/home/htaucare/Tesis_Amaro/data/Teeth_3ds/processed_struct_safe/200000/upper/U1HFBZ1F,/home/htaucare/Tesis_Amaro/outputs/pointnettransformer/grid_pro_runner_v2_gpu0/exp13_bs4_lr2e4_dm256_dep4_h8_ff512_do005/inference,inference_all/test_row8_U1HFBZ1F.png,inference_errors/test_row8_U1HFBZ1F.png,inference_d21/test_row8_U1HFBZ1F.png,predictions/test_row8_U1HFBZ1F_xyz.npy,predictions/test_row8_U1HFBZ1F_gt.npy,predictions/test_row8_U1HFBZ1F_pred.npy,0.915283203125,0.9536019536019537,0.9489101886466832,0.9035094136899785,0.9920634920574356,0.9534050178869747,0.9109589040471946,0.9890136718737926,0.7471910112149666,0.5964125560270667,0.9398074095276527
PointNetTransformer,9,test_row9_QVUPP39R,QVUPP39R,upper,/home/htaucare/Tesis_Amaro/data/Teeth_3ds/processed_struct_safe/200000/upper/QVUPP39R,/home/htaucare/Tesis_Amaro/outputs/pointnettransformer/grid_pro_runner_v2_gpu0/exp13_bs4_lr2e4_dm256_dep4_h8_ff512_do005/inference,inference_all/test_row9_QVUPP39R.png,inference_errors/test_row9_QVUPP39R.png,inference_d21/test_row9_QVUPP39R.png,predictions/test_row9_QVUPP39R_xyz.npy,predictions/test_row9_QVUPP39R_gt.npy,predictions/test_row9_QVUPP39R_pred.npy,0.80029296875,0.8846153846153846,0.8851863639858945,0.8035215156119967,0.9829059828999823,0.891472868182501,0.8041958041395667,0.9841308593737985,0.6388888888711419,0.4693877550828821,0.8679134039907233
PointNetTransformer,10,test_row10_017APYC4,017APYC4,upper,/home/htaucare/Tesis_Amaro/data/Teeth_3ds/processed_struct_safe/200000/upper/017APYC4,/home/htaucare/Tesis_Amaro/outputs/pointnettransformer/grid_pro_runner_v2_gpu0/exp13_bs4_lr2e4_dm256_dep4_h8_ff512_do005/inference,inference_all/test_row10_017APYC4.png,inference_errors/test_row10_017APYC4.png,inference_d21/test_row10_017APYC4.png,predictions/test_row10_017APYC4_xyz.npy,predictions/test_row10_017APYC4_gt.npy,predictions/test_row10_017APYC4_pred.npy,0.9049072265625,0.9358974358974359,0.8809358424181895,0.839296408140554,0.9835164835104792,0.9045936395440073,0.8258064515596254,0.9929199218737879,0.8152866241778571,0.6881720429737541,0.8823548824116895
PointNetTransformer,11,test_row11_F5NBC5X3,F5NBC5X3,upper,/home/htaucare/Tesis_Amaro/data/Teeth_3ds/processed_struct_safe/200000/upper/F5NBC5X3,/home/htaucare/Tesis_Amaro/outputs/pointnettransformer/grid_pro_runner_v2_gpu0/exp13_bs4_lr2e4_dm256_dep4_h8_ff512_do005/inference,inference_all/test_row11_F5NBC5X3.png,inference_errors/test_row11_F5NBC5X3.png,inference_d21/test_row11_F5NBC5X3.png,predictions/test_row11_F5NBC5X3_xyz.npy,predictions/test_row11_F5NBC5X3_gt.npy,predictions/test_row11_F5NBC5X3_pred.npy,0.782470703125,0.9072039072039072,0.9036909447306771,0.8290912993278197,0.979242979237001,0.8521739130064272,0.7424242423679981,0.9783935546863056,0.5254691688867167,0.3563636363506777,0.8592825175178378
PointNetTransformer,12,test_row12_5JRH5J6E,5JRH5J6E,upper,/home/htaucare/Tesis_Amaro/data/Teeth_3ds/processed_struct_safe/200000/upper/5JRH5J6E,/home/htaucare/Tesis_Amaro/outputs/pointnettransformer/grid_pro_runner_v2_gpu0/exp13_bs4_lr2e4_dm256_dep4_h8_ff512_do005/inference,inference_all/test_row12_5JRH5J6E.png,inference_errors/test_row12_5JRH5J6E.png,inference_d21/test_row12_5JRH5J6E.png,predictions/test_row12_5JRH5J6E_xyz.npy,predictions/test_row12_5JRH5J6E_gt.npy,predictions/test_row12_5JRH5J6E_pred.npy,0.758544921875,0.8858363858363858,0.8742462366788664,0.7823535953334618,0.9816849816789885,0.8499999999575,0.7391304347183365,0.9835205078112993,0.5573770491620532,0.38636363634607435,0.839149957981832
PointNetTransformer,13,test_row13_01328DDN,01328DDN,upper,/home/htaucare/Tesis_Amaro/data/Teeth_3ds/processed_struct_safe/200000/upper/01328DDN,/home/htaucare/Tesis_Amaro/outputs/pointnettransformer/grid_pro_runner_v2_gpu0/exp13_bs4_lr2e4_dm256_dep4_h8_ff512_do005/inference,inference_all/test_row13_01328DDN.png,inference_errors/test_row13_01328DDN.png,inference_d21/test_row13_01328DDN.png,predictions/test_row13_01328DDN_xyz.npy,predictions/test_row13_01328DDN_gt.npy,predictions/test_row13_01328DDN_pred.npy,0.9140625,0.9267399267399268,0.9212087342751982,0.8566627015194301,0.989621489615448,0.9368029739428697,0.8811188810572643,0.9945068359362859,0.8484848484562799,0.7368421052200677,0.912869345920092
PointNetTransformer,14,test_row14_X9QY6TGT,X9QY6TGT,upper,/home/htaucare/Tesis_Amaro/data/Teeth_3ds/processed_struct_safe/200000/upper/X9QY6TGT,/home/htaucare/Tesis_Amaro/outputs/pointnettransformer/grid_pro_runner_v2_gpu0/exp13_bs4_lr2e4_dm256_dep4_h8_ff512_do005/inference,inference_all/test_row14_X9QY6TGT.png,inference_errors/test_row14_X9QY6TGT.png,inference_d21/test_row14_X9QY6TGT.png,predictions/test_row14_X9QY6TGT_xyz.npy,predictions/test_row14_X9QY6TGT_gt.npy,predictions/test_row14_X9QY6TGT_pred.npy,0.9246826171875,0.9377289377289377,0.9350931077526056,0.8791056495116176,0.9932844932784294,0.9591078066557952,0.921428571362755,0.9938964843737866,0.8376623376351409,0.7206703910211916,0.9331035926439535
PointNetTransformer,15,test_row15_ERCT8ZLW,ERCT8ZLW,upper,/home/htaucare/Tesis_Amaro/data/Teeth_3ds/processed_struct_safe/200000/upper/ERCT8ZLW,/home/htaucare/Tesis_Amaro/outputs/pointnettransformer/grid_pro_runner_v2_gpu0/exp13_bs4_lr2e4_dm256_dep4_h8_ff512_do005/inference,inference_all/test_row15_ERCT8ZLW.png,inference_errors/test_row15_ERCT8ZLW.png,inference_d21/test_row15_ERCT8ZLW.png,predictions/test_row15_ERCT8ZLW_xyz.npy,predictions/test_row15_ERCT8ZLW_gt.npy,predictions/test_row15_ERCT8ZLW_pred.npy,0.6358642578125,0.5439560439560439,0.5366909759248898,0.3964072290693593,0.9645909645850759,0.7803030302734734,0.6397515527552949,0.9652099609363217,0.4195519348183391,0.26546391751893134,0.623426066385299
PointNetTransformer,16,test_row16_0165W7J4,0165W7J4,upper,/home/htaucare/Tesis_Amaro/data/Teeth_3ds/processed_struct_safe/200000/upper/0165W7J4,/home/htaucare/Tesis_Amaro/outputs/pointnettransformer/grid_pro_runner_v2_gpu0/exp13_bs4_lr2e4_dm256_dep4_h8_ff512_do005/inference,inference_all/test_row16_0165W7J4.png,inference_errors/test_row16_0165W7J4.png,inference_d21/test_row16_0165W7J4.png,predictions/test_row16_0165W7J4_xyz.npy,predictions/test_row16_0165W7J4_gt.npy,predictions/test_row16_0165W7J4_pred.npy,0.9183349609375,0.9383394383394383,0.859054775144123,0.8102583430027913,0.9932844932784294,0.9621993126817113,0.9271523178193939,0.990356445311291,0.7799442896718678,0.6392694063635037,0.8984279358775842
PointNetTransformer,17,test_row17_01FUZ18R,01FUZ18R,upper,/home/htaucare/Tesis_Amaro/data/Teeth_3ds/processed_struct_safe/200000/upper/01FUZ18R,/home/htaucare/Tesis_Amaro/outputs/pointnettransformer/grid_pro_runner_v2_gpu0/exp13_bs4_lr2e4_dm256_dep4_h8_ff512_do005/inference,inference_all/test_row17_01FUZ18R.png,inference_errors/test_row17_01FUZ18R.png,inference_d21/test_row17_01FUZ18R.png,predictions/test_row17_01FUZ18R_xyz.npy,predictions/test_row17_01FUZ18R_gt.npy,predictions/test_row17_01FUZ18R_pred.npy,0.9315185546875,0.9554334554334555,0.9505940313831363,0.9077609747826911,0.9829059828999823,0.9151515151237832,0.8435754189472863,0.9902343749987911,0.7905759162096708,0.6536796536513558,0.9221645091033485
PointNetTransformer,18,test_row18_014996KX,014996KX,upper,/home/htaucare/Tesis_Amaro/data/Teeth_3ds/processed_struct_safe/200000/upper/014996KX,/home/htaucare/Tesis_Amaro/outputs/pointnettransformer/grid_pro_runner_v2_gpu0/exp13_bs4_lr2e4_dm256_dep4_h8_ff512_do005/inference,inference_all/test_row18_014996KX.png,inference_errors/test_row18_014996KX.png,inference_d21/test_row18_014996KX.png,predictions/test_row18_014996KX_xyz.npy,predictions/test_row18_014996KX_gt.npy,predictions/test_row18_014996KX_pred.npy,0.9200439453125,0.9536019536019537,0.9532224001861863,0.9115732762942402,0.9932844932784294,0.9558232931343043,0.9153846153142011,0.9931640624987875,0.8095238094962747,0.6799999999611428,0.9441105656872587
PointNetTransformer,19,test_row19_R8YTI9HB,R8YTI9HB,upper,/home/htaucare/Tesis_Amaro/data/Teeth_3ds/processed_struct_safe/200000/upper/R8YTI9HB,/home/htaucare/Tesis_Amaro/outputs/pointnettransformer/grid_pro_runner_v2_gpu0/exp13_bs4_lr2e4_dm256_dep4_h8_ff512_do005/inference,inference_all/test_row19_R8YTI9HB.png,inference_errors/test_row19_R8YTI9HB.png,inference_d21/test_row19_R8YTI9HB.png,predictions/test_row19_R8YTI9HB_xyz.npy,predictions/test_row19_R8YTI9HB_gt.npy,predictions/test_row19_R8YTI9HB_pred.npy,0.92431640625,0.9084249084249084,0.9118216913207763,0.8399631087055381,0.9859584859524667,0.916363636330314,0.8456375838358632,0.9924316406237884,0.8025477706750781,0.6702127659217971,0.8961280181717357
PointNetTransformer,21,test_row21_7PQAZ8X1,7PQAZ8X1,upper,/home/htaucare/Tesis_Amaro/data/Teeth_3ds/processed_struct_safe/200000/upper/7PQAZ8X1,/home/htaucare/Tesis_Amaro/outputs/pointnettransformer/grid_pro_runner_v2_gpu0/exp13_bs4_lr2e4_dm256_dep4_h8_ff512_do005/inference,inference_all/test_row21_7PQAZ8X1.png,inference_errors/test_row21_7PQAZ8X1.png,inference_d21/test_row21_7PQAZ8X1.png,predictions/test_row21_7PQAZ8X1_xyz.npy,predictions/test_row21_7PQAZ8X1_gt.npy,predictions/test_row21_7PQAZ8X1_pred.npy,0.797119140625,0.8528693528693528,0.8557442107357872,0.7526108020359574,0.9713064713005415,0.8171206225362988,0.6907894736387639,0.9824218749988006,0.5932203389662932,0.4216867469710166,0.8106490644610855
PointNetTransformer,22,test_row22_9OOBRVB8,9OOBRVB8,upper,/home/htaucare/Tesis_Amaro/data/Teeth_3ds/processed_struct_safe/200000/upper/9OOBRVB8,/home/htaucare/Tesis_Amaro/outputs/pointnettransformer/grid_pro_runner_v2_gpu0/exp13_bs4_lr2e4_dm256_dep4_h8_ff512_do005/inference,inference_all/test_row22_9OOBRVB8.png,inference_errors/test_row22_9OOBRVB8.png,inference_d21/test_row22_9OOBRVB8.png,predictions/test_row22_9OOBRVB8_xyz.npy,predictions/test_row22_9OOBRVB8_gt.npy,predictions/test_row22_9OOBRVB8_pred.npy,0.813720703125,0.8992673992673993,0.9006334876937488,0.8213418805766034,0.9841269841209761,0.884955752173232,0.7936507935878055,0.9842529296862984,0.6079027355438328,0.4366812226883545,0.872971718154204
PointNetTransformer,23,test_row23_4J24X0ES,4J24X0ES,upper,/home/htaucare/Tesis_Amaro/data/Teeth_3ds/processed_struct_safe/200000/upper/4J24X0ES,/home/htaucare/Tesis_Amaro/outputs/pointnettransformer/grid_pro_runner_v2_gpu0/exp13_bs4_lr2e4_dm256_dep4_h8_ff512_do005/inference,inference_all/test_row23_4J24X0ES.png,inference_errors/test_row23_4J24X0ES.png,inference_d21/test_row23_4J24X0ES.png,predictions/test_row23_4J24X0ES_xyz.npy,predictions/test_row23_4J24X0ES_gt.npy,predictions/test_row23_4J24X0ES_pred.npy,0.8099365234375,0.8125763125763126,0.8225790810810807,0.7603591412036107,0.9822954822894855,0.8744588744210191,0.7769230768633135,0.984619140623798,0.6158536585178094,0.4449339206852452,0.8329639927816824
PointNetTransformer,24,test_row24_016PTY8K,016PTY8K,upper,/home/htaucare/Tesis_Amaro/data/Teeth_3ds/processed_struct_safe/200000/upper/016PTY8K,/home/htaucare/Tesis_Amaro/outputs/pointnettransformer/grid_pro_runner_v2_gpu0/exp13_bs4_lr2e4_dm256_dep4_h8_ff512_do005/inference,inference_all/test_row24_016PTY8K.png,inference_errors/test_row24_016PTY8K.png,inference_d21/test_row24_016PTY8K.png,predictions/test_row24_016PTY8K_xyz.npy,predictions/test_row24_016PTY8K_gt.npy,predictions/test_row24_016PTY8K_pred.npy,0.91259765625,0.8461538461538461,0.8428440702040829,0.7324206869132907,0.9853479853419699,0.9047619047260015,0.8260869564618777,0.990356445311291,0.7426710097477958,0.5906735750989288,0.846197141642344
PointNetTransformer,25,test_row25_38JDN4ZV,38JDN4ZV,upper,/home/htaucare/Tesis_Amaro/data/Teeth_3ds/processed_struct_safe/200000/upper/38JDN4ZV,/home/htaucare/Tesis_Amaro/outputs/pointnettransformer/grid_pro_runner_v2_gpu0/exp13_bs4_lr2e4_dm256_dep4_h8_ff512_do005/inference,inference_all/test_row25_38JDN4ZV.png,inference_errors/test_row25_38JDN4ZV.png,inference_d21/test_row25_38JDN4ZV.png,predictions/test_row25_38JDN4ZV_xyz.npy,predictions/test_row25_38JDN4ZV_gt.npy,predictions/test_row25_38JDN4ZV_pred.npy,0.806396484375,0.4004884004884005,0.268203179948827,0.20467687898576756,0.9749694749635228,0.8753799391831192,0.7783783783363039,0.990356445311291,0.7847411443927863,0.6457399102849444,0.5559099843252082
PointNetTransformer,27,test_row27_3HRLKQ4M,3HRLKQ4M,upper,/home/htaucare/Tesis_Amaro/data/Teeth_3ds/processed_struct_safe/200000/upper/3HRLKQ4M,/home/htaucare/Tesis_Amaro/outputs/pointnettransformer/grid_pro_runner_v2_gpu0/exp13_bs4_lr2e4_dm256_dep4_h8_ff512_do005/inference,inference_all/test_row27_3HRLKQ4M.png,inference_errors/test_row27_3HRLKQ4M.png,inference_d21/test_row27_3HRLKQ4M.png,predictions/test_row27_3HRLKQ4M_xyz.npy,predictions/test_row27_3HRLKQ4M_gt.npy,predictions/test_row27_3HRLKQ4M_pred.npy,0.9251708984375,0.8943833943833944,0.8937601910492299,0.8143299412182874,0.9884004883944543,0.9224489795541857,0.856060605995753,0.9913330078112897,0.76094276091714,0.614130434749232,0.8882470228439721
PointNetTransformer,29,test_row29_01K5X8CN,01K5X8CN,upper,/home/htaucare/Tesis_Amaro/data/Teeth_3ds/processed_struct_safe/200000/upper/01K5X8CN,/home/htaucare/Tesis_Amaro/outputs/pointnettransformer/grid_pro_runner_v2_gpu0/exp13_bs4_lr2e4_dm256_dep4_h8_ff512_do005/inference,inference_all/test_row29_01K5X8CN.png,inference_errors/test_row29_01K5X8CN.png,inference_d21/test_row29_01K5X8CN.png,predictions/test_row29_01K5X8CN_xyz.npy,predictions/test_row29_01K5X8CN_gt.npy,predictions/test_row29_01K5X8CN_pred.npy,0.89990234375,0.7887667887667887,0.691471445140478,0.5868688426830548,0.9926739926679324,0.959999999968,0.9230769230177515,0.9967041015612832,0.9142857142566894,0.8421052631086487,0.7995850719398832
PointNetTransformer,30,test_row30_013NXP1H,013NXP1H,upper,/home/htaucare/Tesis_Amaro/data/Teeth_3ds/processed_struct_safe/200000/upper/013NXP1H,/home/htaucare/Tesis_Amaro/outputs/pointnettransformer/grid_pro_runner_v2_gpu0/exp13_bs4_lr2e4_dm256_dep4_h8_ff512_do005/inference,inference_all/test_row30_013NXP1H.png,inference_errors/test_row30_013NXP1H.png,inference_d21/test_row30_013NXP1H.png,predictions/test_row30_013NXP1H_xyz.npy,predictions/test_row30_013NXP1H_gt.npy,predictions/test_row30_013NXP1H_pred.npy,0.9046630859375,0.8693528693528694,0.872247892642903,0.7785002678216574,0.9731379731320322,0.8358208954912006,0.7179487179026955,0.9891357421862924,0.7156549520538129,0.5572139303205366,0.8305974878617405
PointNetTransformer,31,test_row31_211UTGV1,211UTGV1,upper,/home/htaucare/Tesis_Amaro/data/Teeth_3ds/processed_struct_safe/200000/upper/211UTGV1,/home/htaucare/Tesis_Amaro/outputs/pointnettransformer/grid_pro_runner_v2_gpu0/exp13_bs4_lr2e4_dm256_dep4_h8_ff512_do005/inference,inference_all/test_row31_211UTGV1.png,inference_errors/test_row31_211UTGV1.png,inference_d21/test_row31_211UTGV1.png,predictions/test_row31_211UTGV1_xyz.npy,predictions/test_row31_211UTGV1_gt.npy,predictions/test_row31_211UTGV1_pred.npy,0.8182373046875,0.8565323565323565,0.8590948415732053,0.7583634820870448,0.9890109890049511,0.913461538417622,0.8407079645273711,0.9881591796862936,0.662020905900278,0.49479166664089624,0.8610953501238736
PointNetTransformer,32,test_row32_H1HUQBYJ,H1HUQBYJ,upper,/home/htaucare/Tesis_Amaro/data/Teeth_3ds/processed_struct_safe/200000/upper/H1HUQBYJ,/home/htaucare/Tesis_Amaro/outputs/pointnettransformer/grid_pro_runner_v2_gpu0/exp13_bs4_lr2e4_dm256_dep4_h8_ff512_do005/inference,inference_all/test_row32_H1HUQBYJ.png,inference_errors/test_row32_H1HUQBYJ.png,inference_d21/test_row32_H1HUQBYJ.png,predictions/test_row32_H1HUQBYJ_xyz.npy,predictions/test_row32_H1HUQBYJ_gt.npy,predictions/test_row32_H1HUQBYJ_pred.npy,0.9285888671875,0.9004884004884005,0.8961826104342013,0.8154148095946239,0.9877899877839574,0.9193548386726066,0.8507462685932279,0.9934082031237872,0.8085106382692018,0.6785714285310374,0.8875767743435096
PointNetTransformer,33,test_row33_5J9O0LG3,5J9O0LG3,upper,/home/htaucare/Tesis_Amaro/data/Teeth_3ds/processed_struct_safe/200000/upper/5J9O0LG3,/home/htaucare/Tesis_Amaro/outputs/pointnettransformer/grid_pro_runner_v2_gpu0/exp13_bs4_lr2e4_dm256_dep4_h8_ff512_do005/inference,inference_all/test_row33_5J9O0LG3.png,inference_errors/test_row33_5J9O0LG3.png,inference_d21/test_row33_5J9O0LG3.png,predictions/test_row33_5J9O0LG3_xyz.npy,predictions/test_row33_5J9O0LG3_gt.npy,predictions/test_row33_5J9O0LG3_pred.npy,0.7855224609375,0.8620268620268621,0.8559453124180957,0.755395794810649,0.9798534798474979,0.8754716980801709,0.7785234898806359,0.9825439453113005,0.6186666666501689,0.4478764478591553,0.8405711258472716
PointNetTransformer,34,test_row34_01MCNDR0,01MCNDR0,upper,/home/htaucare/Tesis_Amaro/data/Teeth_3ds/processed_struct_safe/200000/upper/01MCNDR0,/home/htaucare/Tesis_Amaro/outputs/pointnettransformer/grid_pro_runner_v2_gpu0/exp13_bs4_lr2e4_dm256_dep4_h8_ff512_do005/inference,inference_all/test_row34_01MCNDR0.png,inference_errors/test_row34_01MCNDR0.png,inference_d21/test_row34_01MCNDR0.png,predictions/test_row34_01MCNDR0_xyz.npy,predictions/test_row34_01MCNDR0_gt.npy,predictions/test_row34_01MCNDR0_pred.npy,0.923828125,0.924908424908425,0.8584899753469578,0.8119966879663468,0.9957264957204168,0.9813333333071644,0.9633507852898768,0.9971923828112826,0.9411764705641643,0.8888888888459474,0.9082883324819083
PointNetTransformer,35,test_row35_01DXDP2R,01DXDP2R,upper,/home/htaucare/Tesis_Amaro/data/Teeth_3ds/processed_struct_safe/200000/upper/01DXDP2R,/home/htaucare/Tesis_Amaro/outputs/pointnettransformer/grid_pro_runner_v2_gpu0/exp13_bs4_lr2e4_dm256_dep4_h8_ff512_do005/inference,inference_all/test_row35_01DXDP2R.png,inference_errors/test_row35_01DXDP2R.png,inference_d21/test_row35_01DXDP2R.png,predictions/test_row35_01DXDP2R_xyz.npy,predictions/test_row35_01DXDP2R_gt.npy,predictions/test_row35_01DXDP2R_pred.npy,0.8828125,0.8424908424908425,0.7484736221437872,0.6669219797156404,0.9914529914469387,0.9651741293292245,0.9326923076474667,0.993652343748787,0.8818181817981405,0.7886178861468042,0.8364359651294692
PointNetTransformer,36,test_row36_V5KEFD0N,V5KEFD0N,upper,/home/htaucare/Tesis_Amaro/data/Teeth_3ds/processed_struct_safe/200000/upper/V5KEFD0N,/home/htaucare/Tesis_Amaro/outputs/pointnettransformer/grid_pro_runner_v2_gpu0/exp13_bs4_lr2e4_dm256_dep4_h8_ff512_do005/inference,inference_all/test_row36_V5KEFD0N.png,inference_errors/test_row36_V5KEFD0N.png,inference_d21/test_row36_V5KEFD0N.png,predictions/test_row36_V5KEFD0N_xyz.npy,predictions/test_row36_V5KEFD0N_gt.npy,predictions/test_row36_V5KEFD0N_pred.npy,0.90380859375,0.9462759462759462,0.9426009141367936,0.8932207122164431,0.9822954822894855,0.9113149846816111,0.8370786516383664,0.9914550781237896,0.8097826086736472,0.6803652967725861,0.9146128989291147
PointNetTransformer,37,test_row37_ZM8PCSK6,ZM8PCSK6,upper,/home/htaucare/Tesis_Amaro/data/Teeth_3ds/processed_struct_safe/200000/upper/ZM8PCSK6,/home/htaucare/Tesis_Amaro/outputs/pointnettransformer/grid_pro_runner_v2_gpu0/exp13_bs4_lr2e4_dm256_dep4_h8_ff512_do005/inference,inference_all/test_row37_ZM8PCSK6.png,inference_errors/test_row37_ZM8PCSK6.png,inference_d21/test_row37_ZM8PCSK6.png,predictions/test_row37_ZM8PCSK6_xyz.npy,predictions/test_row37_ZM8PCSK6_gt.npy,predictions/test_row37_ZM8PCSK6_pred.npy,0.66943359375,0.47557997557997556,0.48842629982172825,0.3929650191917684,0.9713064713005415,0.8142292489796747,0.6866666666208888,0.9805908203113028,0.564383561628373,0.39312977097736146,0.6274624542432116
PointNetTransformer,38,test_row38_J8YGBFK2,J8YGBFK2,upper,/home/htaucare/Tesis_Amaro/data/Teeth_3ds/processed_struct_safe/200000/upper/J8YGBFK2,/home/htaucare/Tesis_Amaro/outputs/pointnettransformer/grid_pro_runner_v2_gpu0/exp13_bs4_lr2e4_dm256_dep4_h8_ff512_do005/inference,inference_all/test_row38_J8YGBFK2.png,inference_errors/test_row38_J8YGBFK2.png,inference_d21/test_row38_J8YGBFK2.png,predictions/test_row38_J8YGBFK2_xyz.npy,predictions/test_row38_J8YGBFK2_gt.npy,predictions/test_row38_J8YGBFK2_pred.npy,0.91162109375,0.9358974358974359,0.9345457624275358,0.8799121025968735,0.9914529914469387,0.938053097303626,0.8833333332597223,0.9954833984362847,0.8514056224557668,0.7412587412069049,0.9226410149079154
PointNetTransformer,39,test_row39_TZ2JPAJT,TZ2JPAJT,upper,/home/htaucare/Tesis_Amaro/data/Teeth_3ds/processed_struct_safe/200000/upper/TZ2JPAJT,/home/htaucare/Tesis_Amaro/outputs/pointnettransformer/grid_pro_runner_v2_gpu0/exp13_bs4_lr2e4_dm256_dep4_h8_ff512_do005/inference,inference_all/test_row39_TZ2JPAJT.png,inference_errors/test_row39_TZ2JPAJT.png,inference_d21/test_row39_TZ2JPAJT.png,predictions/test_row39_TZ2JPAJT_xyz.npy,predictions/test_row39_TZ2JPAJT_gt.npy,predictions/test_row39_TZ2JPAJT_pred.npy,0.720947265625,0.8284493284493285,0.8213244938735569,0.705386092244083,0.9609279609220945,0.7987421383396621,0.6649214659337738,0.9733886718738117,0.5381355932089378,0.3681159420183155,0.7810487156992411
PointNetTransformer,40,test_row40_B5GFZIRW,B5GFZIRW,upper,/home/htaucare/Tesis_Amaro/data/Teeth_3ds/processed_struct_safe/200000/upper/B5GFZIRW,/home/htaucare/Tesis_Amaro/outputs/pointnettransformer/grid_pro_runner_v2_gpu0/exp13_bs4_lr2e4_dm256_dep4_h8_ff512_do005/inference,inference_all/test_row40_B5GFZIRW.png,inference_errors/test_row40_B5GFZIRW.png,inference_d21/test_row40_B5GFZIRW.png,predictions/test_row40_B5GFZIRW_xyz.npy,predictions/test_row40_B5GFZIRW_gt.npy,predictions/test_row40_B5GFZIRW_pred.npy,0.8004150390625,0.8565323565323565,0.8513853758019971,0.7464320363208449,0.9731379731320322,0.8281249999676513,0.7066666666195556,0.9840087890612987,0.6180758017312514,0.4472573839473731,0.8135168530145361
PointNetTransformer,41,test_row41_Z6BKBK3G,Z6BKBK3G,upper,/home/htaucare/Tesis_Amaro/data/Teeth_3ds/processed_struct_safe/200000/upper/Z6BKBK3G,/home/htaucare/Tesis_Amaro/outputs/pointnettransformer/grid_pro_runner_v2_gpu0/exp13_bs4_lr2e4_dm256_dep4_h8_ff512_do005/inference,inference_all/test_row41_Z6BKBK3G.png,inference_errors/test_row41_Z6BKBK3G.png,inference_d21/test_row41_Z6BKBK3G.png,predictions/test_row41_Z6BKBK3G_xyz.npy,predictions/test_row41_Z6BKBK3G_gt.npy,predictions/test_row41_Z6BKBK3G_pred.npy,0.794189453125,0.8675213675213675,0.8724227290210097,0.7809751885450781,0.9908424908364418,0.9454545454201653,0.8965517240760998,0.9830322265613,0.6516290726653727,0.4832713754467185,0.8860767521016045
PointNetTransformer,42,test_row42_C928TR28,C928TR28,upper,/home/htaucare/Tesis_Amaro/data/Teeth_3ds/processed_struct_safe/200000/upper/C928TR28,/home/htaucare/Tesis_Amaro/outputs/pointnettransformer/grid_pro_runner_v2_gpu0/exp13_bs4_lr2e4_dm256_dep4_h8_ff512_do005/inference,inference_all/test_row42_C928TR28.png,inference_errors/test_row42_C928TR28.png,inference_d21/test_row42_C928TR28.png,predictions/test_row42_C928TR28_xyz.npy,predictions/test_row42_C928TR28_gt.npy,predictions/test_row42_C928TR28_pred.npy,0.929931640625,0.9615384615384616,0.957406850643799,0.9194423562264554,0.9963369963309138,0.9819277108137974,0.9644970413630475,0.9929199218737879,0.848958333311225,0.7375565610525993,0.9601761571244624
PointNetTransformer,43,test_row43_UKH51GS2,UKH51GS2,upper,/home/htaucare/Tesis_Amaro/data/Teeth_3ds/processed_struct_safe/200000/upper/UKH51GS2,/home/htaucare/Tesis_Amaro/outputs/pointnettransformer/grid_pro_runner_v2_gpu0/exp13_bs4_lr2e4_dm256_dep4_h8_ff512_do005/inference,inference_all/test_row43_UKH51GS2.png,inference_errors/test_row43_UKH51GS2.png,inference_d21/test_row43_UKH51GS2.png,predictions/test_row43_UKH51GS2_xyz.npy,predictions/test_row43_UKH51GS2_gt.npy,predictions/test_row43_UKH51GS2_pred.npy,0.759033203125,0.8632478632478633,0.8768406939366475,0.7915527548707711,0.9926739926679324,0.9548872180092147,0.9136690646824698,0.9835205078112993,0.6529562981837286,0.48473282440897963,0.8945419712064621
PointNetTransformer,44,test_row44_01KAS2KD,01KAS2KD,upper,/home/htaucare/Tesis_Amaro/data/Teeth_3ds/processed_struct_safe/200000/upper/01KAS2KD,/home/htaucare/Tesis_Amaro/outputs/pointnettransformer/grid_pro_runner_v2_gpu0/exp13_bs4_lr2e4_dm256_dep4_h8_ff512_do005/inference,inference_all/test_row44_01KAS2KD.png,inference_errors/test_row44_01KAS2KD.png,inference_d21/test_row44_01KAS2KD.png,predictions/test_row44_01KAS2KD_xyz.npy,predictions/test_row44_01KAS2KD_gt.npy,predictions/test_row44_01KAS2KD_pred.npy,0.9224853515625,0.9114774114774115,0.9074934511905648,0.8348567760195775,0.9884004883944543,0.9283018867574225,0.8661971830375917,0.9920654296862889,0.7909967845404824,0.6542553191141354,0.8997385001812468
PointNetTransformer,46,test_row46_WQOGLZY4,WQOGLZY4,upper,/home/htaucare/Tesis_Amaro/data/Teeth_3ds/processed_struct_safe/200000/upper/WQOGLZY4,/home/htaucare/Tesis_Amaro/outputs/pointnettransformer/grid_pro_runner_v2_gpu0/exp13_bs4_lr2e4_dm256_dep4_h8_ff512_do005/inference,inference_all/test_row46_WQOGLZY4.png,inference_errors/test_row46_WQOGLZY4.png,inference_d21/test_row46_WQOGLZY4.png,predictions/test_row46_WQOGLZY4_xyz.npy,predictions/test_row46_WQOGLZY4_gt.npy,predictions/test_row46_WQOGLZY4_pred.npy,0.8619384765625,0.9047619047619048,0.9188470772801084,0.8524982068618188,0.9932844932784294,0.9497716894543483,0.9043478260083176,0.9888916015612927,0.6956521738897775,0.5333333333059829,0.917722165762656
PointNetTransformer,47,test_row47_EUCFQ9KW,EUCFQ9KW,upper,/home/htaucare/Tesis_Amaro/data/Teeth_3ds/processed_struct_safe/200000/upper/EUCFQ9KW,/home/htaucare/Tesis_Amaro/outputs/pointnettransformer/grid_pro_runner_v2_gpu0/exp13_bs4_lr2e4_dm256_dep4_h8_ff512_do005/inference,inference_all/test_row47_EUCFQ9KW.png,inference_errors/test_row47_EUCFQ9KW.png,inference_d21/test_row47_EUCFQ9KW.png,predictions/test_row47_EUCFQ9KW_xyz.npy,predictions/test_row47_EUCFQ9KW_gt.npy,predictions/test_row47_EUCFQ9KW_pred.npy,0.9173583984375,0.9017094017094017,0.8610888964416533,0.804696769758796,0.9926739926679324,0.9640718562585607,0.930635838096495,0.9898681640612915,0.7950617283754305,0.659836065546728,0.8984823446793927
PointNetTransformer,48,test_row48_LE4E8YWJ,LE4E8YWJ,upper,/home/htaucare/Tesis_Amaro/data/Teeth_3ds/processed_struct_safe/200000/upper/LE4E8YWJ,/home/htaucare/Tesis_Amaro/outputs/pointnettransformer/grid_pro_runner_v2_gpu0/exp13_bs4_lr2e4_dm256_dep4_h8_ff512_do005/inference,inference_all/test_row48_LE4E8YWJ.png,inference_errors/test_row48_LE4E8YWJ.png,inference_d21/test_row48_LE4E8YWJ.png,predictions/test_row48_LE4E8YWJ_xyz.npy,predictions/test_row48_LE4E8YWJ_gt.npy,predictions/test_row48_LE4E8YWJ_pred.npy,0.92333984375,0.9383394383394383,0.9312614111547654,0.8745988630291135,0.9914529914469387,0.9473684210170162,0.8999999999357142,0.9949951171862853,0.8600682593563116,0.7544910179188927,0.9251492790544777
PointNetTransformer,49,test_row49_01FAXM1D,01FAXM1D,upper,/home/htaucare/Tesis_Amaro/data/Teeth_3ds/processed_struct_safe/200000/upper/01FAXM1D,/home/htaucare/Tesis_Amaro/outputs/pointnettransformer/grid_pro_runner_v2_gpu0/exp13_bs4_lr2e4_dm256_dep4_h8_ff512_do005/inference,inference_all/test_row49_01FAXM1D.png,inference_errors/test_row49_01FAXM1D.png,inference_d21/test_row49_01FAXM1D.png,predictions/test_row49_01FAXM1D_xyz.npy,predictions/test_row49_01FAXM1D_gt.npy,predictions/test_row49_01FAXM1D_pred.npy,0.88818359375,0.8443223443223443,0.8104336543055911,0.7293484611644596,0.9871794871734605,0.9306930692762148,0.8703703703166438,0.9924316406237884,0.8197674418366346,0.6945812807539615,0.8502920635056201
PointNetTransformer,50,test_row50_RTPHYQ5V,RTPHYQ5V,upper,/home/htaucare/Tesis_Amaro/data/Teeth_3ds/processed_struct_safe/200000/upper/RTPHYQ5V,/home/htaucare/Tesis_Amaro/outputs/pointnettransformer/grid_pro_runner_v2_gpu0/exp13_bs4_lr2e4_dm256_dep4_h8_ff512_do005/inference,inference_all/test_row50_RTPHYQ5V.png,inference_errors/test_row50_RTPHYQ5V.png,inference_d21/test_row50_RTPHYQ5V.png,predictions/test_row50_RTPHYQ5V_xyz.npy,predictions/test_row50_RTPHYQ5V_gt.npy,predictions/test_row50_RTPHYQ5V_pred.npy,0.9178466796875,0.8894993894993894,0.81928405472235,0.7428822884579704,0.9932844932784294,0.9677419354554914,0.9374999999467329,0.9949951171862853,0.8894878705959707,0.8009708737475256,0.8744125535228258
PointNetTransformer,51,test_row51_M7RTPNPC,M7RTPNPC,upper,/home/htaucare/Tesis_Amaro/data/Teeth_3ds/processed_struct_safe/200000/upper/M7RTPNPC,/home/htaucare/Tesis_Amaro/outputs/pointnettransformer/grid_pro_runner_v2_gpu0/exp13_bs4_lr2e4_dm256_dep4_h8_ff512_do005/inference,inference_all/test_row51_M7RTPNPC.png,inference_errors/test_row51_M7RTPNPC.png,inference_d21/test_row51_M7RTPNPC.png,predictions/test_row51_M7RTPNPC_xyz.npy,predictions/test_row51_M7RTPNPC_gt.npy,predictions/test_row51_M7RTPNPC_pred.npy,0.7877197265625,0.8760683760683761,0.8825918651466262,0.7940130743092285,0.9871794871734605,0.9373134328078414,0.8820224718605605,0.982177734373801,0.6826086956373346,0.5181518151644174,0.8878079512678845
PointNetTransformer,52,test_row52_AQLXAN8L,AQLXAN8L,upper,/home/htaucare/Tesis_Amaro/data/Teeth_3ds/processed_struct_safe/200000/upper/AQLXAN8L,/home/htaucare/Tesis_Amaro/outputs/pointnettransformer/grid_pro_runner_v2_gpu0/exp13_bs4_lr2e4_dm256_dep4_h8_ff512_do005/inference,inference_all/test_row52_AQLXAN8L.png,inference_errors/test_row52_AQLXAN8L.png,inference_d21/test_row52_AQLXAN8L.png,predictions/test_row52_AQLXAN8L_xyz.npy,predictions/test_row52_AQLXAN8L_gt.npy,predictions/test_row52_AQLXAN8L_pred.npy,0.8966064453125,0.9358974358974359,0.9369161589957062,0.882287024614581,0.9938949938889262,0.9637681159071099,0.9300699300048901,0.9892578124987923,0.7514124293573047,0.6018099547239,0.9366848538561267
PointNetTransformer,53,test_row53_L8IYFLQP,L8IYFLQP,upper,/home/htaucare/Tesis_Amaro/data/Teeth_3ds/processed_struct_safe/200000/upper/L8IYFLQP,/home/htaucare/Tesis_Amaro/outputs/pointnettransformer/grid_pro_runner_v2_gpu0/exp13_bs4_lr2e4_dm256_dep4_h8_ff512_do005/inference,inference_all/test_row53_L8IYFLQP.png,inference_errors/test_row53_L8IYFLQP.png,inference_d21/test_row53_L8IYFLQP.png,predictions/test_row53_L8IYFLQP_xyz.npy,predictions/test_row53_L8IYFLQP_gt.npy,predictions/test_row53_L8IYFLQP_pred.npy,0.9210205078125,0.942002442002442,0.9419367618843325,0.8918734381309514,0.9902319902259449,0.937984496087675,0.8832116787676487,0.9918212890612892,0.7831715210102533,0.6436170212423608,0.9274447980476584
PointNetTransformer,54,test_row54_CK45DVLG,CK45DVLG,upper,/home/htaucare/Tesis_Amaro/data/Teeth_3ds/processed_struct_safe/200000/upper/CK45DVLG,/home/htaucare/Tesis_Amaro/outputs/pointnettransformer/grid_pro_runner_v2_gpu0/exp13_bs4_lr2e4_dm256_dep4_h8_ff512_do005/inference,inference_all/test_row54_CK45DVLG.png,inference_errors/test_row54_CK45DVLG.png,inference_d21/test_row54_CK45DVLG.png,predictions/test_row54_CK45DVLG_xyz.npy,predictions/test_row54_CK45DVLG_gt.npy,predictions/test_row54_CK45DVLG_pred.npy,0.80322265625,0.9096459096459096,0.9017313159110579,0.8237953929082936,0.9853479853419699,0.9062499999645995,0.8285714285122449,0.9832763671862996,0.628726287245834,0.45849802369729253,0.8845066771871376
PointNetTransformer,55,test_row55_0154T9CN,0154T9CN,upper,/home/htaucare/Tesis_Amaro/data/Teeth_3ds/processed_struct_safe/200000/upper/0154T9CN,/home/htaucare/Tesis_Amaro/outputs/pointnettransformer/grid_pro_runner_v2_gpu0/exp13_bs4_lr2e4_dm256_dep4_h8_ff512_do005/inference,inference_all/test_row55_0154T9CN.png,inference_errors/test_row55_0154T9CN.png,inference_d21/test_row55_0154T9CN.png,predictions/test_row55_0154T9CN_xyz.npy,predictions/test_row55_0154T9CN_gt.npy,predictions/test_row55_0154T9CN_pred.npy,0.8577880859375,0.7515262515262515,0.6608612420542335,0.5566361561192459,0.9908424908364418,0.9552238805685007,0.9142857142334694,0.9937744140612867,0.8625336926991231,0.7582938388266212,0.7819862898276202
PointNetTransformer,56,test_row56_APLDXK7R,APLDXK7R,upper,/home/htaucare/Tesis_Amaro/data/Teeth_3ds/processed_struct_safe/200000/upper/APLDXK7R,/home/htaucare/Tesis_Amaro/outputs/pointnettransformer/grid_pro_runner_v2_gpu0/exp13_bs4_lr2e4_dm256_dep4_h8_ff512_do005/inference,inference_all/test_row56_APLDXK7R.png,inference_errors/test_row56_APLDXK7R.png,inference_d21/test_row56_APLDXK7R.png,predictions/test_row56_APLDXK7R_xyz.npy,predictions/test_row56_APLDXK7R_gt.npy,predictions/test_row56_APLDXK7R_pred.npy,0.8150634765625,0.4340659340659341,0.40282411023993087,0.3724216967241541,0.9865689865629637,0.9460784313493608,0.8976744185628989,0.9924316406237884,0.8616071428379105,0.7568627450683583,0.6668506674157016
PointNetTransformer,57,test_row57_ENQ0R553,ENQ0R553,upper,/home/htaucare/Tesis_Amaro/data/Teeth_3ds/processed_struct_safe/200000/upper/ENQ0R553,/home/htaucare/Tesis_Amaro/outputs/pointnettransformer/grid_pro_runner_v2_gpu0/exp13_bs4_lr2e4_dm256_dep4_h8_ff512_do005/inference,inference_all/test_row57_ENQ0R553.png,inference_errors/test_row57_ENQ0R553.png,inference_d21/test_row57_ENQ0R553.png,predictions/test_row57_ENQ0R553_xyz.npy,predictions/test_row57_ENQ0R553_gt.npy,predictions/test_row57_ENQ0R553_pred.npy,0.9075927734375,0.8888888888888888,0.8832256576629307,0.7955624541123926,0.9877899877839574,0.9386503067196733,0.884393063532694,0.9914550781237896,0.8138297872123982,0.6860986546777534,0.8890221813036674
PointNetTransformer,58,test_row58_VR3C4L0M,VR3C4L0M,upper,/home/htaucare/Tesis_Amaro/data/Teeth_3ds/processed_struct_safe/200000/upper/VR3C4L0M,/home/htaucare/Tesis_Amaro/outputs/pointnettransformer/grid_pro_runner_v2_gpu0/exp13_bs4_lr2e4_dm256_dep4_h8_ff512_do005/inference,inference_all/test_row58_VR3C4L0M.png,inference_errors/test_row58_VR3C4L0M.png,inference_d21/test_row58_VR3C4L0M.png,predictions/test_row58_VR3C4L0M_xyz.npy,predictions/test_row58_VR3C4L0M_gt.npy,predictions/test_row58_VR3C4L0M_pred.npy,0.7762451171875,0.8742368742368742,0.8631550574334262,0.7683413438944887,0.9871794871734605,0.92250922505821,0.8561643835030024,0.9826660156238004,0.6377551020245471,0.46816479398995636,0.8691287128610837
PointNetTransformer,59,test_row59_PBG8YZJ9,PBG8YZJ9,upper,/home/htaucare/Tesis_Amaro/data/Teeth_3ds/processed_struct_safe/200000/upper/PBG8YZJ9,/home/htaucare/Tesis_Amaro/outputs/pointnettransformer/grid_pro_runner_v2_gpu0/exp13_bs4_lr2e4_dm256_dep4_h8_ff512_do005/inference,inference_all/test_row59_PBG8YZJ9.png,inference_errors/test_row59_PBG8YZJ9.png,inference_d21/test_row59_PBG8YZJ9.png,predictions/test_row59_PBG8YZJ9_xyz.npy,predictions/test_row59_PBG8YZJ9_gt.npy,predictions/test_row59_PBG8YZJ9_pred.npy,0.8970947265625,0.8656898656898657,0.8710328417996213,0.7825549366565108,0.9938949938889262,0.9621212120847681,0.9270072992024082,0.9902343749987911,0.7604790418933988,0.6135265700186702,0.8944575506564171
PointNetTransformer,60,test_row60_01KRCSKD,01KRCSKD,upper,/home/htaucare/Tesis_Amaro/data/Teeth_3ds/processed_struct_safe/200000/upper/01KRCSKD,/home/htaucare/Tesis_Amaro/outputs/pointnettransformer/grid_pro_runner_v2_gpu0/exp13_bs4_lr2e4_dm256_dep4_h8_ff512_do005/inference,inference_all/test_row60_01KRCSKD.png,inference_errors/test_row60_01KRCSKD.png,inference_d21/test_row60_01KRCSKD.png,predictions/test_row60_01KRCSKD_xyz.npy,predictions/test_row60_01KRCSKD_gt.npy,predictions/test_row60_01KRCSKD_pred.npy,0.9085693359375,0.9383394383394383,0.9375101862544408,0.8839924685094748,0.9920634920574356,0.9534050178869747,0.9109589040471946,0.9914550781237896,0.7916666666431051,0.6551724137608289,0.9320781726344662
PointNetTransformer,61,test_row61_013ZD6EX,013ZD6EX,upper,/home/htaucare/Tesis_Amaro/data/Teeth_3ds/processed_struct_safe/200000/upper/013ZD6EX,/home/htaucare/Tesis_Amaro/outputs/pointnettransformer/grid_pro_runner_v2_gpu0/exp13_bs4_lr2e4_dm256_dep4_h8_ff512_do005/inference,inference_all/test_row61_013ZD6EX.png,inference_errors/test_row61_013ZD6EX.png,inference_d21/test_row61_013ZD6EX.png,predictions/test_row61_013ZD6EX_xyz.npy,predictions/test_row61_013ZD6EX_gt.npy,predictions/test_row61_013ZD6EX_pred.npy,0.906982421875,0.8522588522588522,0.8348398687600439,0.7317677119183618,0.9902319902259449,0.9503105589766984,0.9053254437334126,0.993652343748787,0.8547486033280797,0.7463414633782273,0.8668071746579505
PointNetTransformer,62,test_row62_202Z1L1N,202Z1L1N,upper,/home/htaucare/Tesis_Amaro/data/Teeth_3ds/processed_struct_safe/200000/upper/202Z1L1N,/home/htaucare/Tesis_Amaro/outputs/pointnettransformer/grid_pro_runner_v2_gpu0/exp13_bs4_lr2e4_dm256_dep4_h8_ff512_do005/inference,inference_all/test_row62_202Z1L1N.png,inference_errors/test_row62_202Z1L1N.png,inference_d21/test_row62_202Z1L1N.png,predictions/test_row62_202Z1L1N_xyz.npy,predictions/test_row62_202Z1L1N_gt.npy,predictions/test_row62_202Z1L1N_pred.npy,0.6561279296875,0.6593406593406593,0.6289089027951018,0.5296509626888072,0.9774114774055104,0.8370044052494712,0.7196969696424471,0.9637451171863235,0.39014373715831324,0.2423469387693279,0.7081421689957128
PointNetTransformer,63,test_row63_9U19TREK,9U19TREK,upper,/home/htaucare/Tesis_Amaro/data/Teeth_3ds/processed_struct_safe/200000/upper/9U19TREK,/home/htaucare/Tesis_Amaro/outputs/pointnettransformer/grid_pro_runner_v2_gpu0/exp13_bs4_lr2e4_dm256_dep4_h8_ff512_do005/inference,inference_all/test_row63_9U19TREK.png,inference_errors/test_row63_9U19TREK.png,inference_d21/test_row63_9U19TREK.png,predictions/test_row63_9U19TREK_xyz.npy,predictions/test_row63_9U19TREK_gt.npy,predictions/test_row63_9U19TREK_pred.npy,0.9189453125,0.9102564102564102,0.9074873897485227,0.8341893818048869,0.9810744810684917,0.9116809116549378,0.8376963350346756,0.9929199218737879,0.8465608465384508,0.7339449540947731,0.8912596487158213
PointNetTransformer,64,test_row64_01AS9ER0,01AS9ER0,upper,/home/htaucare/Tesis_Amaro/data/Teeth_3ds/processed_struct_safe/200000/upper/01AS9ER0,/home/htaucare/Tesis_Amaro/outputs/pointnettransformer/grid_pro_runner_v2_gpu0/exp13_bs4_lr2e4_dm256_dep4_h8_ff512_do005/inference,inference_all/test_row64_01AS9ER0.png,inference_errors/test_row64_01AS9ER0.png,inference_d21/test_row64_01AS9ER0.png,predictions/test_row64_01AS9ER0_xyz.npy,predictions/test_row64_01AS9ER0_gt.npy,predictions/test_row64_01AS9ER0_pred.npy,0.92724609375,0.9242979242979243,0.9188214454312186,0.8536851940877509,0.9926739926679324,0.9333333332814815,0.8749999999088542,0.9962158203112839,0.844221105485215,0.7304347825451796,0.9097933265204831
PointNetTransformer,65,test_row65_08VJ02L0,08VJ02L0,upper,/home/htaucare/Tesis_Amaro/data/Teeth_3ds/processed_struct_safe/200000/upper/08VJ02L0,/home/htaucare/Tesis_Amaro/outputs/pointnettransformer/grid_pro_runner_v2_gpu0/exp13_bs4_lr2e4_dm256_dep4_h8_ff512_do005/inference,inference_all/test_row65_08VJ02L0.png,inference_errors/test_row65_08VJ02L0.png,inference_d21/test_row65_08VJ02L0.png,predictions/test_row65_08VJ02L0_xyz.npy,predictions/test_row65_08VJ02L0_gt.npy,predictions/test_row65_08VJ02L0_pred.npy,0.8798828125,0.7454212454212454,0.720054888006376,0.6673281658037596,0.9835164835104792,0.919881305610686,0.8516483516015577,0.9920654296862889,0.8266666666446222,0.7045454545134298,0.8067864162578768
PointNetTransformer,66,test_row66_01FC0082,01FC0082,upper,/home/htaucare/Tesis_Amaro/data/Teeth_3ds/processed_struct_safe/200000/upper/01FC0082,/home/htaucare/Tesis_Amaro/outputs/pointnettransformer/grid_pro_runner_v2_gpu0/exp13_bs4_lr2e4_dm256_dep4_h8_ff512_do005/inference,inference_all/test_row66_01FC0082.png,inference_errors/test_row66_01FC0082.png,inference_d21/test_row66_01FC0082.png,predictions/test_row66_01FC0082_xyz.npy,predictions/test_row66_01FC0082_gt.npy,predictions/test_row66_01FC0082_pred.npy,0.9136962890625,0.9371184371184371,0.8631376860608806,0.8205609902396128,0.9804639804579948,0.9179487179251807,0.8483412321872824,0.9923095703112886,0.8503562945166186,0.7396694214570384,0.8798990280377138
PointNetTransformer,67,test_row67_56R9FBMK,56R9FBMK,upper,/home/htaucare/Tesis_Amaro/data/Teeth_3ds/processed_struct_safe/200000/upper/56R9FBMK,/home/htaucare/Tesis_Amaro/outputs/pointnettransformer/grid_pro_runner_v2_gpu0/exp13_bs4_lr2e4_dm256_dep4_h8_ff512_do005/inference,inference_all/test_row67_56R9FBMK.png,inference_errors/test_row67_56R9FBMK.png,inference_d21/test_row67_56R9FBMK.png,predictions/test_row67_56R9FBMK_xyz.npy,predictions/test_row67_56R9FBMK_gt.npy,predictions/test_row67_56R9FBMK_pred.npy,0.9169921875,0.9572649572649573,0.9558923745615914,0.9161504674026287,0.9945054944994232,0.9675090252358299,0.9370629369974082,0.9938964843737866,0.8427672955709822,0.728260869525638,0.9517652231089699
PointNetTransformer,68,test_row68_SW62DGWI,SW62DGWI,upper,/home/htaucare/Tesis_Amaro/data/Teeth_3ds/processed_struct_safe/200000/upper/SW62DGWI,/home/htaucare/Tesis_Amaro/outputs/pointnettransformer/grid_pro_runner_v2_gpu0/exp13_bs4_lr2e4_dm256_dep4_h8_ff512_do005/inference,inference_all/test_row68_SW62DGWI.png,inference_errors/test_row68_SW62DGWI.png,inference_d21/test_row68_SW62DGWI.png,predictions/test_row68_SW62DGWI_xyz.npy,predictions/test_row68_SW62DGWI_gt.npy,predictions/test_row68_SW62DGWI_pred.npy,0.9129638671875,0.9413919413919414,0.9381349218358364,0.8864517977767613,0.989621489615448,0.9598108746818012,0.9227272726853305,0.9945068359362859,0.9002217294700616,0.8185483870637682,0.9360521172440499
PointNetTransformer,69,test_row69_6X24ILNE,6X24ILNE,upper,/home/htaucare/Tesis_Amaro/data/Teeth_3ds/processed_struct_safe/200000/upper/6X24ILNE,/home/htaucare/Tesis_Amaro/outputs/pointnettransformer/grid_pro_runner_v2_gpu0/exp13_bs4_lr2e4_dm256_dep4_h8_ff512_do005/inference,inference_all/test_row69_6X24ILNE.png,inference_errors/test_row69_6X24ILNE.png,inference_d21/test_row69_6X24ILNE.png,predictions/test_row69_6X24ILNE_xyz.npy,predictions/test_row69_6X24ILNE_gt.npy,predictions/test_row69_6X24ILNE_pred.npy,0.7325439453125,0.909035409035409,0.9007429651356996,0.8263277553361201,0.9847374847314729,0.8936170212385695,0.8076923076301775,0.9770507812488072,0.5276381909415166,0.35836177473179653,0.8785761907372396
PointNetTransformer,70,test_row70_BIIEY91S,BIIEY91S,upper,/home/htaucare/Tesis_Amaro/data/Teeth_3ds/processed_struct_safe/200000/upper/BIIEY91S,/home/htaucare/Tesis_Amaro/outputs/pointnettransformer/grid_pro_runner_v2_gpu0/exp13_bs4_lr2e4_dm256_dep4_h8_ff512_do005/inference,inference_all/test_row70_BIIEY91S.png,inference_errors/test_row70_BIIEY91S.png,inference_d21/test_row70_BIIEY91S.png,predictions/test_row70_BIIEY91S_xyz.npy,predictions/test_row70_BIIEY91S_gt.npy,predictions/test_row70_BIIEY91S_pred.npy,0.912109375,0.9029304029304029,0.8891861243544392,0.8088006781894351,0.9884004883944543,0.9191489361311,0.8503937007204415,0.9942626953112862,0.8212927756341714,0.6967741935034338,0.8840711687015186
PointNetTransformer,71,test_row71_3EU06ZN9,3EU06ZN9,upper,/home/htaucare/Tesis_Amaro/data/Teeth_3ds/processed_struct_safe/200000/upper/3EU06ZN9,/home/htaucare/Tesis_Amaro/outputs/pointnettransformer/grid_pro_runner_v2_gpu0/exp13_bs4_lr2e4_dm256_dep4_h8_ff512_do005/inference,inference_all/test_row71_3EU06ZN9.png,inference_errors/test_row71_3EU06ZN9.png,inference_d21/test_row71_3EU06ZN9.png,predictions/test_row71_3EU06ZN9_xyz.npy,predictions/test_row71_3EU06ZN9_gt.npy,predictions/test_row71_3EU06ZN9_pred.npy,0.61083984375,0.34004884004884006,0.3003219193102277,0.21033147109058878,0.9212454212397971,0.40552995389836266,0.25433526010090546,0.9702148437488156,0.26506024095587166,0.15277777777247298,0.3304283245493855
PointNetTransformer,72,test_row72_QQKBAWLF,QQKBAWLF,upper,/home/htaucare/Tesis_Amaro/data/Teeth_3ds/processed_struct_safe/200000/upper/QQKBAWLF,/home/htaucare/Tesis_Amaro/outputs/pointnettransformer/grid_pro_runner_v2_gpu0/exp13_bs4_lr2e4_dm256_dep4_h8_ff512_do005/inference,inference_all/test_row72_QQKBAWLF.png,inference_errors/test_row72_QQKBAWLF.png,inference_d21/test_row72_QQKBAWLF.png,predictions/test_row72_QQKBAWLF_xyz.npy,predictions/test_row72_QQKBAWLF_gt.npy,predictions/test_row72_QQKBAWLF_pred.npy,0.799560546875,0.681929181929182,0.6603432906074055,0.5448168128670521,0.9902319902259449,0.9344262294699005,0.8769230768556212,0.969116210936317,0.47401247400261926,0.31062670298881123,0.7685031406035647
PointNetTransformer,73,test_row73_1LYSVDBP,1LYSVDBP,upper,/home/htaucare/Tesis_Amaro/data/Teeth_3ds/processed_struct_safe/200000/upper/1LYSVDBP,/home/htaucare/Tesis_Amaro/outputs/pointnettransformer/grid_pro_runner_v2_gpu0/exp13_bs4_lr2e4_dm256_dep4_h8_ff512_do005/inference,inference_all/test_row73_1LYSVDBP.png,inference_errors/test_row73_1LYSVDBP.png,inference_d21/test_row73_1LYSVDBP.png,predictions/test_row73_1LYSVDBP_xyz.npy,predictions/test_row73_1LYSVDBP_gt.npy,predictions/test_row73_1LYSVDBP_pred.npy,0.91162109375,0.8913308913308914,0.754724566609241,0.6844050189981586,0.9859584859524667,0.9292307692021775,0.8678160919041484,0.9891357421862924,0.772378516604287,0.6291666666404514,0.8243977810029386
PointNetTransformer,74,test_row74_K6LK1YRK,K6LK1YRK,upper,/home/htaucare/Tesis_Amaro/data/Teeth_3ds/processed_struct_safe/200000/upper/K6LK1YRK,/home/htaucare/Tesis_Amaro/outputs/pointnettransformer/grid_pro_runner_v2_gpu0/exp13_bs4_lr2e4_dm256_dep4_h8_ff512_do005/inference,inference_all/test_row74_K6LK1YRK.png,inference_errors/test_row74_K6LK1YRK.png,inference_d21/test_row74_K6LK1YRK.png,predictions/test_row74_K6LK1YRK_xyz.npy,predictions/test_row74_K6LK1YRK_gt.npy,predictions/test_row74_K6LK1YRK_pred.npy,0.9027099609375,0.8852258852258852,0.8750546643208635,0.7862749484225751,0.9914529914469387,0.9485294117298334,0.9020979020348183,0.9942626953112862,0.8459016393165278,0.7329545454129003,0.8895971090507764
PointNetTransformer,75,test_row75_019GGYZ4,019GGYZ4,upper,/home/htaucare/Tesis_Amaro/data/Teeth_3ds/processed_struct_safe/200000/upper/019GGYZ4,/home/htaucare/Tesis_Amaro/outputs/pointnettransformer/grid_pro_runner_v2_gpu0/exp13_bs4_lr2e4_dm256_dep4_h8_ff512_do005/inference,inference_all/test_row75_019GGYZ4.png,inference_errors/test_row75_019GGYZ4.png,inference_d21/test_row75_019GGYZ4.png,predictions/test_row75_019GGYZ4_xyz.npy,predictions/test_row75_019GGYZ4_gt.npy,predictions/test_row75_019GGYZ4_pred.npy,0.9276123046875,0.8937728937728938,0.8926138545038408,0.8099324781471324,0.9865689865629637,0.9185185184844993,0.8493150684349784,0.9935302734362871,0.8239202657533581,0.7005649717118324,0.884895842404993
PointNetTransformer,76,test_row76_K8SZYQ72,K8SZYQ72,upper,/home/htaucare/Tesis_Amaro/data/Teeth_3ds/processed_struct_safe/200000/upper/K8SZYQ72,/home/htaucare/Tesis_Amaro/outputs/pointnettransformer/grid_pro_runner_v2_gpu0/exp13_bs4_lr2e4_dm256_dep4_h8_ff512_do005/inference,inference_all/test_row76_K8SZYQ72.png,inference_errors/test_row76_K8SZYQ72.png,inference_d21/test_row76_K8SZYQ72.png,predictions/test_row76_K8SZYQ72_xyz.npy,predictions/test_row76_K8SZYQ72_gt.npy,predictions/test_row76_K8SZYQ72_pred.npy,0.7841796875,0.9029304029304029,0.9013198148642028,0.8238900577484325,0.9871794871734605,0.9049773755246616,0.8264462809234342,0.9874267578112945,0.6600660065788757,0.49261083741415707,0.8837911559154896
PointNetTransformer,77,test_row77_WINM1RGX,WINM1RGX,upper,/home/htaucare/Tesis_Amaro/data/Teeth_3ds/processed_struct_safe/200000/upper/WINM1RGX,/home/htaucare/Tesis_Amaro/outputs/pointnettransformer/grid_pro_runner_v2_gpu0/exp13_bs4_lr2e4_dm256_dep4_h8_ff512_do005/inference,inference_all/test_row77_WINM1RGX.png,inference_errors/test_row77_WINM1RGX.png,inference_d21/test_row77_WINM1RGX.png,predictions/test_row77_WINM1RGX_xyz.npy,predictions/test_row77_WINM1RGX_gt.npy,predictions/test_row77_WINM1RGX_pred.npy,0.908935546875,0.9151404151404151,0.9175632098306992,0.8550467228161011,0.9957264957204168,0.9691629955520192,0.9401709400905838,0.9953613281237849,0.8527131782615227,0.743243243193024,0.9277339809377096
PointNetTransformer,78,test_row78_0171X5EV,0171X5EV,upper,/home/htaucare/Tesis_Amaro/data/Teeth_3ds/processed_struct_safe/200000/upper/0171X5EV,/home/htaucare/Tesis_Amaro/outputs/pointnettransformer/grid_pro_runner_v2_gpu0/exp13_bs4_lr2e4_dm256_dep4_h8_ff512_do005/inference,inference_all/test_row78_0171X5EV.png,inference_errors/test_row78_0171X5EV.png,inference_d21/test_row78_0171X5EV.png,predictions/test_row78_0171X5EV_xyz.npy,predictions/test_row78_0171X5EV_gt.npy,predictions/test_row78_0171X5EV_pred.npy,0.9189453125,0.9432234432234432,0.9387876738034331,0.8867147750916754,0.9920634920574356,0.9513108613875914,0.9071428570780612,0.9937744140612867,0.8327868852185971,0.7134831460273324,0.9320310429175728
PointNetTransformer,79,test_row79_4OTQF1P6,4OTQF1P6,upper,/home/htaucare/Tesis_Amaro/data/Teeth_3ds/processed_struct_safe/200000/upper/4OTQF1P6,/home/htaucare/Tesis_Amaro/outputs/pointnettransformer/grid_pro_runner_v2_gpu0/exp13_bs4_lr2e4_dm256_dep4_h8_ff512_do005/inference,inference_all/test_row79_4OTQF1P6.png,inference_errors/test_row79_4OTQF1P6.png,inference_d21/test_row79_4OTQF1P6.png,predictions/test_row79_4OTQF1P6_xyz.npy,predictions/test_row79_4OTQF1P6_gt.npy,predictions/test_row79_4OTQF1P6_pred.npy,0.8955078125,0.7771672771672772,0.7259225940601669,0.6523355613578347,0.9938949938889262,0.9666666666344444,0.935483870907388,0.9920654296862889,0.8169014084276929,0.6904761904433107,0.8278978721717226
PointNetTransformer,80,test_row80_016G9TFH,016G9TFH,upper,/home/htaucare/Tesis_Amaro/data/Teeth_3ds/processed_struct_safe/200000/upper/016G9TFH,/home/htaucare/Tesis_Amaro/outputs/pointnettransformer/grid_pro_runner_v2_gpu0/exp13_bs4_lr2e4_dm256_dep4_h8_ff512_do005/inference,inference_all/test_row80_016G9TFH.png,inference_errors/test_row80_016G9TFH.png,inference_d21/test_row80_016G9TFH.png,predictions/test_row80_016G9TFH_xyz.npy,predictions/test_row80_016G9TFH_gt.npy,predictions/test_row80_016G9TFH_pred.npy,0.9248046875,0.9462759462759462,0.9409193406348034,0.8897194064986846,0.99511599510992,0.9672131147144585,0.9365079364336105,0.9953613281237849,0.8613138685817039,0.7564102563617685,0.9412662441406012
PointNetTransformer,81,test_row81_9TLHF8TV,9TLHF8TV,upper,/home/htaucare/Tesis_Amaro/data/Teeth_3ds/processed_struct_safe/200000/upper/9TLHF8TV,/home/htaucare/Tesis_Amaro/outputs/pointnettransformer/grid_pro_runner_v2_gpu0/exp13_bs4_lr2e4_dm256_dep4_h8_ff512_do005/inference,inference_all/test_row81_9TLHF8TV.png,inference_errors/test_row81_9TLHF8TV.png,inference_d21/test_row81_9TLHF8TV.png,predictions/test_row81_9TLHF8TV_xyz.npy,predictions/test_row81_9TLHF8TV_gt.npy,predictions/test_row81_9TLHF8TV_pred.npy,0.927978515625,0.927960927960928,0.9301464099030012,0.8718033761387455,0.9957264957204168,0.9704641349801492,0.942622950742408,0.9951171874987852,0.8518518518203018,0.7419354838231009,0.9357195140005112
PointNetTransformer,82,test_row82_2HVVCR7B,2HVVCR7B,upper,/home/htaucare/Tesis_Amaro/data/Teeth_3ds/processed_struct_safe/200000/upper/2HVVCR7B,/home/htaucare/Tesis_Amaro/outputs/pointnettransformer/grid_pro_runner_v2_gpu0/exp13_bs4_lr2e4_dm256_dep4_h8_ff512_do005/inference,inference_all/test_row82_2HVVCR7B.png,inference_errors/test_row82_2HVVCR7B.png,inference_d21/test_row82_2HVVCR7B.png,predictions/test_row82_2HVVCR7B_xyz.npy,predictions/test_row82_2HVVCR7B_gt.npy,predictions/test_row82_2HVVCR7B_pred.npy,0.8289794921875,0.561050061050061,0.5738139074038264,0.44640711052523435,0.9706959706900447,0.7913043477916823,0.6546762589457067,0.9941406249987863,0.7913043477916823,0.6546762589457067,0.6507074283781064
PointNetTransformer,83,test_row83_01HJHZ5X,01HJHZ5X,upper,/home/htaucare/Tesis_Amaro/data/Teeth_3ds/processed_struct_safe/200000/upper/01HJHZ5X,/home/htaucare/Tesis_Amaro/outputs/pointnettransformer/grid_pro_runner_v2_gpu0/exp13_bs4_lr2e4_dm256_dep4_h8_ff512_do005/inference,inference_all/test_row83_01HJHZ5X.png,inference_errors/test_row83_01HJHZ5X.png,inference_d21/test_row83_01HJHZ5X.png,predictions/test_row83_01HJHZ5X_xyz.npy,predictions/test_row83_01HJHZ5X_gt.npy,predictions/test_row83_01HJHZ5X_pred.npy,0.9287109375,0.9426129426129426,0.9383246192843058,0.8851590341771877,0.9853479853419699,0.9325842696367251,0.8736842104803324,0.9940185546862865,0.8713910760926143,0.7720930232199026,0.9221630481837358
PointNetTransformer,84,test_row84_AD8EQEUR,AD8EQEUR,upper,/home/htaucare/Tesis_Amaro/data/Teeth_3ds/processed_struct_safe/200000/upper/AD8EQEUR,/home/htaucare/Tesis_Amaro/outputs/pointnettransformer/grid_pro_runner_v2_gpu0/exp13_bs4_lr2e4_dm256_dep4_h8_ff512_do005/inference,inference_all/test_row84_AD8EQEUR.png,inference_errors/test_row84_AD8EQEUR.png,inference_d21/test_row84_AD8EQEUR.png,predictions/test_row84_AD8EQEUR_xyz.npy,predictions/test_row84_AD8EQEUR_gt.npy,predictions/test_row84_AD8EQEUR_pred.npy,0.6881103515625,0.7289377289377289,0.6737805166646629,0.5462666393374473,0.9395604395547036,0.6373626373392908,0.46774193545872356,0.9725341796863127,0.43609022555298016,0.27884615383721645,0.6236931076701729
PointNetTransformer,85,test_row85_01909P9K,01909P9K,upper,/home/htaucare/Tesis_Amaro/data/Teeth_3ds/processed_struct_safe/200000/upper/01909P9K,/home/htaucare/Tesis_Amaro/outputs/pointnettransformer/grid_pro_runner_v2_gpu0/exp13_bs4_lr2e4_dm256_dep4_h8_ff512_do005/inference,inference_all/test_row85_01909P9K.png,inference_errors/test_row85_01909P9K.png,inference_d21/test_row85_01909P9K.png,predictions/test_row85_01909P9K_xyz.npy,predictions/test_row85_01909P9K_gt.npy,predictions/test_row85_01909P9K_pred.npy,0.924560546875,0.9493284493284493,0.9530716119887978,0.9116178401077816,0.9932844932784294,0.9614035087381964,0.92567567561313,0.9916992187487893,0.8011695906198488,0.6682926828942296,0.946874117393243
PointNetTransformer,86,test_row86_HM1A4QZR,HM1A4QZR,upper,/home/htaucare/Tesis_Amaro/data/Teeth_3ds/processed_struct_safe/200000/upper/HM1A4QZR,/home/htaucare/Tesis_Amaro/outputs/pointnettransformer/grid_pro_runner_v2_gpu0/exp13_bs4_lr2e4_dm256_dep4_h8_ff512_do005/inference,inference_all/test_row86_HM1A4QZR.png,inference_errors/test_row86_HM1A4QZR.png,inference_d21/test_row86_HM1A4QZR.png,predictions/test_row86_HM1A4QZR_xyz.npy,predictions/test_row86_HM1A4QZR_gt.npy,predictions/test_row86_HM1A4QZR_pred.npy,0.907958984375,0.9175824175824175,0.906138134997955,0.8417379961335874,0.9841269841209761,0.9161290322285119,0.8452380951877834,0.9916992187487893,0.8068181817952609,0.6761904761582767,0.8950335488971416
PointNetTransformer,87,test_row87_013Z9SM2,013Z9SM2,upper,/home/htaucare/Tesis_Amaro/data/Teeth_3ds/processed_struct_safe/200000/upper/013Z9SM2,/home/htaucare/Tesis_Amaro/outputs/pointnettransformer/grid_pro_runner_v2_gpu0/exp13_bs4_lr2e4_dm256_dep4_h8_ff512_do005/inference,inference_all/test_row87_013Z9SM2.png,inference_errors/test_row87_013Z9SM2.png,inference_d21/test_row87_013Z9SM2.png,predictions/test_row87_013Z9SM2_xyz.npy,predictions/test_row87_013Z9SM2_gt.npy,predictions/test_row87_013Z9SM2_pred.npy,0.900390625,0.924908424908425,0.7168060582813511,0.6656712719018069,0.9969474969414106,0.9859154929299742,0.9722222221682099,0.9953613281237849,0.902061855646854,0.8215962440928828,0.8385770790107766
PointNetTransformer,88,test_row88_MAIPESOV,MAIPESOV,upper,/home/htaucare/Tesis_Amaro/data/Teeth_3ds/processed_struct_safe/200000/upper/MAIPESOV,/home/htaucare/Tesis_Amaro/outputs/pointnettransformer/grid_pro_runner_v2_gpu0/exp13_bs4_lr2e4_dm256_dep4_h8_ff512_do005/inference,inference_all/test_row88_MAIPESOV.png,inference_errors/test_row88_MAIPESOV.png,inference_d21/test_row88_MAIPESOV.png,predictions/test_row88_MAIPESOV_xyz.npy,predictions/test_row88_MAIPESOV_gt.npy,predictions/test_row88_MAIPESOV_pred.npy,0.9146728515625,0.9206349206349206,0.9166456948921331,0.8496712690060741,0.9810744810684917,0.9069069068796725,0.8296703296247433,0.990356445311291,0.7926509186143661,0.6565217391018904,0.895032694414388
PointNetTransformer,89,test_row89_015RHV4X,015RHV4X,upper,/home/htaucare/Tesis_Amaro/data/Teeth_3ds/processed_struct_safe/200000/upper/015RHV4X,/home/htaucare/Tesis_Amaro/outputs/pointnettransformer/grid_pro_runner_v2_gpu0/exp13_bs4_lr2e4_dm256_dep4_h8_ff512_do005/inference,inference_all/test_row89_015RHV4X.png,inference_errors/test_row89_015RHV4X.png,inference_d21/test_row89_015RHV4X.png,predictions/test_row89_015RHV4X_xyz.npy,predictions/test_row89_015RHV4X_gt.npy,predictions/test_row89_015RHV4X_pred.npy,0.918701171875,0.8797313797313797,0.8110157484375587,0.7267608636145717,0.9969474969414106,0.9859943977314848,0.9723756905540123,0.9974365234362823,0.943699731878185,0.893401015183076,0.8774413518787749
PointNetTransformer,90,test_row90_017FADFV,017FADFV,upper,/home/htaucare/Tesis_Amaro/data/Teeth_3ds/processed_struct_safe/200000/upper/017FADFV,/home/htaucare/Tesis_Amaro/outputs/pointnettransformer/grid_pro_runner_v2_gpu0/exp13_bs4_lr2e4_dm256_dep4_h8_ff512_do005/inference,inference_all/test_row90_017FADFV.png,inference_errors/test_row90_017FADFV.png,inference_d21/test_row90_017FADFV.png,predictions/test_row90_017FADFV_xyz.npy,predictions/test_row90_017FADFV_gt.npy,predictions/test_row90_017FADFV_pred.npy,0.933837890625,0.9072039072039072,0.9045335603184028,0.829307689008188,0.9859584859524667,0.9175627239814493,0.84768211914916,0.9935302734362871,0.8284789643744829,0.7071823204029181,0.8922416743223723
PointNetTransformer,91,test_row91_01MAVT6A,01MAVT6A,upper,/home/htaucare/Tesis_Amaro/data/Teeth_3ds/processed_struct_safe/200000/upper/01MAVT6A,/home/htaucare/Tesis_Amaro/outputs/pointnettransformer/grid_pro_runner_v2_gpu0/exp13_bs4_lr2e4_dm256_dep4_h8_ff512_do005/inference,inference_all/test_row91_01MAVT6A.png,inference_errors/test_row91_01MAVT6A.png,inference_d21/test_row91_01MAVT6A.png,predictions/test_row91_01MAVT6A_xyz.npy,predictions/test_row91_01MAVT6A_gt.npy,predictions/test_row91_01MAVT6A_pred.npy,0.927001953125,0.9578754578754579,0.9592899889881364,0.9232334941859227,0.9932844932784294,0.9650793650487276,0.9325153373661033,0.9915771484362895,0.8150134048038871,0.6877828053987428,0.9531705533178786
PointNetTransformer,92,test_row92_VXRFUE19,VXRFUE19,upper,/home/htaucare/Tesis_Amaro/data/Teeth_3ds/processed_struct_safe/200000/upper/VXRFUE19,/home/htaucare/Tesis_Amaro/outputs/pointnettransformer/grid_pro_runner_v2_gpu0/exp13_bs4_lr2e4_dm256_dep4_h8_ff512_do005/inference,inference_all/test_row92_VXRFUE19.png,inference_errors/test_row92_VXRFUE19.png,inference_d21/test_row92_VXRFUE19.png,predictions/test_row92_VXRFUE19_xyz.npy,predictions/test_row92_VXRFUE19_gt.npy,predictions/test_row92_VXRFUE19_pred.npy,0.894775390625,0.8406593406593407,0.8147957830966815,0.7404974680527777,0.9987789987729013,0.994565217364278,0.9891891891357195,0.9957275390612844,0.912718204466017,0.8394495412458968,0.8861059214695038
PointNetTransformer,94,test_row94_0177JSNX,0177JSNX,upper,/home/htaucare/Tesis_Amaro/data/Teeth_3ds/processed_struct_safe/200000/upper/0177JSNX,/home/htaucare/Tesis_Amaro/outputs/pointnettransformer/grid_pro_runner_v2_gpu0/exp13_bs4_lr2e4_dm256_dep4_h8_ff512_do005/inference,inference_all/test_row94_0177JSNX.png,inference_errors/test_row94_0177JSNX.png,inference_d21/test_row94_0177JSNX.png,predictions/test_row94_0177JSNX_xyz.npy,predictions/test_row94_0177JSNX_gt.npy,predictions/test_row94_0177JSNX_pred.npy,0.897216796875,0.9407814407814408,0.8634159100244917,0.8170118931213954,0.989621489615448,0.9531680440508769,0.9105263157415512,0.99121093749879,0.8277511961524461,0.7061224489507705,0.8966909728119102
