{
  "train_loss": [
    2.4668405654245635,
    2.414515157027438,
    2.404880614738183,
    2.405312000165566,
    2.400600428070969,
    2.399866922755083,
    2.396729867836646,
    2.397088124743247,
    2.397767873267846,
    2.3940652300950784,
    2.39092590888048,
    2.391266730878626,
    2.3958044681161974,
    2.3947459793618684,
    2.392894938423185,
    2.395078074448223,
    2.391573820606809,
    2.3911621311054017,
    2.390072871398222,
    2.3891120146121487,
    2.390633293623414,
    2.393649243340721,
    2.3900885450004212,
    2.3869015550261494,
    2.388797465285692,
    2.389016482223004,
    2.387801347623452,
    2.3844415235343455,
    2.3901049950026056,
    2.3883249482545468,
    2.383073020245316,
    2.383954540829817,
    2.3817377015673364,
    2.382786922789148,
    2.383341161527317,
    2.380992823421295,
    2.381619624546093,
    2.383485757116902,
    2.382532433830064,
    2.3834091125819077,
    2.385090348905303,
    2.3822898341280947,
    2.382907545434593,
    2.385773336315507,
    2.3815139655257505,
    2.3826630115509033,
    2.3805198163563914,
    2.3819481543509284,
    2.3802521840232767
  ],
  "train_acc": [
    0.23659737408161163,
    0.2535863220691681,
    0.2540724575519562,
    0.2544610798358917,
    0.2544621527194977,
    0.2544456124305725,
    0.25446224212646484,
    0.25446224212646484,
    0.25446224212646484,
    0.25446224212646484,
    0.25446224212646484,
    0.25446224212646484,
    0.25446224212646484,
    0.25446224212646484,
    0.25446224212646484,
    0.25446224212646484,
    0.25446224212646484,
    0.25446224212646484,
    0.25446224212646484,
    0.25446224212646484,
    0.25446224212646484,
    0.25446224212646484,
    0.25446224212646484,
    0.25446224212646484,
    0.25446224212646484,
    0.25446224212646484,
    0.25446224212646484,
    0.25446224212646484,
    0.25446224212646484,
    0.25446224212646484,
    0.25446224212646484,
    0.25446224212646484,
    0.25446224212646484,
    0.25446224212646484,
    0.25446224212646484,
    0.25446224212646484,
    0.25446224212646484,
    0.25446224212646484,
    0.25446224212646484,
    0.25446224212646484,
    0.25446224212646484,
    0.25446224212646484,
    0.25446224212646484,
    0.25446224212646484,
    0.25446224212646484,
    0.25446224212646484,
    0.25446224212646484,
    0.25446224212646484,
    0.25446224212646484
  ],
  "train_prec": [
    0.03428530693054199,
    0.025452174246311188,
    0.01697157323360443,
    0.013827528804540634,
    0.013128231279551983,
    0.025181731209158897,
    0.021770207211375237,
    0.009424527175724506,
    0.009424527175724506,
    0.009424527175724506,
    0.009424527175724506,
    0.009424527175724506,
    0.009424527175724506,
    0.009424527175724506,
    0.009424527175724506,
    0.009424527175724506,
    0.009424527175724506,
    0.009424527175724506,
    0.009424527175724506,
    0.009424527175724506,
    0.009424527175724506,
    0.009424527175724506,
    0.009424527175724506,
    0.009424527175724506,
    0.009424527175724506,
    0.009424527175724506,
    0.009424527175724506,
    0.009424527175724506,
    0.009424527175724506,
    0.009424527175724506,
    0.009424527175724506,
    0.009424527175724506,
    0.009424527175724506,
    0.009424527175724506,
    0.009424527175724506,
    0.009424527175724506,
    0.009424527175724506,
    0.009424527175724506,
    0.009424527175724506,
    0.009424527175724506,
    0.009424527175724506,
    0.009424527175724506,
    0.009424527175724506,
    0.009424527175724506,
    0.009424527175724506,
    0.009424527175724506,
    0.009424527175724506,
    0.009424527175724506,
    0.009424527175724506
  ],
  "train_rec": [
    0.03668998181819916,
    0.037028200924396515,
    0.03702376410365105,
    0.0370369590818882,
    0.03703702613711357,
    0.03704138100147247,
    0.037037041038274765,
    0.03703703731298447,
    0.03703703731298447,
    0.03703703731298447,
    0.03703703731298447,
    0.03703703731298447,
    0.03703703731298447,
    0.03703703731298447,
    0.03703703731298447,
    0.03703703731298447,
    0.03703703731298447,
    0.03703703731298447,
    0.03703703731298447,
    0.03703703731298447,
    0.03703703731298447,
    0.03703703731298447,
    0.03703703731298447,
    0.03703703731298447,
    0.03703703731298447,
    0.03703703731298447,
    0.03703703731298447,
    0.03703703731298447,
    0.03703703731298447,
    0.03703703731298447,
    0.03703703731298447,
    0.03703703731298447,
    0.03703703731298447,
    0.03703703731298447,
    0.03703703731298447,
    0.03703703731298447,
    0.03703703731298447,
    0.03703703731298447,
    0.03703703731298447,
    0.03703703731298447,
    0.03703703731298447,
    0.03703703731298447,
    0.03703703731298447,
    0.03703703731298447,
    0.03703703731298447,
    0.03703703731298447,
    0.03703703731298447,
    0.03703703731298447,
    0.03703703731298447
  ],
  "train_f1": [
    0.02148355543613434,
    0.01555985864251852,
    0.015219634398818016,
    0.01502604503184557,
    0.015025629661977291,
    0.01505860686302185,
    0.01502563338726759,
    0.015025605447590351,
    0.015025605447590351,
    0.015025605447590351,
    0.015025605447590351,
    0.015025605447590351,
    0.015025605447590351,
    0.015025605447590351,
    0.015025605447590351,
    0.015025605447590351,
    0.015025605447590351,
    0.015025605447590351,
    0.015025605447590351,
    0.015025605447590351,
    0.015025605447590351,
    0.015025605447590351,
    0.015025605447590351,
    0.015025605447590351,
    0.015025605447590351,
    0.015025605447590351,
    0.015025605447590351,
    0.015025605447590351,
    0.015025605447590351,
    0.015025605447590351,
    0.015025605447590351,
    0.015025605447590351,
    0.015025605447590351,
    0.015025605447590351,
    0.015025605447590351,
    0.015025605447590351,
    0.015025605447590351,
    0.015025605447590351,
    0.015025605447590351,
    0.015025605447590351,
    0.015025605447590351,
    0.015025605447590351,
    0.015025605447590351,
    0.015025605447590351,
    0.015025605447590351,
    0.015025605447590351,
    0.015025605447590351,
    0.015025605447590351,
    0.015025605447590351
  ],
  "train_iou": [
    0.012645911425352097,
    0.009687132202088833,
    0.009516779333353043,
    0.009424739517271519,
    0.009424539282917976,
    0.009440965950489044,
    0.009424541145563126,
    0.009424527175724506,
    0.009424527175724506,
    0.009424527175724506,
    0.009424527175724506,
    0.009424527175724506,
    0.009424527175724506,
    0.009424527175724506,
    0.009424527175724506,
    0.009424527175724506,
    0.009424527175724506,
    0.009424527175724506,
    0.009424527175724506,
    0.009424527175724506,
    0.009424527175724506,
    0.009424527175724506,
    0.009424527175724506,
    0.009424527175724506,
    0.009424527175724506,
    0.009424527175724506,
    0.009424527175724506,
    0.009424527175724506,
    0.009424527175724506,
    0.009424527175724506,
    0.009424527175724506,
    0.009424527175724506,
    0.009424527175724506,
    0.009424527175724506,
    0.009424527175724506,
    0.009424527175724506,
    0.009424527175724506,
    0.009424527175724506,
    0.009424527175724506,
    0.009424527175724506,
    0.009424527175724506,
    0.009424527175724506,
    0.009424527175724506,
    0.009424527175724506,
    0.009424527175724506,
    0.009424527175724506,
    0.009424527175724506,
    0.009424527175724506,
    0.009424527175724506
  ],