{
  "best_epoch": 14,
  "best_val_loss": 2.4510393937428794,
  "test_loss": 2.380622069040934,
  "test_acc": 0.25383979082107544,
  "test_prec": 0.00940147414803505,
  "test_rec": 0.03703703731298447,
  "test_f1": 0.014996291138231754,
  "test_iou": 0.00940147414803505,
  "overall_accuracy_test": 0.25383979082107544,
  "tooth_21": {
    "class_id": 9,
    "class_name": "Diente 21",
    "precision": 0.0,
    "recall": 0.0,
    "f1": 0.0,
    "iou": 0.0
  }
}