{
  "best_epoch": 37,
  "best_val_loss": 2.0141016443570456,
  "test_loss": 2.132830500602722,
  "test_acc": 0.31127792596817017,
  "test_prec": 0.10529293119907379,
  "test_rec": 0.13622455298900604,
  "test_f1": 0.09109586477279663,
  "test_iou": 0.05502712354063988,
  "overall_accuracy_test": 0.31127792596817017,
  "tooth_21": {
    "class_id": 9,
    "class_name": "Diente 21",
    "precision": 0.23085153102874756,
    "recall": 0.4126526415348053,
    "f1": 0.2960711121559143,
    "iou": 0.1737578958272934
  }
}