{
  "best_epoch": 36,
  "best_val_loss": 2.3113953471183777,
  "test_loss": 2.238713264465332,
  "test_acc": 0.2623928487300873,
  "test_prec": 0.038015659898519516,
  "test_rec": 0.03988726809620857,
  "test_f1": 0.02109299972653389,
  "test_iou": 0.012707770802080631,
  "overall_accuracy_test": 0.2623928487300873,
  "tooth_21": {
    "class_id": 9,
    "class_name": "Diente 21",
    "precision": 0.0,
    "recall": 0.0,
    "f1": 0.0,
    "iou": 0.0
  }
}