{
  "train_loss": [
    3.1029778925996077,
    3.053992960954967,
    3.0446845738511334,
    3.0402598443784212,
    3.0610791262827424,
    3.0612426713893286,
    3.0379316260940152,
    3.0591313726023626,
    3.0593810903398615,
    3.0500491794786955,
    3.0450163853795904,
    3.0364857742660925,
    3.0503219378621953,
    3.0634666700112194,
    3.056316173704047,
    3.0670440548344664,
    3.0601661343323556,
    3.064586789984452,
    3.062963568536859,
    3.05590088869396,
    3.0687848931864687,
    3.0576684286719873,
    3.076878217019533,
    3.064635361495771,
    3.067529295620165,
    3.0532827898075707,
    3.059429869526311,
    3.0664296583125465,
    3.054118498375541,
    3.0532241727176466,
    3.0642981742557724,
    3.0691637007813704,
    3.0645116009210285,
    3.0577779481285496,
    3.061078613682797,
    3.063157073447579
  ],
  "train_acc": [
    0.035496681928634644,
    0.038791459053754807,
    0.0385642908513546,
    0.03914763778448105,
    0.03886396065354347,
    0.03917703777551651,
    0.04228049889206886,
    0.03696401044726372,
    0.040410321205854416,
    0.03866231441497803,
    0.04016014188528061,
    0.04123612865805626,
    0.04022309556603432,
    0.039230093359947205,
    0.040764886885881424,
    0.03537997603416443,
    0.035180993378162384,
    0.03773850202560425,
    0.03908582776784897,
    0.03923097252845764,
    0.038239166140556335,
    0.03886450454592705,
    0.0394015796482563,
    0.03990226611495018,
    0.039688244462013245,
    0.03704823926091194,
    0.039545364677906036,
    0.040771715342998505,
    0.038478825241327286,
    0.03983800485730171,
    0.03941340371966362,
    0.04056336358189583,
    0.03891044482588768,
    0.03993353247642517,
    0.03979431092739105,
    0.038920577615499496
  ],
  "train_prec": [
    0.03608784079551697,
    0.03684365004301071,
    0.03496821969747543,
    0.03427734598517418,
    0.032754044979810715,
    0.03292877972126007,
    0.035109639167785645,
    0.032481107860803604,
    0.03376222029328346,
    0.02897629141807556,
    0.03145815059542656,
    0.031817566603422165,
    0.031520601361989975,
    0.029119795188307762,
    0.03219708800315857,
    0.026997530832886696,
    0.028603192418813705,
    0.02600732445716858,
    0.027707720175385475,
    0.030215676873922348,
    0.03037002682685852,
    0.03108072280883789,
    0.02978067845106125,
    0.033889591693878174,
    0.031615618616342545,
    0.02734622359275818,
    0.029124144464731216,
    0.030104629695415497,
    0.0237486120313406,
    0.03040345385670662,
    0.028311852365732193,
    0.028109652921557426,
    0.022292442619800568,
    0.026369160041213036,
    0.024179060012102127,
    0.0233693178743124
  ],
  "train_rec": [
    0.035496681928634644,
    0.038791459053754807,
    0.0385642908513546,
    0.03914763778448105,
    0.03886396065354347,
    0.03917703777551651,
    0.04228049889206886,
    0.03696401044726372,
    0.040410321205854416,
    0.03866231441497803,
    0.04016014188528061,
    0.04123612865805626,
    0.04022309556603432,
    0.039230093359947205,
    0.040764886885881424,
    0.03537997603416443,
    0.035180993378162384,
    0.03773850202560425,
    0.03908582776784897,
    0.03923097252845764,
    0.038239166140556335,
    0.03886450454592705,
    0.0394015796482563,
    0.03990226611495018,
    0.039688244462013245,
    0.03704823926091194,
    0.039545364677906036,
    0.040771715342998505,
    0.038478825241327286,
    0.03983800485730171,
    0.03941340371966362,
    0.04056336358189583,
    0.03891044482588768,
    0.03993353247642517,
    0.03979431092739105,
    0.038920577615499496
  ],
  "train_f1": [
    0.033418647944927216,
    0.03517453372478485,
    0.03234168514609337,
    0.03367583453655243,
    0.03294156491756439,
    0.02795439027249813,
    0.02884465828537941,
    0.03220580518245697,
    0.03156919777393341,
    0.028444677591323853,
    0.027599846944212914,
    0.028925597667694092,
    0.0307687446475029,
    0.026538502424955368,
    0.031536877155303955,
    0.027305347844958305,
    0.026109302416443825,
    0.023285824805498123,
    0.026702383533120155,
    0.02338951826095581,
    0.030554646626114845,
    0.02435491234064102,
    0.024667169898748398,
    0.03272361308336258,
    0.02091928943991661,
    0.02765149064362049,
    0.022473802790045738,
    0.026515569537878036,
    0.024621669203042984,
    0.031191615387797356,
    0.01653892546892166,
    0.023983312770724297,
    0.02251887507736683,
    0.01819487102329731,
    0.02317359298467636,
    0.026017911732196808
  ],
  "train_iou": [
    0.018513908609747887,
    0.01895160786807537,
    0.01736871711909771,
    0.018300851806998253,
    0.017845334485173225,
    0.015068454667925835,
    0.015349182300269604,
    0.017632687464356422,
    0.016811076551675797,
    0.01580500602722168,
    0.015562611632049084,
    0.016068110242486,
    0.01692735031247139,
    0.014804762788116932,
    0.017176639288663864,
    0.014974704943597317,
    0.014526530168950558,
    0.013706965371966362,
    0.015156209468841553,
    0.013855261728167534,
    0.016876190900802612,
    0.01360564585775137,
    0.014485376887023449,
    0.01831219159066677,
    0.011932958848774433,
    0.015756074339151382,
    0.01336762122809887,
    0.014802119694650173,
    0.014438898302614689,
    0.01760949194431305,
    0.009182900190353394,
    0.01424697320908308,
    0.013315670192241669,
    0.011267291381955147,
    0.013833131641149521,
    0.014683857560157776
  ],
  "val_loss": [
    3.061721762021383,
    3.252369930346807,
    3.1889096101125083,
    3.3939353624979653,
    3.268998851378759,
    3.1419060627619424,
    3.4617289503415427,
    3.4552056193351746,
    3.210914005835851,
    3.268502324819565,
    3.309739331404368,
    3.4029288291931152,
    3.4206800162792206,
    3.336133658885956,
    3.3440469801425934,
    3.3438801864782968,
    3.376096417506536,
    3.392130275567373,
    3.3591728707154593,
    3.432225525379181,
    3.3579328656196594,
    3.4538318713506064,
    3.3716019988059998,
    3.4080982406934104,
    3.412071724732717,
    3.415624519189199,
    3.470948656400045,
    3.50710063179334,
    3.5191702047983804,
    3.4586151838302612,
    3.4939438899358115,
    3.4646660586198172,
    3.4904069701830545,
    3.501770496368408,
    3.5347630778948465,
    3.5666332443555198
  ],
  "val_acc": [
    0.0555555559694767,
    0.0555555559694767,
    0.0555555559694767,
    0.0555555559694767,
    0.0555555559694767,
    0.0555555559694767,
    0.0555555559694767,
    0.0555555559694767,
    0.0555555559694767,
    0.0555555559694767,
    0.0555555559694767,
    0.0555555559694767,
    0.0555555559694767,
    0.0555555559694767,
    0.0555555559694767,
    0.0555555559694767,
    0.0555555559694767,
    0.0555555559694767,
    0.0555555559694767,
    0.0555555559694767,
    0.0555555559694767,
    0.0555555559694767,
    0.0555555559694767,
    0.0555555559694767,
    0.0555555559694767,
    0.0555555559694767,
    0.0555555559694767,
    0.0555555559694767,
    0.0555555559694767,
    0.0555555559694767,
    0.0555555559694767,
    0.0555555559694767,
    0.0555555559694767,
    0.0555555559694767,
    0.0555555559694767,
    0.0555555559694767
  ],