{
  "best_epoch": 33,
  "best_val_loss": 2.634211301803589,
  "test_loss": 2.798742019213163,
  "test_acc": 0.23552145063877106,
  "test_prec": 0.008723016828298569,
  "test_rec": 0.03703703731298447,
  "test_f1": 0.014120381325483322,
  "test_iou": 0.008723016828298569,
  "overall_accuracy_test": 0.23552145063877106,
  "tooth_21": {
    "class_id": 9,
    "class_name": "Diente 21",
    "precision": 0.0,
    "recall": 0.0,
    "f1": 0.0,
    "iou": 0.0
  }
}