{
  "best_epoch": 44,
  "best_val_loss": 2.1385695139567056,
  "test_loss": 2.1210472767169657,
  "test_acc": 0.3375873267650604,
  "test_prec": 0.08572979271411896,
  "test_rec": 0.0999864712357521,
  "test_f1": 0.06457099318504333,
  "test_iou": 0.04029686003923416,
  "overall_accuracy_test": 0.3375873267650604,
  "tooth_21": {
    "class_id": 9,
    "class_name": "Diente 21",
    "precision": 0.36150234937667847,
    "recall": 0.006797116249799728,
    "f1": 0.013343346305191517,
    "iou": 0.006716482806950808
  }
}