{
  "train_loss": [
    3.322261095046997,
    3.182585597038269,
    2.346356987953186,
    1.9706007838249207,
    2.0405261516571045,
    1.5748803615570068,
    1.891010820865631,
    1.8197470903396606,
    2.1791361570358276,
    2.210561513900757,
    1.588999092578888,
    1.5476544499397278,
    1.5940756797790527,
    1.8269153833389282,
    1.8635252714157104,
    1.722545087337494,
    1.7333326935768127,
    1.3235509395599365,
    1.450709581375122,
    1.365917146205902,
    1.3083018064498901,
    1.3348541259765625,
    1.3911824226379395,
    1.781507968902588,
    1.5693054795265198,
    1.6949615478515625,
    1.5315476655960083,
    1.5537089109420776,
    1.451747477054596,
    1.5133363008499146,
    1.656947135925293,
    1.5988386273384094,
    1.2751013040542603,
    1.4118866920471191,
    1.358519971370697,
    1.277203917503357,
    1.3861022591590881,
    1.3227744102478027,
    1.2306687235832214,
    1.270640254020691,
    1.374130368232727,
    1.2007100582122803,
    1.1501727104187012
  ],
  "train_acc": [
    0.0541229248046875,
    0.09039306640625,
    0.3030853271484375,
    0.38580322265625,
    0.3008880615234375,
    0.42047119140625,
    0.3309478759765625,
    0.301910400390625,
    0.276397705078125,
    0.2372283935546875,
    0.3596649169921875,
    0.367828369140625,
    0.3814697265625,
    0.30438232421875,
    0.234344482421875,
    0.324554443359375,
    0.358795166015625,
    0.4053192138671875,
    0.359039306640625,
    0.4312744140625,
    0.4781646728515625,
    0.43890380859375,
    0.4095001220703125,
    0.3430023193359375,
    0.3357391357421875,
    0.3300933837890625,
    0.3729400634765625,
    0.3448486328125,
    0.4677886962890625,
    0.370391845703125,
    0.318511962890625,
    0.297027587890625,
    0.463897705078125,
    0.4049224853515625,
    0.4644012451171875,
    0.46197509765625,
    0.4554290771484375,
    0.471923828125,
    0.43798828125,
    0.44195556640625,
    0.38775634765625,
    0.4362640380859375,
    0.4775543212890625
  ],
  "train_prec": [
    0.034154344350099564,
    0.032298680394887924,
    0.10392511636018753,
    0.11655433475971222,
    0.09945589303970337,
    0.12562423944473267,
    0.10205545276403427,
    0.09026795625686646,
    0.09388076514005661,
    0.06468384712934494,
    0.12636558711528778,
    0.12163086235523224,
    0.12474645674228668,
    0.1068233996629715,
    0.07725975662469864,
    0.10765085369348526,
    0.09366447478532791,
    0.13638043403625488,
    0.12090202420949936,
    0.13026398420333862,
    0.14925159513950348,
    0.1362670361995697,
    0.13367727398872375,
    0.09020087867975235,
    0.09019532799720764,
    0.10385673493146896,
    0.11103459447622299,
    0.1116836741566658,
    0.14692148566246033,
    0.11848130822181702,
    0.08589734882116318,
    0.11430700123310089,
    0.13509142398834229,
    0.1140470877289772,
    0.13915641605854034,
    0.1398453265428543,
    0.13758277893066406,
    0.13791674375534058,
    0.1396980732679367,
    0.13800548017024994,
    0.13170984387397766,
    0.13944889605045319,
    0.14721529185771942
  ],
  "train_rec": [
    0.016322985291481018,
    0.02735869400203228,
    0.10886815935373306,
    0.12908151745796204,
    0.10365881025791168,
    0.13815613090991974,
    0.11020700633525848,
    0.10738695412874222,
    0.09552019834518433,
    0.06646111607551575,
    0.11747142672538757,
    0.12419987469911575,
    0.11700227856636047,
    0.09872076660394669,
    0.0737631544470787,
    0.11227747052907944,
    0.1020173653960228,
    0.1358172446489334,
    0.1206405833363533,
    0.13523948192596436,
    0.15235351026058197,
    0.14786581695079803,
    0.12967362999916077,
    0.09617909789085388,
    0.09499642997980118,
    0.10969677567481995,
    0.11247316002845764,
    0.1152353584766388,
    0.1548335701227188,
    0.12410856038331985,
    0.08884744346141815,
    0.08913320302963257,
    0.14313900470733643,
    0.133189395070076,
    0.15152372419834137,
    0.14859232306480408,
    0.14416618645191193,
    0.15003138780593872,
    0.13829517364501953,
    0.14322128891944885,
    0.11030609160661697,
    0.14297741651535034,
    0.15020954608917236
  ],
  "train_f1": [
    0.02104061096906662,
    0.027142304927110672,
    0.10117050260305405,
    0.11356469243764877,
    0.0911276638507843,
    0.12162650376558304,
    0.0955815538764,
    0.08454469591379166,
    0.0887785330414772,
    0.06386056542396545,
    0.11579547822475433,
    0.11643695086240768,
    0.11354131996631622,
    0.09683971107006073,
    0.0652482733130455,
    0.10591001808643341,
    0.08700346946716309,
    0.13062913715839386,
    0.11740840971469879,
    0.12409301847219467,
    0.1370614618062973,
    0.1345290094614029,
    0.12727469205856323,
    0.09286902099847794,
    0.08710241317749023,
    0.09870477765798569,
    0.10523594915866852,
    0.10003631561994553,
    0.14188040792942047,
    0.1175059825181961,
    0.07842068374156952,
    0.07380154728889465,
    0.11954201012849808,
    0.11223053187131882,
    0.12626802921295166,
    0.13049980998039246,
    0.13096852600574493,
    0.12779401242733002,
    0.13615448772907257,
    0.13720683753490448,
    0.09996636211872101,
    0.134646937251091,
    0.1324872076511383
  ],
  "train_iou": [
    0.011286148801445961,
    0.014760434627532959,
    0.06310869008302689,
    0.07358251512050629,
    0.0577445887029171,
    0.07972638309001923,
    0.060826364904642105,
    0.05304349958896637,
    0.05477233976125717,
    0.038065023720264435,
    0.07149691134691238,
    0.07392068207263947,
    0.0707104429602623,
    0.059132955968379974,
    0.04003555700182915,
    0.06615206599235535,
    0.05615467205643654,
    0.08309600502252579,
    0.07346882671117783,
    0.0807928666472435,
    0.09241097420454025,
    0.08924391120672226,
    0.08131510019302368,
    0.05888566002249718,
    0.0552196204662323,
    0.060941487550735474,
    0.06661347299814224,
    0.06474347412586212,
    0.09469516575336456,
    0.07390164583921432,
    0.049128733575344086,
    0.04592035338282585,
    0.08171536773443222,
    0.07439414411783218,
    0.08624816685914993,
    0.08804138004779816,
    0.08721715956926346,
    0.08712297677993774,
    0.08780926465988159,
    0.08952552825212479,
    0.06530660390853882,
    0.08838412910699844,
    0.08955152332782745
  ],
  "val_loss": [
    3.206470012664795,
    3.2253595020460044,
    3.2627987446992295,
    3.3930775393610415,
    3.6059670655623726,
    3.6295930613642153,
    3.572968752487846,
    3.606848032578178,
    3.349243682363759,
    3.158723551294078,
    3.0031134149302607,
    2.904002334760583,
    2.81570057246996,
    2.818948849387791,
    3.0746733624002207,
    3.452455137086951,
    3.7574092927186387,
    3.8309143315190854,
    4.163361995116524,
    4.330758395402328,
    4.346139928568965,
    4.617393493652344,
    4.335841572803,
    3.9246219655741816,
    4.027087843936423,
    4.113180129424386,
    3.896045093951018,
    3.44776957968007,
    3.4937432123267134,
    3.635694762934809,
    3.7072188957877783,
    3.6966583728790283,
    3.6275187367978305,
    3.5354658728060513,
    3.4529142068779985,
    3.3401582707529482,
    3.2975842589917392,
    3.2756615669830986,
    3.2169532516728276,
    3.1785114381624306,
    3.1906238483346026,
    3.2200183246446694,
    3.2794692723647407
  ],