split,row_i,n_points,n_classes_present,classes_present,only_bg,bg_points,fg_points
train,0,8192,13,"0,1,2,3,4,5,6,8,9,10,11,12,13",0,6554,1638
train,1,8192,11,"0,1,2,4,5,6,8,9,11,12,13",0,6554,1638
train,2,8192,15,"0,1,2,3,4,5,6,7,8,9,10,11,12,13,14",0,6554,1638
train,3,8192,15,"0,1,2,3,4,5,6,7,8,9,10,11,12,13,14",0,6554,1638
train,4,8192,15,"0,1,2,3,4,5,6,7,8,9,10,11,12,13,14",0,6554,1638
train,5,8192,14,"0,1,2,3,4,5,6,7,8,9,10,11,12,13",0,6554,1638
train,6,8192,13,"0,1,2,3,5,6,7,8,9,10,12,13,14",0,6554,1638
train,7,8192,15,"0,1,2,3,4,5,6,7,8,9,10,11,12,13,14",0,6554,1638
train,8,8192,15,"0,1,2,3,4,5,6,7,8,9,10,11,12,13,14",0,6554,1638
train,9,8192,13,"0,1,2,3,4,5,6,8,9,10,11,12,13",0,6554,1638
train,10,8192,14,"0,1,2,3,4,5,6,8,9,10,11,12,13,14",0,6554,1638
train,11,8192,12,"0,1,2,3,4,5,6,8,9,10,11,13",0,6554,1638
train,12,8192,13,"0,1,2,3,4,5,6,8,9,10,11,12,13",0,6554,1638
train,13,8192,15,"0,1,2,3,4,5,6,7,8,9,10,11,12,13,14",0,6554,1638
train,14,8192,15,"0,1,2,3,4,5,6,7,8,9,10,11,12,13,14",0,6554,1638
train,15,8192,15,"0,1,2,3,4,5,6,7,8,9,10,11,12,13,14",0,6554,1638
train,16,8192,15,"0,1,2,3,4,5,6,7,8,9,10,11,12,13,14",0,6554,1638
train,17,8192,15,"0,1,2,3,4,5,6,7,8,9,10,11,12,13,14",0,6554,1638
train,18,8192,15,"0,1,2,3,4,5,6,7,8,9,10,11,12,13,14",0,6554,1638
train,19,8192,15,"0,1,2,3,4,5,6,7,8,9,10,11,12,13,14",0,6554,1638
train,20,8192,14,"0,1,2,3,4,5,6,7,8,9,10,11,12,13",0,6554,1638
train,21,8192,15,"0,1,2,3,4,5,6,7,8,9,10,11,12,13,14",0,6554,1638
train,22,8192,14,"0,1,2,3,4,5,6,8,9,10,11,12,13,14",0,6554,1638
train,23,8192,15,"0,1,2,3,4,5,6,7,8,9,10,11,12,13,14",0,6554,1638
train,24,8192,13,"0,1,2,3,4,5,6,8,9,10,11,12,13",0,6554,1638
train,25,8192,13,"0,1,2,3,4,5,6,8,9,10,11,12,13",0,6554,1638
train,26,8192,15,"0,1,2,3,4,5,6,7,8,9,10,11,12,13,14",0,6554,1638
train,27,8192,14,"0,1,2,3,4,5,6,8,9,10,11,12,13,14",0,6554,1638
train,28,8192,14,"0,1,2,3,4,5,6,7,8,9,10,11,12,13",0,6554,1638
train,29,8192,13,"0,1,2,3,4,5,6,8,9,10,11,12,13",0,6554,1638
train,30,8192,1,0,1,8192,0
train,31,8192,15,"0,1,2,3,4,5,6,7,8,9,10,11,12,13,14",0,6554,1638
train,32,8192,15,"0,1,2,3,4,5,6,7,8,9,10,11,12,13,14",0,6554,1638
train,33,8192,15,"0,1,2,3,4,5,6,7,8,9,10,11,12,13,14",0,6554,1638
train,34,8192,11,"0,1,2,4,5,6,8,9,11,12,13",0,6554,1638
train,35,8192,15,"0,1,2,3,4,5,6,7,8,9,10,11,12,13,14",0,6554,1638
train,36,8192,15,"0,1,2,3,4,5,6,7,8,9,10,11,12,13,14",0,6554,1638
train,37,8192,14,"0,1,2,4,5,6,7,8,9,10,11,12,13,14",0,6554,1638
train,38,8192,15,"0,1,2,3,4,5,6,7,8,9,10,11,12,13,14",0,6554,1638
train,39,8192,13,"0,1,2,3,4,6,7,8,9,10,11,13,14",0,6554,1638
train,40,8192,15,"0,1,2,3,4,5,6,7,8,9,10,11,12,13,14",0,6554,1638
train,41,8192,15,"0,1,2,3,4,5,6,7,8,9,10,11,12,13,14",0,6554,1638
train,42,8192,15,"0,1,2,3,4,5,6,7,8,9,10,11,12,13,14",0,6554,1638
train,43,8192,1,0,1,8192,0
train,44,8192,15,"0,1,2,3,4,5,6,7,8,9,10,11,12,13,14",0,6554,1638
train,45,8192,15,"0,1,2,3,4,5,6,7,8,9,10,11,12,13,14",0,6554,1638
train,46,8192,15,"0,1,2,3,4,5,6,7,8,9,10,11,12,13,14",0,6554,1638
train,47,8192,13,"0,1,2,3,4,5,6,8,9,10,11,12,13",0,6554,1638
train,48,8192,11,"0,1,2,4,5,6,8,9,11,12,13",0,6554,1638
train,49,8192,15,"0,1,2,3,4,5,6,7,8,9,10,11,12,13,14",0,6554,1638
train,50,8192,15,"0,1,2,3,4,5,6,7,8,9,10,11,12,13,14",0,6554,1638
train,51,8192,13,"0,1,2,3,4,5,6,8,9,10,11,12,13",0,6554,1638
train,52,8192,15,"0,1,2,3,4,5,6,7,8,9,10,11,12,13,14",0,6554,1638
train,53,8192,15,"0,1,2,3,4,5,6,7,8,9,10,11,12,13,14",0,6554,1638
train,54,8192,15,"0,1,2,3,4,5,6,7,8,9,10,11,12,13,14",0,6554,1638
train,55,8192,15,"0,1,2,3,4,5,6,7,8,9,10,11,12,13,14",0,6554,1638
train,56,8192,15,"0,1,2,3,4,5,6,7,8,9,10,11,12,13,14",0,6554,1638
train,57,8192,13,"0,1,2,4,5,6,7,8,9,11,12,13,14",0,6554,1638
train,58,8192,15,"0,1,2,3,4,5,6,7,8,9,10,11,12,13,14",0,6554,1638
train,59,8192,13,"0,1,2,3,4,5,6,8,9,10,11,12,13",0,6554,1638
train,60,8192,15,"0,1,2,3,4,5,6,7,8,9,10,11,12,13,14",0,6554,1638
train,61,8192,15,"0,1,2,3,4,5,6,7,8,9,10,11,12,13,14",0,6554,1638
train,62,8192,15,"0,1,2,3,4,5,6,7,8,9,10,11,12,13,14",0,6554,1638
train,63,8192,12,"0,1,2,4,5,6,8,9,10,11,12,13",0,6554,1638
train,64,8192,15,"0,1,2,3,4,5,6,7,8,9,10,11,12,13,14",0,6554,1638
train,65,8192,15,"0,1,2,3,4,5,6,7,8,9,10,11,12,13,14",0,6554,1638
train,66,8192,13,"0,1,2,3,4,5,6,8,9,10,11,12,13",0,6554,1638
train,67,8192,1,0,1,8192,0
train,68,8192,13,"0,1,2,3,4,5,8,9,10,11,12,13,14",0,6554,1638
train,69,8192,15,"0,1,2,3,4,5,6,7,8,9,10,11,12,13,14",0,6554,1638
train,70,8192,15,"0,1,2,3,4,5,6,7,8,9,10,11,12,13,14",0,6554,1638
train,71,8192,15,"0,1,2,3,4,5,6,7,8,9,10,11,12,13,14",0,6554,1638
train,72,8192,13,"0,1,2,3,4,5,6,8,9,10,11,12,13",0,6554,1638
train,73,8192,15,"0,1,2,3,4,5,6,7,8,9,10,11,12,13,14",0,6554,1638
train,74,8192,15,"0,1,2,3,4,5,6,7,8,9,10,11,12,13,14",0,6554,1638
train,75,8192,11,"0,1,2,4,5,6,8,9,11,12,13",0,6554,1638
train,76,8192,15,"0,1,2,3,4,5,6,7,8,9,10,11,12,13,14",0,6554,1638
train,77,8192,15,"0,1,2,3,4,5,6,7,8,9,10,11,12,13,14",0,6554,1638
train,78,8192,15,"0,1,2,3,4,5,6,7,8,9,10,11,12,13,14",0,6554,1638
train,79,8192,12,"0,1,2,4,5,6,8,9,10,11,12,13",0,6554,1638
train,80,8192,15,"0,1,2,3,4,5,6,7,8,9,10,11,12,13,14",0,6554,1638
train,81,8192,1,0,1,8192,0
train,82,8192,13,"0,1,2,3,4,5,6,8,9,10,11,12,13",0,6554,1638
train,83,8192,11,"0,1,2,4,5,6,8,9,11,12,13",0,6554,1638
train,84,8192,12,"0,1,2,4,5,6,8,9,10,11,12,13",0,6554,1638
train,85,8192,15,"0,1,2,3,4,5,6,7,8,9,10,11,12,13,14",0,6554,1638
train,86,8192,13,"0,1,2,3,4,5,6,8,9,10,11,12,13",0,6554,1638
train,87,8192,15,"0,1,2,3,4,5,6,7,8,9,10,11,12,13,14",0,6554,1638
train,88,8192,14,"0,1,2,3,4,5,6,7,8,9,11,12,13,14",0,6554,1638
train,89,8192,15,"0,1,2,3,4,5,6,7,8,9,10,11,12,13,14",0,6554,1638
train,90,8192,12,"0,1,2,3,4,5,6,8,9,11,12,13",0,6554,1638
train,91,8192,13,"0,1,2,3,5,6,7,8,9,10,11,13,14",0,6554,1638
train,92,8192,13,"0,1,2,3,5,6,7,8,9,10,11,13,14",0,6554,1638
train,93,8192,1,0,1,8192,0
train,94,8192,15,"0,1,2,3,4,5,6,7,8,9,10,11,12,13,14",0,6554,1638
train,95,8192,14,"0,1,2,3,4,5,6,8,9,10,11,12,13,14",0,6554,1638
train,96,8192,12,"0,1,2,3,4,5,6,8,9,10,11,13",0,6554,1638
train,97,8192,12,"0,1,2,4,5,6,8,9,10,11,12,13",0,6554,1638
train,98,8192,13,"0,1,2,3,4,5,6,8,9,10,11,12,13",0,6554,1638
train,99,8192,15,"0,1,2,3,4,5,6,7,8,9,10,11,12,13,14",0,6554,1638
train,100,8192,13,"0,1,2,3,5,6,7,8,9,10,11,13,14",0,6554,1638
train,101,8192,15,"0,1,2,3,4,5,6,7,8,9,10,11,12,13,14",0,6554,1638
train,102,8192,15,"0,1,2,3,4,5,6,7,8,9,10,11,12,13,14",0,6554,1638
train,103,8192,15,"0,1,2,3,4,5,6,7,8,9,10,11,12,13,14",0,6554,1638
train,104,8192,15,"0,1,2,3,4,5,6,7,8,9,10,11,12,13,14",0,6554,1638
train,105,8192,15,"0,1,2,3,4,5,6,7,8,9,10,11,12,13,14",0,6554,1638
train,106,8192,15,"0,1,2,3,4,5,6,7,8,9,10,11,12,13,14",0,6554,1638
train,107,8192,15,"0,1,2,3,4,5,6,7,8,9,10,11,12,13,14",0,6554,1638
train,108,8192,15,"0,1,2,3,4,5,6,7,8,9,10,11,12,13,14",0,6554,1638
train,109,8192,15,"0,1,2,3,4,5,6,7,8,9,10,11,12,13,14",0,6554,1638
train,110,8192,1,0,1,8192,0
train,111,8192,15,"0,1,2,3,4,5,6,7,8,9,10,11,12,13,14",0,6554,1638
train,112,8192,12,"0,1,2,4,5,6,8,9,10,11,12,13",0,6554,1638
train,113,8192,1,0,1,8192,0
train,114,8192,13,"0,1,2,3,4,6,8,9,10,11,12,13,14",0,6554,1638
train,115,8192,14,"0,1,2,3,4,5,6,8,9,10,11,12,13,14",0,6554,1638
train,116,8192,15,"0,1,2,3,4,5,6,7,8,9,10,11,12,13,14",0,6554,1638
train,117,8192,15,"0,1,2,3,4,5,6,7,8,9,10,11,12,13,14",0,6554,1638
train,118,8192,15,"0,1,2,3,4,5,6,7,8,9,10,11,12,13,14",0,6554,1638
train,119,8192,11,"0,1,2,5,6,7,8,9,12,13,14",0,6554,1638
train,120,8192,12,"0,1,2,3,4,5,6,8,9,11,12,13",0,6554,1638
train,121,8192,15,"0,1,2,3,4,5,6,7,8,9,10,11,12,13,14",0,6554,1638
train,122,8192,13,"0,1,2,3,5,6,7,8,9,10,11,12,13",0,6554,1638
train,123,8192,15,"0,1,2,3,4,5,6,7,8,9,10,11,12,13,14",0,6554,1638
train,124,8192,15,"0,1,2,3,4,5,6,7,8,9,10,11,12,13,14",0,6554,1638
train,125,8192,13,"0,1,2,3,5,6,7,8,9,10,12,13,14",0,6554,1638
train,126,8192,13,"0,1,2,3,4,6,7,8,9,10,11,13,14",0,6554,1638
train,127,8192,15,"0,1,2,3,4,5,6,7,8,9,10,11,12,13,14",0,6554,1638
train,128,8192,1,0,1,8192,0
train,129,8192,15,"0,1,2,3,4,5,6,7,8,9,10,11,12,13,14",0,6554,1638
train,130,8192,1,0,1,8192,0
train,131,8192,15,"0,1,2,3,4,5,6,7,8,9,10,11,12,13,14",0,6554,1638
train,132,8192,13,"0,1,2,3,4,5,6,8,9,10,11,12,13",0,6554,1638
train,133,8192,15,"0,1,2,3,4,5,6,7,8,9,10,11,12,13,14",0,6554,1638
train,134,8192,13,"0,1,2,3,4,5,6,8,9,10,11,12,13",0,6554,1638
train,135,8192,13,"0,1,2,3,4,5,6,8,9,10,11,12,13",0,6554,1638
train,136,8192,13,"0,1,2,3,4,5,6,8,9,10,11,12,13",0,6554,1638
train,137,8192,15,"0,1,2,3,4,5,6,7,8,9,10,11,12,13,14",0,6554,1638
train,138,8192,15,"0,1,2,3,4,5,6,7,8,9,10,11,12,13,14",0,6554,1638
train,139,8192,15,"0,1,2,3,4,5,6,7,8,9,10,11,12,13,14",0,6554,1638
train,140,8192,15,"0,1,2,3,4,5,6,7,8,9,10,11,12,13,14",0,6554,1638
train,141,8192,14,"0,1,2,3,4,5,6,7,8,9,10,11,12,13",0,6554,1638
train,142,8192,13,"0,1,2,3,4,5,6,8,9,10,11,12,13",0,6554,1638
train,143,8192,1,0,1,8192,0
train,144,8192,15,"0,1,2,3,4,5,6,7,8,9,10,11,12,13,14",0,6554,1638
train,145,8192,15,"0,1,2,3,4,5,6,7,8,9,10,11,12,13,14",0,6554,1638
train,146,8192,13,"0,1,2,3,4,5,6,8,9,10,11,12,13",0,6554,1638
train,147,8192,1,0,1,8192,0
train,148,8192,15,"0,1,2,3,4,5,6,7,8,9,10,11,12,13,14",0,6554,1638
train,149,8192,15,"0,1,2,3,4,5,6,7,8,9,10,11,12,13,14",0,6554,1638
train,150,8192,13,"0,1,2,3,4,5,6,8,9,10,11,12,13",0,6554,1638
train,151,8192,13,"0,1,2,4,5,6,7,8,9,11,12,13,14",0,6554,1638
train,152,8192,15,"0,1,2,3,4,5,6,7,8,9,10,11,12,13,14",0,6554,1638
train,153,8192,13,"0,1,2,3,4,5,6,8,9,10,11,12,13",0,6554,1638
train,154,8192,15,"0,1,2,3,4,5,6,7,8,9,10,11,12,13,14",0,6554,1638
train,155,8192,15,"0,1,2,3,4,5,6,7,8,9,10,11,12,13,14",0,6554,1638
train,156,8192,14,"0,1,2,3,4,5,6,7,8,9,11,12,13,14",0,6554,1638
train,157,8192,15,"0,1,2,3,4,5,6,7,8,9,10,11,12,13,14",0,6554,1638
train,158,8192,15,"0,1,2,3,4,5,6,7,8,9,10,11,12,13,14",0,6554,1638
train,159,8192,12,"0,1,2,3,4,6,7,8,9,10,11,13",0,6554,1638
train,160,8192,15,"0,1,2,3,4,5,6,7,8,9,10,11,12,13,14",0,6554,1638
train,161,8192,15,"0,1,2,3,4,5,6,7,8,9,10,11,12,13,14",0,6554,1638
train,162,8192,13,"0,1,2,3,4,5,6,8,9,10,11,12,13",0,6554,1638
train,163,8192,15,"0,1,2,3,4,5,6,7,8,9,10,11,12,13,14",0,6554,1638
train,164,8192,15,"0,1,2,3,4,5,6,7,8,9,10,11,12,13,14",0,6554,1638
train,165,8192,14,"0,1,2,3,4,5,6,7,8,9,10,11,12,13",0,6554,1638
train,166,8192,13,"0,1,2,3,4,5,6,8,9,10,11,12,13",0,6554,1638
train,167,8192,15,"0,1,2,3,4,5,6,7,8,9,10,11,12,13,14",0,6554,1638
train,168,8192,13,"0,1,2,3,4,5,6,8,9,10,11,12,13",0,6554,1638
train,169,8192,15,"0,1,2,3,4,5,6,7,8,9,10,11,12,13,14",0,6554,1638
train,170,8192,14,"0,1,2,3,4,5,6,7,8,9,11,12,13,14",0,6554,1638
train,171,8192,15,"0,1,2,3,4,5,6,7,8,9,10,11,12,13,14",0,6554,1638
train,172,8192,15,"0,1,2,3,4,5,6,7,8,9,10,11,12,13,14",0,6554,1638
train,173,8192,13,"0,1,2,3,4,5,6,8,9,10,11,12,13",0,6554,1638
train,174,8192,13,"0,1,2,3,4,5,6,8,9,10,11,12,13",0,6554,1638
train,175,8192,11,"0,1,2,4,5,6,8,9,11,12,13",0,6554,1638
train,176,8192,15,"0,1,2,3,4,5,6,7,8,9,10,11,12,13,14",0,6554,1638
train,177,8192,15,"0,1,2,3,4,5,6,7,8,9,10,11,12,13,14",0,6554,1638
train,178,8192,15,"0,1,2,3,4,5,6,7,8,9,10,11,12,13,14",0,6554,1638
train,179,8192,1,0,1,8192,0
train,180,8192,14,"0,1,2,3,4,5,6,8,9,10,11,12,13,14",0,6554,1638
train,181,8192,15,"0,1,2,3,4,5,6,7,8,9,10,11,12,13,14",0,6554,1638
train,182,8192,15,"0,1,2,3,4,5,6,7,8,9,10,11,12,13,14",0,6554,1638
train,183,8192,15,"0,1,2,3,4,5,6,7,8,9,10,11,12,13,14",0,6554,1638
train,184,8192,12,"0,1,2,3,4,5,8,9,10,11,12,13",0,6554,1638
train,185,8192,1,0,1,8192,0
train,186,8192,15,"0,1,2,3,4,5,6,7,8,9,10,11,12,13,14",0,6554,1638
train,187,8192,14,"0,1,2,3,4,5,6,7,8,9,10,11,13,14",0,6554,1638
train,188,8192,15,"0,1,2,3,4,5,6,7,8,9,10,11,12,13,14",0,6554,1638
train,189,8192,15,"0,1,2,3,4,5,6,7,8,9,10,11,12,13,14",0,6554,1638
train,190,8192,13,"0,1,2,3,4,5,6,8,9,10,11,12,13",0,6554,1638
train,191,8192,15,"0,1,2,3,4,5,6,7,8,9,10,11,12,13,14",0,6554,1638
train,192,8192,15,"0,1,2,3,4,5,6,7,8,9,10,11,12,13,14",0,6554,1638
train,193,8192,14,"0,1,2,4,5,6,7,8,9,10,11,12,13,14",0,6554,1638
train,194,8192,14,"0,1,2,3,4,5,6,8,9,10,11,12,13,14",0,6554,1638
train,195,8192,15,"0,1,2,3,4,5,6,7,8,9,10,11,12,13,14",0,6554,1638
train,196,8192,14,"0,1,2,3,4,5,6,8,9,10,11,12,13,14",0,6554,1638
train,197,8192,15,"0,1,2,3,4,5,6,7,8,9,10,11,12,13,14",0,6554,1638
train,198,8192,15,"0,1,2,3,4,5,6,7,8,9,10,11,12,13,14",0,6554,1638
train,199,8192,13,"0,1,2,4,5,6,7,8,9,11,12,13,14",0,6554,1638
train,200,8192,13,"0,1,2,3,4,5,6,8,9,10,11,12,13",0,6554,1638
train,201,8192,15,"0,1,2,3,4,5,6,7,8,9,10,11,12,13,14",0,6554,1638
train,202,8192,15,"0,1,2,3,4,5,6,7,8,9,10,11,12,13,14",0,6554,1638
train,203,8192,12,"0,1,2,3,4,5,8,9,10,11,12,13",0,6554,1638
train,204,8192,15,"0,1,2,3,4,5,6,7,8,9,10,11,12,13,14",0,6554,1638
train,205,8192,15,"0,1,2,3,4,5,6,7,8,9,10,11,12,13,14",0,6554,1638
train,206,8192,15,"0,1,2,3,4,5,6,7,8,9,10,11,12,13,14",0,6554,1638
train,207,8192,15,"0,1,2,3,4,5,6,7,8,9,10,11,12,13,14",0,6554,1638
train,208,8192,13,"0,1,2,3,4,5,6,8,9,10,11,12,13",0,6554,1638
train,209,8192,12,"0,1,2,4,5,6,8,9,10,11,12,13",0,6554,1638
train,210,8192,1,0,1,8192,0
train,211,8192,13,"0,1,2,3,4,5,6,8,9,10,11,12,13",0,6554,1638
train,212,8192,15,"0,1,2,3,4,5,6,7,8,9,10,11,12,13,14",0,6554,1638
train,213,8192,15,"0,1,2,3,4,5,6,7,8,9,10,11,12,13,14",0,6554,1638
train,214,8192,15,"0,1,2,3,4,5,6,7,8,9,10,11,12,13,14",0,6554,1638
train,215,8192,15,"0,1,2,3,4,5,6,7,8,9,10,11,12,13,14",0,6554,1638
train,216,8192,13,"0,1,2,3,4,5,6,8,9,10,11,12,13",0,6554,1638
train,217,8192,10,"0,1,2,3,4,6,8,9,11,13",0,6554,1638
train,218,8192,15,"0,1,2,3,4,5,6,7,8,9,10,11,12,13,14",0,6554,1638
train,219,8192,13,"0,1,2,3,4,5,6,8,9,10,11,12,13",0,6554,1638
train,220,8192,14,"0,1,2,3,4,5,6,7,8,9,10,11,12,14",0,6554,1638
train,221,8192,13,"0,1,2,3,4,6,7,8,9,10,11,13,14",0,6554,1638
train,222,8192,15,"0,1,2,3,4,5,6,7,8,9,10,11,12,13,14",0,6554,1638
train,223,8192,15,"0,1,2,3,4,5,6,7,8,9,10,11,12,13,14",0,6554,1638
train,224,8192,15,"0,1,2,3,4,5,6,7,8,9,10,11,12,13,14",0,6554,1638
train,225,8192,15,"0,1,2,3,4,5,6,7,8,9,10,11,12,13,14",0,6554,1638
train,226,8192,14,"0,1,2,3,4,5,6,8,9,10,11,12,13,14",0,6554,1638
train,227,8192,15,"0,1,2,3,4,5,6,7,8,9,10,11,12,13,14",0,6554,1638
train,228,8192,15,"0,1,2,3,4,5,6,7,8,9,10,11,12,13,14",0,6554,1638
train,229,8192,15,"0,1,2,3,4,5,6,7,8,9,10,11,12,13,14",0,6554,1638
train,230,8192,13,"0,1,2,3,4,5,6,8,9,10,11,12,13",0,6554,1638
train,231,8192,15,"0,1,2,3,4,5,6,7,8,9,10,11,12,13,14",0,6554,1638
train,232,8192,15,"0,1,2,3,4,5,6,7,8,9,10,11,12,13,14",0,6554,1638
train,233,8192,12,"0,1,2,3,5,6,7,8,9,11,13,14",0,6554,1638
train,234,8192,13,"0,1,2,3,4,5,6,8,9,10,11,12,13",0,6554,1638
train,235,8192,11,"0,1,2,3,4,5,8,9,10,11,12",0,6554,1638
train,236,8192,15,"0,1,2,3,4,5,6,7,8,9,10,11,12,13,14",0,6554,1638
train,237,8192,13,"0,1,2,3,4,5,6,8,9,10,11,12,13",0,6554,1638
train,238,8192,13,"0,1,2,3,4,5,6,8,9,10,11,12,13",0,6554,1638
train,239,8192,15,"0,1,2,3,4,5,6,7,8,9,10,11,12,13,14",0,6554,1638
train,240,8192,15,"0,1,2,3,4,5,6,7,8,9,10,11,12,13,14",0,6554,1638
train,241,8192,15,"0,1,2,3,4,5,6,7,8,9,10,11,12,13,14",0,6554,1638
train,242,8192,15,"0,1,2,3,4,5,6,7,8,9,10,11,12,13,14",0,6554,1638
train,243,8192,15,"0,1,2,3,4,5,6,7,8,9,10,11,12,13,14",0,6554,1638
train,244,8192,15,"0,1,2,3,4,5,6,7,8,9,10,11,12,13,14",0,6554,1638
train,245,8192,14,"0,1,2,3,4,5,6,7,8,9,11,12,13,14",0,6554,1638
train,246,8192,15,"0,1,2,3,4,5,6,7,8,9,10,11,12,13,14",0,6554,1638
train,247,8192,13,"0,1,2,3,4,5,6,8,9,10,11,12,13",0,6554,1638
train,248,8192,1,0,1,8192,0
train,249,8192,15,"0,1,2,3,4,5,6,7,8,9,10,11,12,13,14",0,6554,1638
train,250,8192,15,"0,1,2,3,4,5,6,7,8,9,10,11,12,13,14",0,6554,1638
train,251,8192,15,"0,1,2,3,4,5,6,7,8,9,10,11,12,13,14",0,6554,1638
train,252,8192,15,"0,1,2,3,4,5,6,7,8,9,10,11,12,13,14",0,6554,1638
train,253,8192,13,"0,1,2,3,4,5,6,8,9,10,11,12,13",0,6554,1638
train,254,8192,15,"0,1,2,3,4,5,6,7,8,9,10,11,12,13,14",0,6554,1638
train,255,8192,14,"0,1,2,3,4,5,6,8,9,10,11,12,13,14",0,6554,1638
train,256,8192,15,"0,1,2,3,4,5,6,7,8,9,10,11,12,13,14",0,6554,1638
train,257,8192,15,"0,1,2,3,4,5,6,7,8,9,10,11,12,13,14",0,6554,1638
train,258,8192,13,"0,1,2,3,4,5,6,8,9,10,11,12,13",0,6554,1638
train,259,8192,12,"0,1,2,3,4,5,6,8,9,11,12,13",0,6554,1638
train,260,8192,13,"0,1,2,3,4,6,7,8,9,10,11,13,14",0,6554,1638
train,261,8192,1,0,1,8192,0
train,262,8192,15,"0,1,2,3,4,5,6,7,8,9,10,11,12,13,14",0,6554,1638
train,263,8192,13,"0,1,2,3,4,5,6,7,8,9,10,11,12",0,6554,1638
train,264,8192,14,"0,1,2,3,4,5,6,7,8,9,10,11,12,14",0,6554,1638
train,265,8192,15,"0,1,2,3,4,5,6,7,8,9,10,11,12,13,14",0,6554,1638
train,266,8192,1,0,1,8192,0
train,267,8192,14,"0,1,2,4,5,6,7,8,9,10,11,12,13,14",0,6554,1638
train,268,8192,13,"0,1,2,3,4,5,6,8,9,10,11,12,13",0,6554,1638
train,269,8192,13,"0,1,2,3,4,5,6,8,9,10,11,12,13",0,6554,1638
train,270,8192,15,"0,1,2,3,4,5,6,7,8,9,10,11,12,13,14",0,6554,1638
train,271,8192,13,"0,1,2,3,4,5,6,8,9,10,11,12,13",0,6554,1638
train,272,8192,15,"0,1,2,3,4,5,6,7,8,9,10,11,12,13,14",0,6554,1638
train,273,8192,1,0,1,8192,0
train,274,8192,15,"0,1,2,3,4,5,6,7,8,9,10,11,12,13,14",0,6554,1638
train,275,8192,13,"0,1,2,3,4,5,6,8,9,10,11,12,13",0,6554,1638
train,276,8192,15,"0,1,2,3,4,5,6,7,8,9,10,11,12,13,14",0,6554,1638
train,277,8192,13,"0,1,2,3,4,5,6,8,9,10,11,12,13",0,6554,1638
train,278,8192,15,"0,1,2,3,4,5,6,7,8,9,10,11,12,13,14",0,6554,1638
train,279,8192,11,"0,1,2,4,5,6,8,9,11,12,13",0,6554,1638
train,280,8192,15,"0,1,2,3,4,5,6,7,8,9,10,11,12,13,14",0,6554,1638
train,281,8192,15,"0,1,2,3,4,5,6,7,8,9,10,11,12,13,14",0,6554,1638
train,282,8192,15,"0,1,2,3,4,5,6,7,8,9,10,11,12,13,14",0,6554,1638
train,283,8192,13,"0,1,2,3,4,5,6,8,9,10,11,12,13",0,6554,1638
train,284,8192,13,"0,1,2,3,4,5,6,8,9,10,11,12,13",0,6554,1638
train,285,8192,15,"0,1,2,3,4,5,6,7,8,9,10,11,12,13,14",0,6554,1638
train,286,8192,14,"0,1,2,3,4,5,6,7,8,9,10,11,12,14",0,6554,1638
train,287,8192,11,"0,1,2,4,5,6,8,9,11,12,13",0,6554,1638
train,288,8192,13,"0,1,2,3,4,5,6,8,9,10,11,12,13",0,6554,1638
train,289,8192,14,"0,1,2,3,4,5,6,7,8,9,10,11,12,13",0,6554,1638
train,290,8192,13,"0,1,2,3,5,6,7,8,9,10,12,13,14",0,6554,1638
train,291,8192,13,"0,1,2,3,4,5,6,8,9,10,11,12,13",0,6554,1638
train,292,8192,15,"0,1,2,3,4,5,6,7,8,9,10,11,12,13,14",0,6554,1638
train,293,8192,13,"0,1,2,3,4,5,6,8,9,10,11,12,13",0,6554,1638
train,294,8192,12,"0,1,2,3,4,5,8,9,10,11,12,13",0,6554,1638
train,295,8192,13,"0,1,2,3,4,5,6,8,9,10,11,12,13",0,6554,1638
train,296,8192,14,"0,1,2,3,4,5,6,8,9,10,11,12,13,14",0,6554,1638
train,297,8192,15,"0,1,2,3,4,5,6,7,8,9,10,11,12,13,14",0,6554,1638
train,298,8192,14,"0,1,2,3,4,5,6,8,9,10,11,12,13,14",0,6554,1638
train,299,8192,13,"0,1,2,3,4,5,6,7,8,9,10,11,12",0,6554,1638
train,300,8192,15,"0,1,2,3,4,5,6,7,8,9,10,11,12,13,14",0,6554,1638
train,301,8192,12,"0,1,2,3,4,5,6,8,9,11,12,13",0,6554,1638
train,302,8192,15,"0,1,2,3,4,5,6,7,8,9,10,11,12,13,14",0,6554,1638
train,303,8192,12,"0,1,2,4,5,6,8,9,10,11,12,13",0,6554,1638
train,304,8192,13,"0,1,2,4,5,6,7,8,9,11,12,13,14",0,6554,1638
train,305,8192,15,"0,1,2,3,4,5,6,7,8,9,10,11,12,13,14",0,6554,1638
train,306,8192,15,"0,1,2,3,4,5,6,7,8,9,10,11,12,13,14",0,6554,1638
train,307,8192,15,"0,1,2,3,4,5,6,7,8,9,10,11,12,13,14",0,6554,1638
train,308,8192,15,"0,1,2,3,4,5,6,7,8,9,10,11,12,13,14",0,6554,1638
train,309,8192,15,"0,1,2,3,4,5,6,7,8,9,10,11,12,13,14",0,6554,1638
train,310,8192,15,"0,1,2,3,4,5,6,7,8,9,10,11,12,13,14",0,6554,1638
train,311,8192,15,"0,1,2,3,4,5,6,7,8,9,10,11,12,13,14",0,6554,1638
train,312,8192,13,"0,1,2,3,4,5,6,8,9,10,11,12,13",0,6554,1638
train,313,8192,15,"0,1,2,3,4,5,6,7,8,9,10,11,12,13,14",0,6554,1638
train,314,8192,15,"0,1,2,3,4,5,6,7,8,9,10,11,12,13,14",0,6554,1638
train,315,8192,15,"0,1,2,3,4,5,6,7,8,9,10,11,12,13,14",0,6554,1638
train,316,8192,14,"0,1,2,3,4,5,6,7,8,9,10,11,12,13",0,6554,1638
train,317,8192,13,"0,1,2,3,4,5,6,8,9,10,11,12,13",0,6554,1638
train,318,8192,15,"0,1,2,3,4,5,6,7,8,9,10,11,12,13,14",0,6554,1638
train,319,8192,1,0,1,8192,0
train,320,8192,15,"0,1,2,3,4,5,6,7,8,9,10,11,12,13,14",0,6554,1638
train,321,8192,15,"0,1,2,3,4,5,6,7,8,9,10,11,12,13,14",0,6554,1638
train,322,8192,1,0,1,8192,0
train,323,8192,15,"0,1,2,3,4,5,6,7,8,9,10,11,12,13,14",0,6554,1638
train,324,8192,14,"0,1,2,3,4,5,6,7,8,9,10,11,12,14",0,6554,1638
train,325,8192,12,"0,1,2,3,4,5,6,8,9,11,12,13",0,6554,1638
train,326,8192,1,0,1,8192,0
train,327,8192,15,"0,1,2,3,4,5,6,7,8,9,10,11,12,13,14",0,6554,1638
train,328,8192,13,"0,1,2,3,4,5,6,8,9,10,11,12,13",0,6554,1638
train,329,8192,15,"0,1,2,3,4,5,6,7,8,9,10,11,12,13,14",0,6554,1638
train,330,8192,15,"0,1,2,3,4,5,6,7,8,9,10,11,12,13,14",0,6554,1638
train,331,8192,11,"0,1,2,4,5,6,8,9,11,12,13",0,6554,1638
train,332,8192,15,"0,1,2,3,4,5,6,7,8,9,10,11,12,13,14",0,6554,1638
train,333,8192,13,"0,1,2,3,4,5,6,8,9,10,11,12,13",0,6554,1638
train,334,8192,15,"0,1,2,3,4,5,6,7,8,9,10,11,12,13,14",0,6554,1638
train,335,8192,15,"0,1,2,3,4,5,6,7,8,9,10,11,12,13,14",0,6554,1638
train,336,8192,15,"0,1,2,3,4,5,6,7,8,9,10,11,12,13,14",0,6554,1638
train,337,8192,15,"0,1,2,3,4,5,6,7,8,9,10,11,12,13,14",0,6554,1638
train,338,8192,15,"0,1,2,3,4,5,6,7,8,9,10,11,12,13,14",0,6554,1638
train,339,8192,15,"0,1,2,3,4,5,6,7,8,9,10,11,12,13,14",0,6554,1638
train,340,8192,13,"0,1,2,3,4,5,6,8,9,10,11,12,13",0,6554,1638
train,341,8192,13,"0,1,2,3,4,5,6,8,9,10,11,12,13",0,6554,1638
train,342,8192,15,"0,1,2,3,4,5,6,7,8,9,10,11,12,13,14",0,6554,1638
train,343,8192,13,"0,1,2,3,4,5,6,8,9,10,11,12,13",0,6554,1638
train,344,8192,15,"0,1,2,3,4,5,6,7,8,9,10,11,12,13,14",0,6554,1638
train,345,8192,15,"0,1,2,3,4,5,6,7,8,9,10,11,12,13,14",0,6554,1638
train,346,8192,1,0,1,8192,0
train,347,8192,13,"0,1,2,3,4,5,6,8,9,10,11,12,13",0,6554,1638
train,348,8192,15,"0,1,2,3,4,5,6,7,8,9,10,11,12,13,14",0,6554,1638
train,349,8192,13,"0,1,2,3,4,6,7,8,9,10,11,13,14",0,6554,1638
train,350,8192,15,"0,1,2,3,4,5,6,7,8,9,10,11,12,13,14",0,6554,1638
train,351,8192,13,"0,1,2,3,4,5,6,8,9,10,11,12,13",0,6554,1638
train,352,8192,15,"0,1,2,3,4,5,6,7,8,9,10,11,12,13,14",0,6554,1638
train,353,8192,13,"0,1,2,3,4,5,6,8,9,10,11,12,13",0,6554,1638
train,354,8192,15,"0,1,2,3,4,5,6,7,8,9,10,11,12,13,14",0,6554,1638
train,355,8192,15,"0,1,2,3,4,5,6,7,8,9,10,11,12,13,14",0,6554,1638
train,356,8192,15,"0,1,2,3,4,5,6,7,8,9,10,11,12,13,14",0,6554,1638
train,357,8192,15,"0,1,2,3,4,5,6,7,8,9,10,11,12,13,14",0,6554,1638
train,358,8192,1,0,1,8192,0
train,359,8192,15,"0,1,2,3,4,5,6,7,8,9,10,11,12,13,14",0,6554,1638
train,360,8192,13,"0,1,2,3,4,5,6,8,9,10,11,12,13",0,6554,1638
train,361,8192,1,0,1,8192,0
train,362,8192,14,"0,1,2,3,4,5,6,7,8,9,11,12,13,14",0,6554,1638
train,363,8192,1,0,1,8192,0
train,364,8192,15,"0,1,2,3,4,5,6,7,8,9,10,11,12,13,14",0,6554,1638
train,365,8192,15,"0,1,2,3,4,5,6,7,8,9,10,11,12,13,14",0,6554,1638
train,366,8192,15,"0,1,2,3,4,5,6,7,8,9,10,11,12,13,14",0,6554,1638
train,367,8192,15,"0,1,2,3,4,5,6,7,8,9,10,11,12,13,14",0,6554,1638
train,368,8192,13,"0,1,2,3,4,5,6,8,9,10,11,12,13",0,6554,1638
train,369,8192,15,"0,1,2,3,4,5,6,7,8,9,10,11,12,13,14",0,6554,1638
train,370,8192,12,"0,1,2,3,4,5,6,8,9,11,12,13",0,6554,1638
train,371,8192,13,"0,1,2,3,4,5,6,8,9,10,11,12,13",0,6554,1638
train,372,8192,14,"0,1,2,3,4,5,6,8,9,10,11,12,13,14",0,6554,1638
train,373,8192,15,"0,1,2,3,4,5,6,7,8,9,10,11,12,13,14",0,6554,1638
train,374,8192,15,"0,1,2,3,4,5,6,7,8,9,10,11,12,13,14",0,6554,1638
train,375,8192,15,"0,1,2,3,4,5,6,7,8,9,10,11,12,13,14",0,6554,1638
train,376,8192,13,"0,1,2,3,4,5,6,8,9,10,11,12,13",0,6554,1638
train,377,8192,15,"0,1,2,3,4,5,6,7,8,9,10,11,12,13,14",0,6554,1638
train,378,8192,14,"0,1,2,3,4,5,6,7,8,9,10,11,12,13",0,6554,1638
train,379,8192,15,"0,1,2,3,4,5,6,7,8,9,10,11,12,13,14",0,6554,1638
train,380,8192,13,"0,1,2,3,4,5,6,8,9,10,11,12,13",0,6554,1638
train,381,8192,13,"0,1,2,3,4,5,6,8,9,10,11,12,13",0,6554,1638
train,382,8192,15,"0,1,2,3,4,5,6,7,8,9,10,11,12,13,14",0,6554,1638
train,383,8192,15,"0,1,2,3,4,5,6,7,8,9,10,11,12,13,14",0,6554,1638
train,384,8192,15,"0,1,2,3,4,5,6,7,8,9,10,11,12,13,14",0,6554,1638
train,385,8192,13,"0,1,2,3,4,5,6,8,9,10,11,12,13",0,6554,1638
train,386,8192,14,"0,1,2,3,4,5,6,8,9,10,11,12,13,14",0,6554,1638
train,387,8192,15,"0,1,2,3,4,5,6,7,8,9,10,11,12,13,14",0,6554,1638
train,388,8192,15,"0,1,2,3,4,5,6,7,8,9,10,11,12,13,14",0,6554,1638
train,389,8192,15,"0,1,2,3,4,5,6,7,8,9,10,11,12,13,14",0,6554,1638
train,390,8192,15,"0,1,2,3,4,5,6,7,8,9,10,11,12,13,14",0,6554,1638
train,391,8192,15,"0,1,2,3,4,5,6,7,8,9,10,11,12,13,14",0,6554,1638
train,392,8192,15,"0,1,2,3,4,5,6,7,8,9,10,11,12,13,14",0,6554,1638
train,393,8192,12,"0,1,2,3,4,5,6,8,9,11,12,13",0,6554,1638
train,394,8192,15,"0,1,2,3,4,5,6,7,8,9,10,11,12,13,14",0,6554,1638
train,395,8192,1,0,1,8192,0
train,396,8192,15,"0,1,2,3,4,5,6,7,8,9,10,11,12,13,14",0,6554,1638
train,397,8192,11,"0,1,2,4,5,6,8,9,11,12,13",0,6554,1638
train,398,8192,1,0,1,8192,0
train,399,8192,14,"0,1,2,3,4,5,6,8,9,10,11,12,13,14",0,6554,1638
train,400,8192,12,"0,1,3,4,5,6,8,9,10,11,12,13",0,6554,1638
train,401,8192,15,"0,1,2,3,4,5,6,7,8,9,10,11,12,13,14",0,6554,1638
train,402,8192,15,"0,1,2,3,4,5,6,7,8,9,10,11,12,13,14",0,6554,1638
train,403,8192,15,"0,1,2,3,4,5,6,7,8,9,10,11,12,13,14",0,6554,1638
train,404,8192,15,"0,1,2,3,4,5,6,7,8,9,10,11,12,13,14",0,6554,1638
train,405,8192,13,"0,1,2,3,4,5,6,8,9,10,11,12,13",0,6554,1638
train,406,8192,15,"0,1,2,3,4,5,6,7,8,9,10,11,12,13,14",0,6554,1638
train,407,8192,15,"0,1,2,3,4,5,6,7,8,9,10,11,12,13,14",0,6554,1638
train,408,8192,15,"0,1,2,3,4,5,6,7,8,9,10,11,12,13,14",0,6554,1638
train,409,8192,13,"0,1,2,3,4,5,6,8,9,10,11,12,13",0,6554,1638
train,410,8192,13,"0,1,2,3,4,5,6,8,9,10,11,12,13",0,6554,1638
train,411,8192,15,"0,1,2,3,4,5,6,7,8,9,10,11,12,13,14",0,6554,1638
train,412,8192,15,"0,1,2,3,4,5,6,7,8,9,10,11,12,13,14",0,6554,1638
train,413,8192,15,"0,1,2,3,4,5,6,7,8,9,10,11,12,13,14",0,6554,1638
train,414,8192,14,"0,1,2,3,4,5,6,8,9,10,11,12,13,14",0,6554,1638
train,415,8192,15,"0,1,2,3,4,5,6,7,8,9,10,11,12,13,14",0,6554,1638
train,416,8192,15,"0,1,2,3,4,5,6,7,8,9,10,11,12,13,14",0,6554,1638
train,417,8192,15,"0,1,2,3,4,5,6,7,8,9,10,11,12,13,14",0,6554,1638
train,418,8192,11,"0,1,2,4,5,6,8,9,11,12,13",0,6554,1638
train,419,8192,15,"0,1,2,3,4,5,6,7,8,9,10,11,12,13,14",0,6554,1638
train,420,8192,14,"0,1,2,3,4,5,6,7,8,9,10,11,13,14",0,6554,1638
train,421,8192,15,"0,1,2,3,4,5,6,7,8,9,10,11,12,13,14",0,6554,1638
train,422,8192,14,"0,1,2,3,4,5,6,8,9,10,11,12,13,14",0,6554,1638
train,423,8192,14,"0,1,2,3,4,5,6,7,8,9,10,11,12,13",0,6554,1638
train,424,8192,10,"0,1,2,4,6,8,9,11,12,13",0,6554,1638
train,425,8192,13,"0,1,2,3,4,5,6,8,9,10,11,12,13",0,6554,1638
train,426,8192,13,"0,1,2,3,4,5,6,8,9,10,11,12,13",0,6554,1638
train,427,8192,1,0,1,8192,0
train,428,8192,14,"0,1,2,3,4,5,6,7,8,9,10,12,13,14",0,6554,1638
train,429,8192,15,"0,1,2,3,4,5,6,7,8,9,10,11,12,13,14",0,6554,1638
train,430,8192,15,"0,1,2,3,4,5,6,7,8,9,10,11,12,13,14",0,6554,1638
train,431,8192,13,"0,1,2,3,4,5,6,8,9,10,11,12,13",0,6554,1638
train,432,8192,14,"0,1,2,3,4,5,6,7,8,9,10,11,12,13",0,6554,1638
train,433,8192,15,"0,1,2,3,4,5,6,7,8,9,10,11,12,13,14",0,6554,1638
train,434,8192,15,"0,1,2,3,4,5,6,7,8,9,10,11,12,13,14",0,6554,1638
train,435,8192,15,"0,1,2,3,4,5,6,7,8,9,10,11,12,13,14",0,6554,1638
train,436,8192,15,"0,1,2,3,4,5,6,7,8,9,10,11,12,13,14",0,6554,1638
train,437,8192,15,"0,1,2,3,4,5,6,7,8,9,10,11,12,13,14",0,6554,1638
train,438,8192,15,"0,1,2,3,4,5,6,7,8,9,10,11,12,13,14",0,6554,1638
train,439,8192,13,"0,1,2,3,4,5,6,8,9,10,11,12,13",0,6554,1638
train,440,8192,15,"0,1,2,3,4,5,6,7,8,9,10,11,12,13,14",0,6554,1638
train,441,8192,15,"0,1,2,3,4,5,6,7,8,9,10,11,12,13,14",0,6554,1638
train,442,8192,15,"0,1,2,3,4,5,6,7,8,9,10,11,12,13,14",0,6554,1638
train,443,8192,15,"0,1,2,3,4,5,6,7,8,9,10,11,12,13,14",0,6554,1638
train,444,8192,14,"0,1,2,3,4,5,6,8,9,10,11,12,13,14",0,6554,1638
train,445,8192,1,0,1,8192,0
train,446,8192,14,"0,1,2,3,4,5,6,8,9,10,11,12,13,14",0,6554,1638
train,447,8192,15,"0,1,2,3,4,5,6,7,8,9,10,11,12,13,14",0,6554,1638
train,448,8192,15,"0,1,2,3,4,5,6,7,8,9,10,11,12,13,14",0,6554,1638
train,449,8192,13,"0,1,2,3,4,5,7,8,9,10,11,12,13",0,6554,1638
train,450,8192,15,"0,1,2,3,4,5,6,7,8,9,10,11,12,13,14",0,6554,1638
train,451,8192,13,"0,1,2,3,4,5,6,8,9,10,11,13,14",0,6554,1638
train,452,8192,15,"0,1,2,3,4,5,6,7,8,9,10,11,12,13,14",0,6554,1638
train,453,8192,15,"0,1,2,3,4,5,6,7,8,9,10,11,12,13,14",0,6554,1638
train,454,8192,15,"0,1,2,3,4,5,6,7,8,9,10,11,12,13,14",0,6554,1638
train,455,8192,12,"0,1,2,3,5,6,8,9,10,11,12,13",0,6554,1638
train,456,8192,15,"0,1,2,3,4,5,6,7,8,9,10,11,12,13,14",0,6554,1638
train,457,8192,12,"0,1,2,4,5,6,8,9,10,11,12,13",0,6554,1638
train,458,8192,14,"0,1,2,3,4,5,6,8,9,10,11,12,13,14",0,6554,1638
train,459,8192,15,"0,1,2,3,4,5,6,7,8,9,10,11,12,13,14",0,6554,1638
train,460,8192,15,"0,1,2,3,4,5,6,7,8,9,10,11,12,13,14",0,6554,1638
train,461,8192,14,"0,1,2,3,4,5,6,7,8,9,10,11,12,13",0,6554,1638
train,462,8192,15,"0,1,2,3,4,5,6,7,8,9,10,11,12,13,14",0,6554,1638
train,463,8192,13,"0,1,2,3,4,5,6,8,9,10,11,12,13",0,6554,1638
train,464,8192,12,"0,1,2,4,5,6,8,9,10,11,12,13",0,6554,1638
train,465,8192,13,"0,1,2,4,5,6,8,9,10,11,12,13,14",0,6554,1638
train,466,8192,13,"0,1,2,4,5,6,7,8,9,10,11,12,13",0,6554,1638
train,467,8192,15,"0,1,2,3,4,5,6,7,8,9,10,11,12,13,14",0,6554,1638
train,468,8192,15,"0,1,2,3,4,5,6,7,8,9,10,11,12,13,14",0,6554,1638
train,469,8192,15,"0,1,2,3,4,5,6,7,8,9,10,11,12,13,14",0,6554,1638
train,470,8192,15,"0,1,2,3,4,5,6,7,8,9,10,11,12,13,14",0,6554,1638
train,471,8192,15,"0,1,2,3,4,5,6,7,8,9,10,11,12,13,14",0,6554,1638
train,472,8192,15,"0,1,2,3,4,5,6,7,8,9,10,11,12,13,14",0,6554,1638
train,473,8192,12,"0,1,2,3,4,6,8,9,10,11,12,13",0,6554,1638
train,474,8192,13,"0,1,2,3,4,5,6,8,9,10,11,12,13",0,6554,1638
train,475,8192,15,"0,1,2,3,4,5,6,7,8,9,10,11,12,13,14",0,6554,1638
train,476,8192,15,"0,1,2,3,4,5,6,7,8,9,10,11,12,13,14",0,6554,1638
train,477,8192,13,"0,1,2,3,4,5,6,7,8,9,10,11,12",0,6554,1638
train,478,8192,15,"0,1,2,3,4,5,6,7,8,9,10,11,12,13,14",0,6554,1638
train,479,8192,15,"0,1,2,3,4,5,6,7,8,9,10,11,12,13,14",0,6554,1638
train,480,8192,15,"0,1,2,3,4,5,6,7,8,9,10,11,12,13,14",0,6554,1638
train,481,8192,15,"0,1,2,3,4,5,6,7,8,9,10,11,12,13,14",0,6554,1638
train,482,8192,15,"0,1,2,3,4,5,6,7,8,9,10,11,12,13,14",0,6554,1638
train,483,8192,15,"0,1,2,3,4,5,6,7,8,9,10,11,12,13,14",0,6554,1638
train,484,8192,15,"0,1,2,3,4,5,6,7,8,9,10,11,12,13,14",0,6554,1638
train,485,8192,15,"0,1,2,3,4,5,6,7,8,9,10,11,12,13,14",0,6554,1638
train,486,8192,15,"0,1,2,3,4,5,6,7,8,9,10,11,12,13,14",0,6554,1638
train,487,8192,15,"0,1,2,3,4,5,6,7,8,9,10,11,12,13,14",0,6554,1638
train,488,8192,13,"0,1,2,3,4,5,6,8,9,10,11,12,13",0,6554,1638
train,489,8192,14,"0,1,2,3,4,5,6,8,9,10,11,12,13,14",0,6554,1638
train,490,8192,13,"0,1,2,3,4,5,6,8,9,10,11,12,13",0,6554,1638
train,491,8192,1,0,1,8192,0
train,492,8192,15,"0,1,2,3,4,5,6,7,8,9,10,11,12,13,14",0,6554,1638
train,493,8192,15,"0,1,2,3,4,5,6,7,8,9,10,11,12,13,14",0,6554,1638
train,494,8192,14,"0,1,2,3,4,5,6,7,8,9,10,11,12,13",0,6554,1638
train,495,8192,10,"0,1,3,5,6,7,8,11,13,14",0,6554,1638
train,496,8192,15,"0,1,2,3,4,5,6,7,8,9,10,11,12,13,14",0,6554,1638
train,497,8192,15,"0,1,2,3,4,5,6,7,8,9,10,11,12,13,14",0,6554,1638
train,498,8192,1,0,1,8192,0
train,499,8192,15,"0,1,2,3,4,5,6,7,8,9,10,11,12,13,14",0,6554,1638
train,500,8192,11,"0,1,2,4,5,6,8,9,10,11,13",0,6554,1638
train,501,8192,11,"0,1,2,3,4,6,8,9,11,12,13",0,6554,1638
train,502,8192,12,"0,1,2,4,5,6,8,9,10,11,12,13",0,6554,1638
train,503,8192,14,"0,1,2,3,4,5,6,7,8,9,11,12,13,14",0,6554,1638
train,504,8192,15,"0,1,2,3,4,5,6,7,8,9,10,11,12,13,14",0,6554,1638
train,505,8192,15,"0,1,2,3,4,5,6,7,8,9,10,11,12,13,14",0,6554,1638
train,506,8192,15,"0,1,2,3,4,5,6,7,8,9,10,11,12,13,14",0,6554,1638
train,507,8192,13,"0,1,2,3,4,5,6,8,9,10,11,12,13",0,6554,1638
train,508,8192,15,"0,1,2,3,4,5,6,7,8,9,10,11,12,13,14",0,6554,1638
train,509,8192,15,"0,1,2,3,4,5,6,7,8,9,10,11,12,13,14",0,6554,1638
train,510,8192,15,"0,1,2,3,4,5,6,7,8,9,10,11,12,13,14",0,6554,1638
train,511,8192,14,"0,1,2,3,4,5,6,7,8,9,11,12,13,14",0,6554,1638
train,512,8192,13,"0,1,2,3,4,5,6,8,9,10,11,12,13",0,6554,1638
train,513,8192,15,"0,1,2,3,4,5,6,7,8,9,10,11,12,13,14",0,6554,1638
train,514,8192,15,"0,1,2,3,4,5,6,7,8,9,10,11,12,13,14",0,6554,1638
train,515,8192,15,"0,1,2,3,4,5,6,7,8,9,10,11,12,13,14",0,6554,1638
train,516,8192,15,"0,1,2,3,4,5,6,7,8,9,10,11,12,13,14",0,6554,1638
train,517,8192,15,"0,1,2,3,4,5,6,7,8,9,10,11,12,13,14",0,6554,1638
train,518,8192,14,"0,1,2,3,4,5,6,7,8,9,10,11,12,13",0,6554,1638
train,519,8192,13,"0,1,2,3,5,6,7,8,9,10,11,13,14",0,6554,1638
train,520,8192,15,"0,1,2,3,4,5,6,7,8,9,10,11,12,13,14",0,6554,1638
train,521,8192,13,"0,1,2,3,4,5,6,8,9,10,11,12,13",0,6554,1638
train,522,8192,15,"0,1,2,3,4,5,6,7,8,9,10,11,12,13,14",0,6554,1638
train,523,8192,15,"0,1,2,3,4,5,6,7,8,9,10,11,12,13,14",0,6554,1638
train,524,8192,13,"0,1,2,3,4,5,6,8,9,10,11,12,13",0,6554,1638
train,525,8192,15,"0,1,2,3,4,5,6,7,8,9,10,11,12,13,14",0,6554,1638
train,526,8192,11,"0,1,2,4,5,6,8,9,11,12,13",0,6554,1638
train,527,8192,15,"0,1,2,3,4,5,6,7,8,9,10,11,12,13,14",0,6554,1638
train,528,8192,11,"0,1,2,4,5,6,8,9,11,12,13",0,6554,1638
train,529,8192,14,"0,1,3,4,5,6,7,8,9,10,11,12,13,14",0,6554,1638
train,530,8192,15,"0,1,2,3,4,5,6,7,8,9,10,11,12,13,14",0,6554,1638
train,531,8192,15,"0,1,2,3,4,5,6,7,8,9,10,11,12,13,14",0,6554,1638
train,532,8192,14,"0,1,2,3,4,5,6,7,8,9,10,11,12,13",0,6554,1638
train,533,8192,15,"0,1,2,3,4,5,6,7,8,9,10,11,12,13,14",0,6554,1638
train,534,8192,15,"0,1,2,3,4,5,6,7,8,9,10,11,12,13,14",0,6554,1638
train,535,8192,14,"0,1,2,3,4,5,6,7,8,9,10,11,12,13",0,6554,1638
train,536,8192,15,"0,1,2,3,4,5,6,7,8,9,10,11,12,13,14",0,6554,1638
train,537,8192,15,"0,1,2,3,4,5,6,7,8,9,10,11,12,13,14",0,6554,1638
train,538,8192,15,"0,1,2,3,4,5,6,7,8,9,10,11,12,13,14",0,6554,1638
train,539,8192,13,"0,1,2,3,4,5,6,8,9,10,11,12,13",0,6554,1638
train,540,8192,15,"0,1,2,3,4,5,6,7,8,9,10,11,12,13,14",0,6554,1638
train,541,8192,13,"0,1,2,3,4,5,6,8,9,10,11,12,13",0,6554,1638
train,542,8192,10,"0,1,2,3,5,6,8,9,12,13",0,6554,1638
train,543,8192,13,"0,1,2,3,4,5,6,8,9,10,11,12,13",0,6554,1638
train,544,8192,13,"0,1,2,3,4,5,6,8,9,10,11,12,13",0,6554,1638
train,545,8192,13,"0,1,2,3,4,5,6,8,9,10,11,12,13",0,6554,1638
train,546,8192,15,"0,1,2,3,4,5,6,7,8,9,10,11,12,13,14",0,6554,1638
train,547,8192,13,"0,1,2,3,4,5,6,8,9,10,11,12,13",0,6554,1638
train,548,8192,15,"0,1,2,3,4,5,6,7,8,9,10,11,12,13,14",0,6554,1638
train,549,8192,15,"0,1,2,3,4,5,6,7,8,9,10,11,12,13,14",0,6554,1638
train,550,8192,15,"0,1,2,3,4,5,6,7,8,9,10,11,12,13,14",0,6554,1638
train,551,8192,13,"0,1,2,3,4,5,6,8,9,10,11,12,13",0,6554,1638
train,552,8192,13,"0,1,2,3,4,5,6,8,9,10,11,12,13",0,6554,1638
train,553,8192,10,"0,1,3,4,6,8,9,11,12,13",0,6554,1638
train,554,8192,13,"0,1,2,3,4,5,6,8,9,10,11,12,13",0,6554,1638
train,555,8192,15,"0,1,2,3,4,5,6,7,8,9,10,11,12,13,14",0,6554,1638
train,556,8192,14,"0,1,2,3,4,5,6,8,9,10,11,12,13,14",0,6554,1638
train,557,8192,15,"0,1,2,3,4,5,6,7,8,9,10,11,12,13,14",0,6554,1638
train,558,8192,14,"0,1,2,4,5,6,7,8,9,10,11,12,13,14",0,6554,1638
train,559,8192,13,"0,1,2,3,4,5,6,8,9,10,11,12,13",0,6554,1638
train,560,8192,13,"0,1,2,3,4,5,6,8,9,10,11,12,13",0,6554,1638
train,561,8192,15,"0,1,2,3,4,5,6,7,8,9,10,11,12,13,14",0,6554,1638
train,562,8192,15,"0,1,2,3,4,5,6,7,8,9,10,11,12,13,14",0,6554,1638
train,563,8192,11,"0,1,4,6,7,8,9,10,11,13,14",0,6554,1638
train,564,8192,13,"0,1,2,3,4,5,6,8,9,10,11,12,13",0,6554,1638
train,565,8192,15,"0,1,2,3,4,5,6,7,8,9,10,11,12,13,14",0,6554,1638
train,566,8192,15,"0,1,2,3,4,5,6,7,8,9,10,11,12,13,14",0,6554,1638
train,567,8192,15,"0,1,2,3,4,5,6,7,8,9,10,11,12,13,14",0,6554,1638
train,568,8192,12,"0,1,2,4,5,6,8,9,10,11,12,13",0,6554,1638
train,569,8192,15,"0,1,2,3,4,5,6,7,8,9,10,11,12,13,14",0,6554,1638
train,570,8192,13,"0,1,2,3,4,5,6,8,9,10,11,12,13",0,6554,1638
train,571,8192,15,"0,1,2,3,4,5,6,7,8,9,10,11,12,13,14",0,6554,1638
train,572,8192,14,"0,1,2,3,4,5,6,7,8,9,10,11,12,13",0,6554,1638
train,573,8192,15,"0,1,2,3,4,5,6,7,8,9,10,11,12,13,14",0,6554,1638
train,574,8192,15,"0,1,2,3,4,5,6,7,8,9,10,11,12,13,14",0,6554,1638
train,575,8192,15,"0,1,2,3,4,5,6,7,8,9,10,11,12,13,14",0,6554,1638
train,576,8192,13,"0,1,2,3,4,5,6,8,9,10,11,12,13",0,6554,1638
train,577,8192,12,"0,1,2,3,5,6,8,9,10,11,12,13",0,6554,1638
train,578,8192,14,"0,1,2,4,5,6,7,8,9,10,11,12,13,14",0,6554,1638
train,579,8192,15,"0,1,2,3,4,5,6,7,8,9,10,11,12,13,14",0,6554,1638
train,580,8192,15,"0,1,2,3,4,5,6,7,8,9,10,11,12,13,14",0,6554,1638
train,581,8192,15,"0,1,2,3,4,5,6,7,8,9,10,11,12,13,14",0,6554,1638
train,582,8192,15,"0,1,2,3,4,5,6,7,8,9,10,11,12,13,14",0,6554,1638
train,583,8192,15,"0,1,2,3,4,5,6,7,8,9,10,11,12,13,14",0,6554,1638
train,584,8192,15,"0,1,2,3,4,5,6,7,8,9,10,11,12,13,14",0,6554,1638
train,585,8192,15,"0,1,2,3,4,5,6,7,8,9,10,11,12,13,14",0,6554,1638
train,586,8192,15,"0,1,2,3,4,5,6,7,8,9,10,11,12,13,14",0,6554,1638
train,587,8192,15,"0,1,2,3,4,5,6,7,8,9,10,11,12,13,14",0,6554,1638
train,588,8192,14,"0,1,2,3,4,5,6,8,9,10,11,12,13,14",0,6554,1638
train,589,8192,14,"0,1,2,3,4,5,6,8,9,10,11,12,13,14",0,6554,1638
train,590,8192,15,"0,1,2,3,4,5,6,7,8,9,10,11,12,13,14",0,6554,1638
train,591,8192,15,"0,1,2,3,4,5,6,7,8,9,10,11,12,13,14",0,6554,1638
train,592,8192,15,"0,1,2,3,4,5,6,7,8,9,10,11,12,13,14",0,6554,1638
train,593,8192,15,"0,1,2,3,4,5,6,7,8,9,10,11,12,13,14",0,6554,1638
train,594,8192,15,"0,1,2,3,4,5,6,7,8,9,10,11,12,13,14",0,6554,1638
train,595,8192,15,"0,1,2,3,4,5,6,7,8,9,10,11,12,13,14",0,6554,1638
train,596,8192,11,"0,1,2,4,5,6,8,9,11,12,13",0,6554,1638
train,597,8192,13,"0,1,2,3,4,5,6,8,9,10,11,12,13",0,6554,1638
train,598,8192,15,"0,1,2,3,4,5,6,7,8,9,10,11,12,13,14",0,6554,1638
train,599,8192,15,"0,1,2,3,4,5,6,7,8,9,10,11,12,13,14",0,6554,1638
train,600,8192,15,"0,1,2,3,4,5,6,7,8,9,10,11,12,13,14",0,6554,1638
train,601,8192,14,"0,1,2,3,4,5,6,8,9,10,11,12,13,14",0,6554,1638
train,602,8192,15,"0,1,2,3,4,5,6,7,8,9,10,11,12,13,14",0,6554,1638
train,603,8192,13,"0,1,2,3,4,5,6,8,9,10,11,12,13",0,6554,1638
train,604,8192,11,"0,1,2,4,5,6,8,9,10,11,13",0,6554,1638
train,605,8192,13,"0,1,2,4,5,6,7,8,9,11,12,13,14",0,6554,1638
train,606,8192,15,"0,1,2,3,4,5,6,7,8,9,10,11,12,13,14",0,6554,1638
train,607,8192,15,"0,1,2,3,4,5,6,7,8,9,10,11,12,13,14",0,6554,1638
train,608,8192,13,"0,1,2,3,4,5,6,8,9,10,11,12,13",0,6554,1638
train,609,8192,14,"0,1,2,3,4,5,6,7,8,9,10,11,12,14",0,6554,1638
train,610,8192,15,"0,1,2,3,4,5,6,7,8,9,10,11,12,13,14",0,6554,1638
train,611,8192,14,"0,1,2,3,4,5,6,7,8,9,10,11,12,13",0,6554,1638
train,612,8192,15,"0,1,2,3,4,5,6,7,8,9,10,11,12,13,14",0,6554,1638
train,613,8192,15,"0,1,2,3,4,5,6,7,8,9,10,11,12,13,14",0,6554,1638
train,614,8192,15,"0,1,2,3,4,5,6,7,8,9,10,11,12,13,14",0,6554,1638
train,615,8192,15,"0,1,2,3,4,5,6,7,8,9,10,11,12,13,14",0,6554,1638
train,616,8192,15,"0,1,2,3,4,5,6,7,8,9,10,11,12,13,14",0,6554,1638
train,617,8192,15,"0,1,2,3,4,5,6,7,8,9,10,11,12,13,14",0,6554,1638
train,618,8192,13,"0,1,2,3,4,5,6,8,9,10,11,12,13",0,6554,1638
train,619,8192,15,"0,1,2,3,4,5,6,7,8,9,10,11,12,13,14",0,6554,1638
train,620,8192,15,"0,1,2,3,4,5,6,7,8,9,10,11,12,13,14",0,6554,1638
train,621,8192,15,"0,1,2,3,4,5,6,7,8,9,10,11,12,13,14",0,6554,1638
train,622,8192,12,"0,1,2,4,5,6,8,9,10,11,12,13",0,6554,1638
train,623,8192,15,"0,1,2,3,4,5,6,7,8,9,10,11,12,13,14",0,6554,1638
train,624,8192,12,"0,1,2,4,5,6,8,9,10,11,12,13",0,6554,1638
train,625,8192,15,"0,1,2,3,4,5,6,7,8,9,10,11,12,13,14",0,6554,1638
train,626,8192,13,"0,1,2,3,4,5,6,8,9,10,11,12,13",0,6554,1638
train,627,8192,15,"0,1,2,3,4,5,6,7,8,9,10,11,12,13,14",0,6554,1638
train,628,8192,15,"0,1,2,3,4,5,6,7,8,9,10,11,12,13,14",0,6554,1638
train,629,8192,15,"0,1,2,3,4,5,6,7,8,9,10,11,12,13,14",0,6554,1638
train,630,8192,14,"0,1,2,3,4,5,6,8,9,10,11,12,13,14",0,6554,1638
train,631,8192,14,"0,1,2,3,4,5,6,7,8,9,10,11,12,13",0,6554,1638
train,632,8192,13,"0,1,2,3,4,5,6,8,9,10,11,12,13",0,6554,1638
train,633,8192,13,"0,1,2,3,4,5,6,8,9,10,11,12,13",0,6554,1638
train,634,8192,13,"0,1,2,3,4,5,6,8,9,10,11,12,13",0,6554,1638
train,635,8192,12,"0,1,2,3,4,5,6,8,9,10,11,13",0,6554,1638
train,636,8192,15,"0,1,2,3,4,5,6,7,8,9,10,11,12,13,14",0,6554,1638
train,637,8192,13,"0,1,2,3,5,6,7,8,9,10,11,12,13",0,6554,1638
train,638,8192,15,"0,1,2,3,4,5,6,7,8,9,10,11,12,13,14",0,6554,1638
train,639,8192,15,"0,1,2,3,4,5,6,7,8,9,10,11,12,13,14",0,6554,1638
train,640,8192,15,"0,1,2,3,4,5,6,7,8,9,10,11,12,13,14",0,6554,1638
train,641,8192,15,"0,1,2,3,4,5,6,7,8,9,10,11,12,13,14",0,6554,1638
train,642,8192,15,"0,1,2,3,4,5,6,7,8,9,10,11,12,13,14",0,6554,1638
train,643,8192,15,"0,1,2,3,4,5,6,7,8,9,10,11,12,13,14",0,6554,1638
train,644,8192,14,"0,1,2,3,4,5,6,7,8,9,10,11,12,13",0,6554,1638
train,645,8192,1,0,1,8192,0
train,646,8192,13,"0,1,2,3,4,5,6,8,9,10,11,12,13",0,6554,1638
train,647,8192,15,"0,1,2,3,4,5,6,7,8,9,10,11,12,13,14",0,6554,1638
train,648,8192,11,"0,1,2,4,5,6,8,9,11,12,13",0,6554,1638
train,649,8192,15,"0,1,2,3,4,5,6,7,8,9,10,11,12,13,14",0,6554,1638
train,650,8192,15,"0,1,2,3,4,5,6,7,8,9,10,11,12,13,14",0,6554,1638
train,651,8192,15,"0,1,2,3,4,5,6,7,8,9,10,11,12,13,14",0,6554,1638
train,652,8192,15,"0,1,2,3,4,5,6,7,8,9,10,11,12,13,14",0,6554,1638
train,653,8192,15,"0,1,2,3,4,5,6,7,8,9,10,11,12,13,14",0,6554,1638
train,654,8192,13,"0,1,2,3,4,5,6,8,9,10,11,12,13",0,6554,1638
train,655,8192,15,"0,1,2,3,4,5,6,7,8,9,10,11,12,13,14",0,6554,1638
train,656,8192,15,"0,1,2,3,4,5,6,7,8,9,10,11,12,13,14",0,6554,1638
train,657,8192,1,0,1,8192,0
train,658,8192,13,"0,1,2,3,4,5,6,8,9,10,11,12,13",0,6554,1638
train,659,8192,15,"0,1,2,3,4,5,6,7,8,9,10,11,12,13,14",0,6554,1638
train,660,8192,13,"0,1,2,3,4,5,6,8,9,10,11,12,13",0,6554,1638
train,661,8192,15,"0,1,2,3,4,5,6,7,8,9,10,11,12,13,14",0,6554,1638
train,662,8192,1,0,1,8192,0
train,663,8192,15,"0,1,2,3,4,5,6,7,8,9,10,11,12,13,14",0,6554,1638
train,664,8192,14,"0,1,2,3,4,5,6,7,8,9,10,11,12,13",0,6554,1638
train,665,8192,14,"0,1,2,3,4,5,6,7,8,9,10,11,12,13",0,6554,1638
train,666,8192,15,"0,1,2,3,4,5,6,7,8,9,10,11,12,13,14",0,6554,1638
train,667,8192,15,"0,1,2,3,4,5,6,7,8,9,10,11,12,13,14",0,6554,1638
train,668,8192,15,"0,1,2,3,4,5,6,7,8,9,10,11,12,13,14",0,6554,1638
train,669,8192,12,"0,1,2,4,5,6,8,9,10,11,12,13",0,6554,1638
train,670,8192,14,"0,1,2,3,4,5,6,8,9,10,11,12,13,14",0,6554,1638
train,671,8192,13,"0,1,2,3,4,5,6,8,9,10,11,12,13",0,6554,1638
train,672,8192,14,"0,1,3,4,5,6,7,8,9,10,11,12,13,14",0,6554,1638
train,673,8192,15,"0,1,2,3,4,5,6,7,8,9,10,11,12,13,14",0,6554,1638
train,674,8192,15,"0,1,2,3,4,5,6,7,8,9,10,11,12,13,14",0,6554,1638
train,675,8192,15,"0,1,2,3,4,5,6,7,8,9,10,11,12,13,14",0,6554,1638
train,676,8192,15,"0,1,2,3,4,5,6,7,8,9,10,11,12,13,14",0,6554,1638
train,677,8192,15,"0,1,2,3,4,5,6,7,8,9,10,11,12,13,14",0,6554,1638
train,678,8192,1,0,1,8192,0
train,679,8192,13,"0,1,2,3,4,5,6,8,9,10,11,12,13",0,6554,1638
train,680,8192,15,"0,1,2,3,4,5,6,7,8,9,10,11,12,13,14",0,6554,1638
train,681,8192,15,"0,1,2,3,4,5,6,7,8,9,10,11,12,13,14",0,6554,1638
train,682,8192,15,"0,1,2,3,4,5,6,7,8,9,10,11,12,13,14",0,6554,1638
train,683,8192,15,"0,1,2,3,4,5,6,7,8,9,10,11,12,13,14",0,6554,1638
train,684,8192,15,"0,1,2,3,4,5,6,7,8,9,10,11,12,13,14",0,6554,1638
train,685,8192,13,"0,1,2,3,4,5,6,7,8,9,11,12,13",0,6554,1638
train,686,8192,13,"0,1,2,4,5,6,7,8,9,11,12,13,14",0,6554,1638
train,687,8192,13,"0,1,2,3,4,5,6,8,9,10,11,12,13",0,6554,1638
train,688,8192,13,"0,1,2,5,6,7,8,9,10,11,12,13,14",0,6554,1638
train,689,8192,15,"0,1,2,3,4,5,6,7,8,9,10,11,12,13,14",0,6554,1638
train,690,8192,15,"0,1,2,3,4,5,6,7,8,9,10,11,12,13,14",0,6554,1638
train,691,8192,14,"0,1,2,3,4,5,6,8,9,10,11,12,13,14",0,6554,1638
train,692,8192,13,"0,1,2,3,4,5,6,8,9,10,11,12,13",0,6554,1638
train,693,8192,13,"0,1,2,3,4,5,6,8,9,10,11,12,13",0,6554,1638
train,694,8192,15,"0,1,2,3,4,5,6,7,8,9,10,11,12,13,14",0,6554,1638
train,695,8192,14,"0,1,2,3,4,5,6,8,9,10,11,12,13,14",0,6554,1638
train,696,8192,13,"0,1,2,4,5,6,7,8,9,11,12,13,14",0,6554,1638
train,697,8192,15,"0,1,2,3,4,5,6,7,8,9,10,11,12,13,14",0,6554,1638
train,698,8192,15,"0,1,2,3,4,5,6,7,8,9,10,11,12,13,14",0,6554,1638
train,699,8192,1,0,1,8192,0
train,700,8192,14,"0,1,2,3,4,6,7,8,9,10,11,12,13,14",0,6554,1638
train,701,8192,13,"0,1,2,3,4,5,6,8,9,10,11,12,13",0,6554,1638
train,702,8192,15,"0,1,2,3,4,5,6,7,8,9,10,11,12,13,14",0,6554,1638
train,703,8192,15,"0,1,2,3,4,5,6,7,8,9,10,11,12,13,14",0,6554,1638
train,704,8192,1,0,1,8192,0
train,705,8192,15,"0,1,2,3,4,5,6,7,8,9,10,11,12,13,14",0,6554,1638
train,706,8192,13,"0,1,2,3,4,5,6,8,9,10,11,12,13",0,6554,1638
train,707,8192,13,"0,1,2,3,4,5,6,8,9,10,11,12,13",0,6554,1638
train,708,8192,11,"0,1,2,4,5,6,8,9,11,12,13",0,6554,1638
train,709,8192,15,"0,1,2,3,4,5,6,7,8,9,10,11,12,13,14",0,6554,1638
train,710,8192,15,"0,1,2,3,4,5,6,7,8,9,10,11,12,13,14",0,6554,1638
train,711,8192,15,"0,1,2,3,4,5,6,7,8,9,10,11,12,13,14",0,6554,1638
train,712,8192,15,"0,1,2,3,4,5,6,7,8,9,10,11,12,13,14",0,6554,1638
train,713,8192,14,"0,1,2,3,4,5,6,8,9,10,11,12,13,14",0,6554,1638
train,714,8192,14,"0,1,2,3,4,5,6,8,9,10,11,12,13,14",0,6554,1638
train,715,8192,14,"0,1,2,3,4,5,6,8,9,10,11,12,13,14",0,6554,1638
train,716,8192,15,"0,1,2,3,4,5,6,7,8,9,10,11,12,13,14",0,6554,1638
train,717,8192,15,"0,1,2,3,4,5,6,7,8,9,10,11,12,13,14",0,6554,1638
train,718,8192,14,"0,1,2,3,4,5,6,8,9,10,11,12,13,14",0,6554,1638
train,719,8192,13,"0,1,2,3,4,5,6,8,9,10,11,12,13",0,6554,1638
train,720,8192,15,"0,1,2,3,4,5,6,7,8,9,10,11,12,13,14",0,6554,1638
train,721,8192,15,"0,1,2,3,4,5,6,7,8,9,10,11,12,13,14",0,6554,1638
train,722,8192,13,"0,1,3,4,5,6,8,9,10,11,12,13,14",0,6554,1638
train,723,8192,14,"0,1,2,3,4,5,6,8,9,10,11,12,13,14",0,6554,1638
train,724,8192,13,"0,1,2,3,5,6,7,8,9,10,11,13,14",0,6554,1638
train,725,8192,13,"0,1,2,3,4,5,6,8,9,10,11,12,13",0,6554,1638
train,726,8192,15,"0,1,2,3,4,5,6,7,8,9,10,11,12,13,14",0,6554,1638
train,727,8192,13,"0,1,2,3,4,5,6,8,9,10,11,12,13",0,6554,1638
train,728,8192,13,"0,1,2,3,4,5,7,8,9,10,11,13,14",0,6554,1638
train,729,8192,15,"0,1,2,3,4,5,6,7,8,9,10,11,12,13,14",0,6554,1638
train,730,8192,13,"0,1,2,3,4,5,6,8,9,10,11,12,13",0,6554,1638
train,731,8192,15,"0,1,2,3,4,5,6,7,8,9,10,11,12,13,14",0,6554,1638
train,732,8192,15,"0,1,2,3,4,5,6,7,8,9,10,11,12,13,14",0,6554,1638
train,733,8192,15,"0,1,2,3,4,5,6,7,8,9,10,11,12,13,14",0,6554,1638
train,734,8192,14,"0,1,2,3,4,5,6,8,9,10,11,12,13,14",0,6554,1638
train,735,8192,15,"0,1,2,3,4,5,6,7,8,9,10,11,12,13,14",0,6554,1638
train,736,8192,12,"0,1,2,3,4,5,6,8,10,11,12,13",0,6554,1638
train,737,8192,13,"0,1,2,3,4,6,7,8,9,10,11,13,14",0,6554,1638
train,738,8192,15,"0,1,2,3,4,5,6,7,8,9,10,11,12,13,14",0,6554,1638
train,739,8192,13,"0,1,2,3,4,5,6,8,9,10,11,12,13",0,6554,1638
train,740,8192,15,"0,1,2,3,4,5,6,7,8,9,10,11,12,13,14",0,6554,1638
train,741,8192,14,"0,1,2,3,4,5,6,8,9,10,11,12,13,14",0,6554,1638
train,742,8192,15,"0,1,2,3,4,5,6,7,8,9,10,11,12,13,14",0,6554,1638
train,743,8192,13,"0,1,2,3,4,5,6,8,9,10,11,12,13",0,6554,1638
train,744,8192,15,"0,1,2,3,4,5,6,7,8,9,10,11,12,13,14",0,6554,1638
train,745,8192,15,"0,1,2,3,4,5,6,7,8,9,10,11,12,13,14",0,6554,1638
train,746,8192,14,"0,1,2,3,4,5,6,7,8,9,11,12,13,14",0,6554,1638
train,747,8192,15,"0,1,2,3,4,5,6,7,8,9,10,11,12,13,14",0,6554,1638
train,748,8192,15,"0,1,2,3,4,5,6,7,8,9,10,11,12,13,14",0,6554,1638
train,749,8192,15,"0,1,2,3,4,5,6,7,8,9,10,11,12,13,14",0,6554,1638
train,750,8192,12,"0,1,3,4,5,6,8,9,10,11,12,13",0,6554,1638
train,751,8192,13,"0,1,2,3,4,5,6,8,9,10,11,12,13",0,6554,1638
train,752,8192,15,"0,1,2,3,4,5,6,7,8,9,10,11,12,13,14",0,6554,1638
train,753,8192,15,"0,1,2,3,4,5,6,7,8,9,10,11,12,13,14",0,6554,1638
train,754,8192,15,"0,1,2,3,4,5,6,7,8,9,10,11,12,13,14",0,6554,1638
train,755,8192,15,"0,1,2,3,4,5,6,7,8,9,10,11,12,13,14",0,6554,1638
train,756,8192,15,"0,1,2,3,4,5,6,7,8,9,10,11,12,13,14",0,6554,1638
train,757,8192,12,"0,1,2,3,4,5,6,8,9,11,12,13",0,6554,1638
train,758,8192,13,"0,1,2,3,4,5,6,8,9,10,11,12,13",0,6554,1638
train,759,8192,14,"0,1,2,3,4,5,6,8,9,10,11,12,13,14",0,6554,1638
train,760,8192,13,"0,1,2,3,4,5,6,8,9,10,11,12,13",0,6554,1638
train,761,8192,13,"0,1,2,3,4,5,6,8,9,10,11,12,13",0,6554,1638
train,762,8192,11,"0,1,2,4,5,6,8,9,11,12,13",0,6554,1638
train,763,8192,11,"0,1,2,4,5,6,8,9,11,12,13",0,6554,1638
train,764,8192,15,"0,1,2,3,4,5,6,7,8,9,10,11,12,13,14",0,6554,1638
train,765,8192,15,"0,1,2,3,4,5,6,7,8,9,10,11,12,13,14",0,6554,1638
train,766,8192,15,"0,1,2,3,4,5,6,7,8,9,10,11,12,13,14",0,6554,1638
train,767,8192,15,"0,1,2,3,4,5,6,7,8,9,10,11,12,13,14",0,6554,1638
train,768,8192,15,"0,1,2,3,4,5,6,7,8,9,10,11,12,13,14",0,6554,1638
train,769,8192,15,"0,1,2,3,4,5,6,7,8,9,10,11,12,13,14",0,6554,1638
train,770,8192,14,"0,1,2,3,4,5,6,7,8,9,10,11,12,13",0,6554,1638
train,771,8192,14,"0,1,2,3,4,5,6,7,8,9,10,11,12,13",0,6554,1638
train,772,8192,13,"0,1,2,3,5,6,7,8,9,10,12,13,14",0,6554,1638
train,773,8192,13,"0,1,2,3,5,6,7,8,9,10,12,13,14",0,6554,1638
train,774,8192,15,"0,1,2,3,4,5,6,7,8,9,10,11,12,13,14",0,6554,1638
train,775,8192,15,"0,1,2,3,4,5,6,7,8,9,10,11,12,13,14",0,6554,1638
train,776,8192,15,"0,1,2,3,4,5,6,7,8,9,10,11,12,13,14",0,6554,1638
train,777,8192,15,"0,1,2,3,4,5,6,7,8,9,10,11,12,13,14",0,6554,1638
train,778,8192,13,"0,1,2,3,4,5,6,8,9,10,11,12,13",0,6554,1638
train,779,8192,13,"0,1,2,3,4,5,6,8,9,10,11,12,13",0,6554,1638
train,780,8192,14,"0,1,2,3,4,5,6,8,9,10,11,12,13,14",0,6554,1638
train,781,8192,14,"0,1,2,3,4,5,6,8,9,10,11,12,13,14",0,6554,1638
train,782,8192,12,"0,1,2,3,4,5,6,8,9,10,11,13",0,6554,1638
train,783,8192,12,"0,1,2,3,4,5,6,8,9,10,11,13",0,6554,1638
train,784,8192,13,"0,1,2,3,4,5,6,8,9,10,11,12,13",0,6554,1638
train,785,8192,13,"0,1,2,3,4,5,6,8,9,10,11,12,13",0,6554,1638
train,786,8192,15,"0,1,2,3,4,5,6,7,8,9,10,11,12,13,14",0,6554,1638
train,787,8192,15,"0,1,2,3,4,5,6,7,8,9,10,11,12,13,14",0,6554,1638
train,788,8192,15,"0,1,2,3,4,5,6,7,8,9,10,11,12,13,14",0,6554,1638
train,789,8192,15,"0,1,2,3,4,5,6,7,8,9,10,11,12,13,14",0,6554,1638
train,790,8192,15,"0,1,2,3,4,5,6,7,8,9,10,11,12,13,14",0,6554,1638
train,791,8192,15,"0,1,2,3,4,5,6,7,8,9,10,11,12,13,14",0,6554,1638
train,792,8192,15,"0,1,2,3,4,5,6,7,8,9,10,11,12,13,14",0,6554,1638
train,793,8192,15,"0,1,2,3,4,5,6,7,8,9,10,11,12,13,14",0,6554,1638
train,794,8192,15,"0,1,2,3,4,5,6,7,8,9,10,11,12,13,14",0,6554,1638
train,795,8192,15,"0,1,2,3,4,5,6,7,8,9,10,11,12,13,14",0,6554,1638
train,796,8192,15,"0,1,2,3,4,5,6,7,8,9,10,11,12,13,14",0,6554,1638
train,797,8192,15,"0,1,2,3,4,5,6,7,8,9,10,11,12,13,14",0,6554,1638
train,798,8192,15,"0,1,2,3,4,5,6,7,8,9,10,11,12,13,14",0,6554,1638
train,799,8192,15,"0,1,2,3,4,5,6,7,8,9,10,11,12,13,14",0,6554,1638
train,800,8192,14,"0,1,2,3,4,5,6,7,8,9,10,11,12,13",0,6554,1638
train,801,8192,14,"0,1,2,3,4,5,6,7,8,9,10,11,12,13",0,6554,1638
train,802,8192,15,"0,1,2,3,4,5,6,7,8,9,10,11,12,13,14",0,6554,1638
train,803,8192,15,"0,1,2,3,4,5,6,7,8,9,10,11,12,13,14",0,6554,1638
train,804,8192,14,"0,1,2,3,4,5,6,8,9,10,11,12,13,14",0,6554,1638
train,805,8192,14,"0,1,2,3,4,5,6,8,9,10,11,12,13,14",0,6554,1638
train,806,8192,15,"0,1,2,3,4,5,6,7,8,9,10,11,12,13,14",0,6554,1638
train,807,8192,15,"0,1,2,3,4,5,6,7,8,9,10,11,12,13,14",0,6554,1638
train,808,8192,13,"0,1,2,3,4,5,6,8,9,10,11,12,13",0,6554,1638
train,809,8192,13,"0,1,2,3,4,5,6,8,9,10,11,12,13",0,6554,1638
train,810,8192,13,"0,1,2,3,4,5,6,8,9,10,11,12,13",0,6554,1638
train,811,8192,13,"0,1,2,3,4,5,6,8,9,10,11,12,13",0,6554,1638
train,812,8192,15,"0,1,2,3,4,5,6,7,8,9,10,11,12,13,14",0,6554,1638
train,813,8192,15,"0,1,2,3,4,5,6,7,8,9,10,11,12,13,14",0,6554,1638
train,814,8192,14,"0,1,2,3,4,5,6,8,9,10,11,12,13,14",0,6554,1638
train,815,8192,14,"0,1,2,3,4,5,6,8,9,10,11,12,13,14",0,6554,1638
train,816,8192,14,"0,1,2,3,4,5,6,7,8,9,10,11,12,13",0,6554,1638
train,817,8192,14,"0,1,2,3,4,5,6,7,8,9,10,11,12,13",0,6554,1638
train,818,8192,13,"0,1,2,3,4,5,6,8,9,10,11,12,13",0,6554,1638
train,819,8192,13,"0,1,2,3,4,5,6,8,9,10,11,12,13",0,6554,1638
train,820,8192,1,0,1,8192,0
train,821,8192,1,0,1,8192,0
train,822,8192,15,"0,1,2,3,4,5,6,7,8,9,10,11,12,13,14",0,6554,1638
train,823,8192,15,"0,1,2,3,4,5,6,7,8,9,10,11,12,13,14",0,6554,1638
train,824,8192,15,"0,1,2,3,4,5,6,7,8,9,10,11,12,13,14",0,6554,1638
train,825,8192,15,"0,1,2,3,4,5,6,7,8,9,10,11,12,13,14",0,6554,1638
train,826,8192,15,"0,1,2,3,4,5,6,7,8,9,10,11,12,13,14",0,6554,1638
train,827,8192,15,"0,1,2,3,4,5,6,7,8,9,10,11,12,13,14",0,6554,1638
train,828,8192,11,"0,1,2,4,5,6,8,9,11,12,13",0,6554,1638
train,829,8192,11,"0,1,2,4,5,6,8,9,11,12,13",0,6554,1638
train,830,8192,15,"0,1,2,3,4,5,6,7,8,9,10,11,12,13,14",0,6554,1638
train,831,8192,15,"0,1,2,3,4,5,6,7,8,9,10,11,12,13,14",0,6554,1638
train,832,8192,15,"0,1,2,3,4,5,6,7,8,9,10,11,12,13,14",0,6554,1638
train,833,8192,15,"0,1,2,3,4,5,6,7,8,9,10,11,12,13,14",0,6554,1638
train,834,8192,14,"0,1,2,4,5,6,7,8,9,10,11,12,13,14",0,6554,1638
train,835,8192,14,"0,1,2,4,5,6,7,8,9,10,11,12,13,14",0,6554,1638
train,836,8192,15,"0,1,2,3,4,5,6,7,8,9,10,11,12,13,14",0,6554,1638
train,837,8192,15,"0,1,2,3,4,5,6,7,8,9,10,11,12,13,14",0,6554,1638
train,838,8192,13,"0,1,2,3,4,6,7,8,9,10,11,13,14",0,6554,1638
train,839,8192,13,"0,1,2,3,4,6,7,8,9,10,11,13,14",0,6554,1638
train,840,8192,15,"0,1,2,3,4,5,6,7,8,9,10,11,12,13,14",0,6554,1638
train,841,8192,15,"0,1,2,3,4,5,6,7,8,9,10,11,12,13,14",0,6554,1638
train,842,8192,15,"0,1,2,3,4,5,6,7,8,9,10,11,12,13,14",0,6554,1638
train,843,8192,15,"0,1,2,3,4,5,6,7,8,9,10,11,12,13,14",0,6554,1638
train,844,8192,15,"0,1,2,3,4,5,6,7,8,9,10,11,12,13,14",0,6554,1638
train,845,8192,15,"0,1,2,3,4,5,6,7,8,9,10,11,12,13,14",0,6554,1638
train,846,8192,1,0,1,8192,0
train,847,8192,1,0,1,8192,0
train,848,8192,15,"0,1,2,3,4,5,6,7,8,9,10,11,12,13,14",0,6554,1638
train,849,8192,15,"0,1,2,3,4,5,6,7,8,9,10,11,12,13,14",0,6554,1638
train,850,8192,15,"0,1,2,3,4,5,6,7,8,9,10,11,12,13,14",0,6554,1638
train,851,8192,15,"0,1,2,3,4,5,6,7,8,9,10,11,12,13,14",0,6554,1638
train,852,8192,15,"0,1,2,3,4,5,6,7,8,9,10,11,12,13,14",0,6554,1638
train,853,8192,15,"0,1,2,3,4,5,6,7,8,9,10,11,12,13,14",0,6554,1638
train,854,8192,13,"0,1,2,3,4,5,6,8,9,10,11,12,13",0,6554,1638
train,855,8192,13,"0,1,2,3,4,5,6,8,9,10,11,12,13",0,6554,1638
train,856,8192,11,"0,1,2,4,5,6,8,9,11,12,13",0,6554,1638
train,857,8192,11,"0,1,2,4,5,6,8,9,11,12,13",0,6554,1638
train,858,8192,15,"0,1,2,3,4,5,6,7,8,9,10,11,12,13,14",0,6554,1638
train,859,8192,15,"0,1,2,3,4,5,6,7,8,9,10,11,12,13,14",0,6554,1638
train,860,8192,15,"0,1,2,3,4,5,6,7,8,9,10,11,12,13,14",0,6554,1638
train,861,8192,15,"0,1,2,3,4,5,6,7,8,9,10,11,12,13,14",0,6554,1638
train,862,8192,13,"0,1,2,3,4,5,6,8,9,10,11,12,13",0,6554,1638
train,863,8192,13,"0,1,2,3,4,5,6,8,9,10,11,12,13",0,6554,1638
train,864,8192,15,"0,1,2,3,4,5,6,7,8,9,10,11,12,13,14",0,6554,1638
train,865,8192,15,"0,1,2,3,4,5,6,7,8,9,10,11,12,13,14",0,6554,1638
train,866,8192,15,"0,1,2,3,4,5,6,7,8,9,10,11,12,13,14",0,6554,1638
train,867,8192,15,"0,1,2,3,4,5,6,7,8,9,10,11,12,13,14",0,6554,1638
train,868,8192,15,"0,1,2,3,4,5,6,7,8,9,10,11,12,13,14",0,6554,1638
train,869,8192,15,"0,1,2,3,4,5,6,7,8,9,10,11,12,13,14",0,6554,1638
train,870,8192,15,"0,1,2,3,4,5,6,7,8,9,10,11,12,13,14",0,6554,1638
train,871,8192,15,"0,1,2,3,4,5,6,7,8,9,10,11,12,13,14",0,6554,1638
train,872,8192,15,"0,1,2,3,4,5,6,7,8,9,10,11,12,13,14",0,6554,1638
train,873,8192,15,"0,1,2,3,4,5,6,7,8,9,10,11,12,13,14",0,6554,1638
train,874,8192,13,"0,1,2,4,5,6,7,8,9,11,12,13,14",0,6554,1638
train,875,8192,13,"0,1,2,4,5,6,7,8,9,11,12,13,14",0,6554,1638
train,876,8192,15,"0,1,2,3,4,5,6,7,8,9,10,11,12,13,14",0,6554,1638
train,877,8192,15,"0,1,2,3,4,5,6,7,8,9,10,11,12,13,14",0,6554,1638
train,878,8192,13,"0,1,2,3,4,5,6,8,9,10,11,12,13",0,6554,1638
train,879,8192,13,"0,1,2,3,4,5,6,8,9,10,11,12,13",0,6554,1638
train,880,8192,15,"0,1,2,3,4,5,6,7,8,9,10,11,12,13,14",0,6554,1638
train,881,8192,15,"0,1,2,3,4,5,6,7,8,9,10,11,12,13,14",0,6554,1638
train,882,8192,15,"0,1,2,3,4,5,6,7,8,9,10,11,12,13,14",0,6554,1638
train,883,8192,15,"0,1,2,3,4,5,6,7,8,9,10,11,12,13,14",0,6554,1638
train,884,8192,15,"0,1,2,3,4,5,6,7,8,9,10,11,12,13,14",0,6554,1638
train,885,8192,15,"0,1,2,3,4,5,6,7,8,9,10,11,12,13,14",0,6554,1638
train,886,8192,12,"0,1,2,4,5,6,8,9,10,11,12,13",0,6554,1638
train,887,8192,12,"0,1,2,4,5,6,8,9,10,11,12,13",0,6554,1638
train,888,8192,15,"0,1,2,3,4,5,6,7,8,9,10,11,12,13,14",0,6554,1638
train,889,8192,15,"0,1,2,3,4,5,6,7,8,9,10,11,12,13,14",0,6554,1638
train,890,8192,15,"0,1,2,3,4,5,6,7,8,9,10,11,12,13,14",0,6554,1638
train,891,8192,15,"0,1,2,3,4,5,6,7,8,9,10,11,12,13,14",0,6554,1638
train,892,8192,13,"0,1,2,3,4,5,6,8,9,10,11,12,13",0,6554,1638
train,893,8192,13,"0,1,2,3,4,5,6,8,9,10,11,12,13",0,6554,1638
train,894,8192,1,0,1,8192,0
train,895,8192,1,0,1,8192,0
train,896,8192,13,"0,1,2,3,4,5,8,9,10,11,12,13,14",0,6554,1638
train,897,8192,13,"0,1,2,3,4,5,8,9,10,11,12,13,14",0,6554,1638
train,898,8192,15,"0,1,2,3,4,5,6,7,8,9,10,11,12,13,14",0,6554,1638
train,899,8192,15,"0,1,2,3,4,5,6,7,8,9,10,11,12,13,14",0,6554,1638
train,900,8192,15,"0,1,2,3,4,5,6,7,8,9,10,11,12,13,14",0,6554,1638
train,901,8192,15,"0,1,2,3,4,5,6,7,8,9,10,11,12,13,14",0,6554,1638
train,902,8192,15,"0,1,2,3,4,5,6,7,8,9,10,11,12,13,14",0,6554,1638
train,903,8192,15,"0,1,2,3,4,5,6,7,8,9,10,11,12,13,14",0,6554,1638
train,904,8192,13,"0,1,2,3,4,5,6,8,9,10,11,12,13",0,6554,1638
train,905,8192,13,"0,1,2,3,4,5,6,8,9,10,11,12,13",0,6554,1638
train,906,8192,15,"0,1,2,3,4,5,6,7,8,9,10,11,12,13,14",0,6554,1638
train,907,8192,15,"0,1,2,3,4,5,6,7,8,9,10,11,12,13,14",0,6554,1638
train,908,8192,15,"0,1,2,3,4,5,6,7,8,9,10,11,12,13,14",0,6554,1638
train,909,8192,15,"0,1,2,3,4,5,6,7,8,9,10,11,12,13,14",0,6554,1638
train,910,8192,11,"0,1,2,4,5,6,8,9,11,12,13",0,6554,1638
train,911,8192,11,"0,1,2,4,5,6,8,9,11,12,13",0,6554,1638
train,912,8192,15,"0,1,2,3,4,5,6,7,8,9,10,11,12,13,14",0,6554,1638
train,913,8192,15,"0,1,2,3,4,5,6,7,8,9,10,11,12,13,14",0,6554,1638
train,914,8192,15,"0,1,2,3,4,5,6,7,8,9,10,11,12,13,14",0,6554,1638
train,915,8192,15,"0,1,2,3,4,5,6,7,8,9,10,11,12,13,14",0,6554,1638
train,916,8192,15,"0,1,2,3,4,5,6,7,8,9,10,11,12,13,14",0,6554,1638
train,917,8192,15,"0,1,2,3,4,5,6,7,8,9,10,11,12,13,14",0,6554,1638
train,918,8192,12,"0,1,2,4,5,6,8,9,10,11,12,13",0,6554,1638
train,919,8192,12,"0,1,2,4,5,6,8,9,10,11,12,13",0,6554,1638
train,920,8192,15,"0,1,2,3,4,5,6,7,8,9,10,11,12,13,14",0,6554,1638
train,921,8192,15,"0,1,2,3,4,5,6,7,8,9,10,11,12,13,14",0,6554,1638
train,922,8192,1,0,1,8192,0
train,923,8192,1,0,1,8192,0
train,924,8192,13,"0,1,2,3,4,5,6,8,9,10,11,12,13",0,6554,1638
train,925,8192,13,"0,1,2,3,4,5,6,8,9,10,11,12,13",0,6554,1638
train,926,8192,11,"0,1,2,4,5,6,8,9,11,12,13",0,6554,1638
train,927,8192,11,"0,1,2,4,5,6,8,9,11,12,13",0,6554,1638
train,928,8192,12,"0,1,2,4,5,6,8,9,10,11,12,13",0,6554,1638
train,929,8192,12,"0,1,2,4,5,6,8,9,10,11,12,13",0,6554,1638
train,930,8192,15,"0,1,2,3,4,5,6,7,8,9,10,11,12,13,14",0,6554,1638
train,931,8192,15,"0,1,2,3,4,5,6,7,8,9,10,11,12,13,14",0,6554,1638
train,932,8192,13,"0,1,2,3,4,5,6,8,9,10,11,12,13",0,6554,1638
train,933,8192,13,"0,1,2,3,4,5,6,8,9,10,11,12,13",0,6554,1638
train,934,8192,15,"0,1,2,3,4,5,6,7,8,9,10,11,12,13,14",0,6554,1638
train,935,8192,15,"0,1,2,3,4,5,6,7,8,9,10,11,12,13,14",0,6554,1638
train,936,8192,14,"0,1,2,3,4,5,6,7,8,9,11,12,13,14",0,6554,1638
train,937,8192,14,"0,1,2,3,4,5,6,7,8,9,11,12,13,14",0,6554,1638
train,938,8192,15,"0,1,2,3,4,5,6,7,8,9,10,11,12,13,14",0,6554,1638
train,939,8192,15,"0,1,2,3,4,5,6,7,8,9,10,11,12,13,14",0,6554,1638
train,940,8192,12,"0,1,2,3,4,5,6,8,9,11,12,13",0,6554,1638
train,941,8192,12,"0,1,2,3,4,5,6,8,9,11,12,13",0,6554,1638
train,942,8192,13,"0,1,2,3,5,6,7,8,9,10,11,13,14",0,6554,1638
train,943,8192,13,"0,1,2,3,5,6,7,8,9,10,11,13,14",0,6554,1638
train,944,8192,13,"0,1,2,3,5,6,7,8,9,10,11,13,14",0,6554,1638
train,945,8192,13,"0,1,2,3,5,6,7,8,9,10,11,13,14",0,6554,1638
train,946,8192,1,0,1,8192,0
train,947,8192,1,0,1,8192,0
train,948,8192,15,"0,1,2,3,4,5,6,7,8,9,10,11,12,13,14",0,6554,1638
train,949,8192,15,"0,1,2,3,4,5,6,7,8,9,10,11,12,13,14",0,6554,1638
train,950,8192,14,"0,1,2,3,4,5,6,8,9,10,11,12,13,14",0,6554,1638
train,951,8192,14,"0,1,2,3,4,5,6,8,9,10,11,12,13,14",0,6554,1638
train,952,8192,12,"0,1,2,3,4,5,6,8,9,10,11,13",0,6554,1638
train,953,8192,12,"0,1,2,3,4,5,6,8,9,10,11,13",0,6554,1638
train,954,8192,12,"0,1,2,4,5,6,8,9,10,11,12,13",0,6554,1638
train,955,8192,12,"0,1,2,4,5,6,8,9,10,11,12,13",0,6554,1638
train,956,8192,13,"0,1,2,3,4,5,6,8,9,10,11,12,13",0,6554,1638
train,957,8192,13,"0,1,2,3,4,5,6,8,9,10,11,12,13",0,6554,1638
train,958,8192,15,"0,1,2,3,4,5,6,7,8,9,10,11,12,13,14",0,6554,1638
train,959,8192,15,"0,1,2,3,4,5,6,7,8,9,10,11,12,13,14",0,6554,1638
train,960,8192,13,"0,1,2,3,5,6,7,8,9,10,11,13,14",0,6554,1638
train,961,8192,13,"0,1,2,3,5,6,7,8,9,10,11,13,14",0,6554,1638
train,962,8192,15,"0,1,2,3,4,5,6,7,8,9,10,11,12,13,14",0,6554,1638
train,963,8192,15,"0,1,2,3,4,5,6,7,8,9,10,11,12,13,14",0,6554,1638
train,964,8192,15,"0,1,2,3,4,5,6,7,8,9,10,11,12,13,14",0,6554,1638
train,965,8192,15,"0,1,2,3,4,5,6,7,8,9,10,11,12,13,14",0,6554,1638
train,966,8192,15,"0,1,2,3,4,5,6,7,8,9,10,11,12,13,14",0,6554,1638
train,967,8192,15,"0,1,2,3,4,5,6,7,8,9,10,11,12,13,14",0,6554,1638
train,968,8192,15,"0,1,2,3,4,5,6,7,8,9,10,11,12,13,14",0,6554,1638
train,969,8192,15,"0,1,2,3,4,5,6,7,8,9,10,11,12,13,14",0,6554,1638
train,970,8192,15,"0,1,2,3,4,5,6,7,8,9,10,11,12,13,14",0,6554,1638
train,971,8192,15,"0,1,2,3,4,5,6,7,8,9,10,11,12,13,14",0,6554,1638
train,972,8192,15,"0,1,2,3,4,5,6,7,8,9,10,11,12,13,14",0,6554,1638
train,973,8192,15,"0,1,2,3,4,5,6,7,8,9,10,11,12,13,14",0,6554,1638
train,974,8192,15,"0,1,2,3,4,5,6,7,8,9,10,11,12,13,14",0,6554,1638
train,975,8192,15,"0,1,2,3,4,5,6,7,8,9,10,11,12,13,14",0,6554,1638
train,976,8192,15,"0,1,2,3,4,5,6,7,8,9,10,11,12,13,14",0,6554,1638
train,977,8192,15,"0,1,2,3,4,5,6,7,8,9,10,11,12,13,14",0,6554,1638
train,978,8192,15,"0,1,2,3,4,5,6,7,8,9,10,11,12,13,14",0,6554,1638
train,979,8192,15,"0,1,2,3,4,5,6,7,8,9,10,11,12,13,14",0,6554,1638
train,980,8192,1,0,1,8192,0
train,981,8192,1,0,1,8192,0
train,982,8192,15,"0,1,2,3,4,5,6,7,8,9,10,11,12,13,14",0,6554,1638
train,983,8192,15,"0,1,2,3,4,5,6,7,8,9,10,11,12,13,14",0,6554,1638
train,984,8192,12,"0,1,2,4,5,6,8,9,10,11,12,13",0,6554,1638
train,985,8192,12,"0,1,2,4,5,6,8,9,10,11,12,13",0,6554,1638
train,986,8192,1,0,1,8192,0
train,987,8192,1,0,1,8192,0
train,988,8192,13,"0,1,2,3,4,6,8,9,10,11,12,13,14",0,6554,1638
train,989,8192,13,"0,1,2,3,4,6,8,9,10,11,12,13,14",0,6554,1638
train,990,8192,14,"0,1,2,3,4,5,6,8,9,10,11,12,13,14",0,6554,1638
train,991,8192,14,"0,1,2,3,4,5,6,8,9,10,11,12,13,14",0,6554,1638
train,992,8192,15,"0,1,2,3,4,5,6,7,8,9,10,11,12,13,14",0,6554,1638
train,993,8192,15,"0,1,2,3,4,5,6,7,8,9,10,11,12,13,14",0,6554,1638
train,994,8192,15,"0,1,2,3,4,5,6,7,8,9,10,11,12,13,14",0,6554,1638
train,995,8192,15,"0,1,2,3,4,5,6,7,8,9,10,11,12,13,14",0,6554,1638
train,996,8192,15,"0,1,2,3,4,5,6,7,8,9,10,11,12,13,14",0,6554,1638
train,997,8192,15,"0,1,2,3,4,5,6,7,8,9,10,11,12,13,14",0,6554,1638
train,998,8192,11,"0,1,2,5,6,7,8,9,12,13,14",0,6554,1638
train,999,8192,11,"0,1,2,5,6,7,8,9,12,13,14",0,6554,1638
train,1000,8192,12,"0,1,2,3,4,5,6,8,9,11,12,13",0,6554,1638
train,1001,8192,12,"0,1,2,3,4,5,6,8,9,11,12,13",0,6554,1638
train,1002,8192,15,"0,1,2,3,4,5,6,7,8,9,10,11,12,13,14",0,6554,1638
train,1003,8192,15,"0,1,2,3,4,5,6,7,8,9,10,11,12,13,14",0,6554,1638
train,1004,8192,13,"0,1,2,3,5,6,7,8,9,10,11,12,13",0,6554,1638
train,1005,8192,13,"0,1,2,3,5,6,7,8,9,10,11,12,13",0,6554,1638
train,1006,8192,15,"0,1,2,3,4,5,6,7,8,9,10,11,12,13,14",0,6554,1638
train,1007,8192,15,"0,1,2,3,4,5,6,7,8,9,10,11,12,13,14",0,6554,1638
train,1008,8192,15,"0,1,2,3,4,5,6,7,8,9,10,11,12,13,14",0,6554,1638
train,1009,8192,15,"0,1,2,3,4,5,6,7,8,9,10,11,12,13,14",0,6554,1638
train,1010,8192,13,"0,1,2,3,5,6,7,8,9,10,12,13,14",0,6554,1638
train,1011,8192,13,"0,1,2,3,5,6,7,8,9,10,12,13,14",0,6554,1638
train,1012,8192,13,"0,1,2,3,4,6,7,8,9,10,11,13,14",0,6554,1638
train,1013,8192,13,"0,1,2,3,4,6,7,8,9,10,11,13,14",0,6554,1638
train,1014,8192,15,"0,1,2,3,4,5,6,7,8,9,10,11,12,13,14",0,6554,1638
train,1015,8192,15,"0,1,2,3,4,5,6,7,8,9,10,11,12,13,14",0,6554,1638
train,1016,8192,1,0,1,8192,0
train,1017,8192,1,0,1,8192,0
train,1018,8192,15,"0,1,2,3,4,5,6,7,8,9,10,11,12,13,14",0,6554,1638
train,1019,8192,15,"0,1,2,3,4,5,6,7,8,9,10,11,12,13,14",0,6554,1638
train,1020,8192,1,0,1,8192,0
train,1021,8192,1,0,1,8192,0
train,1022,8192,15,"0,1,2,3,4,5,6,7,8,9,10,11,12,13,14",0,6554,1638
train,1023,8192,15,"0,1,2,3,4,5,6,7,8,9,10,11,12,13,14",0,6554,1638
train,1024,8192,13,"0,1,2,3,4,5,6,8,9,10,11,12,13",0,6554,1638
train,1025,8192,13,"0,1,2,3,4,5,6,8,9,10,11,12,13",0,6554,1638
train,1026,8192,15,"0,1,2,3,4,5,6,7,8,9,10,11,12,13,14",0,6554,1638
train,1027,8192,15,"0,1,2,3,4,5,6,7,8,9,10,11,12,13,14",0,6554,1638
train,1028,8192,13,"0,1,2,3,4,5,6,8,9,10,11,12,13",0,6554,1638
train,1029,8192,13,"0,1,2,3,4,5,6,8,9,10,11,12,13",0,6554,1638
train,1030,8192,13,"0,1,2,3,4,5,6,8,9,10,11,12,13",0,6554,1638
train,1031,8192,13,"0,1,2,3,4,5,6,8,9,10,11,12,13",0,6554,1638
train,1032,8192,13,"0,1,2,3,4,5,6,8,9,10,11,12,13",0,6554,1638
train,1033,8192,13,"0,1,2,3,4,5,6,8,9,10,11,12,13",0,6554,1638
train,1034,8192,15,"0,1,2,3,4,5,6,7,8,9,10,11,12,13,14",0,6554,1638
train,1035,8192,15,"0,1,2,3,4,5,6,7,8,9,10,11,12,13,14",0,6554,1638
train,1036,8192,15,"0,1,2,3,4,5,6,7,8,9,10,11,12,13,14",0,6554,1638
train,1037,8192,15,"0,1,2,3,4,5,6,7,8,9,10,11,12,13,14",0,6554,1638
train,1038,8192,15,"0,1,2,3,4,5,6,7,8,9,10,11,12,13,14",0,6554,1638
train,1039,8192,15,"0,1,2,3,4,5,6,7,8,9,10,11,12,13,14",0,6554,1638
train,1040,8192,15,"0,1,2,3,4,5,6,7,8,9,10,11,12,13,14",0,6554,1638
train,1041,8192,15,"0,1,2,3,4,5,6,7,8,9,10,11,12,13,14",0,6554,1638
train,1042,8192,14,"0,1,2,3,4,5,6,7,8,9,10,11,12,13",0,6554,1638
train,1043,8192,14,"0,1,2,3,4,5,6,7,8,9,10,11,12,13",0,6554,1638
train,1044,8192,13,"0,1,2,3,4,5,6,8,9,10,11,12,13",0,6554,1638
train,1045,8192,13,"0,1,2,3,4,5,6,8,9,10,11,12,13",0,6554,1638
train,1046,8192,1,0,1,8192,0
train,1047,8192,1,0,1,8192,0
train,1048,8192,15,"0,1,2,3,4,5,6,7,8,9,10,11,12,13,14",0,6554,1638
train,1049,8192,15,"0,1,2,3,4,5,6,7,8,9,10,11,12,13,14",0,6554,1638
train,1050,8192,15,"0,1,2,3,4,5,6,7,8,9,10,11,12,13,14",0,6554,1638
train,1051,8192,15,"0,1,2,3,4,5,6,7,8,9,10,11,12,13,14",0,6554,1638
train,1052,8192,13,"0,1,2,3,4,5,6,8,9,10,11,12,13",0,6554,1638
train,1053,8192,13,"0,1,2,3,4,5,6,8,9,10,11,12,13",0,6554,1638
train,1054,8192,1,0,1,8192,0
train,1055,8192,1,0,1,8192,0
train,1056,8192,15,"0,1,2,3,4,5,6,7,8,9,10,11,12,13,14",0,6554,1638
train,1057,8192,15,"0,1,2,3,4,5,6,7,8,9,10,11,12,13,14",0,6554,1638
train,1058,8192,15,"0,1,2,3,4,5,6,7,8,9,10,11,12,13,14",0,6554,1638
train,1059,8192,15,"0,1,2,3,4,5,6,7,8,9,10,11,12,13,14",0,6554,1638
train,1060,8192,13,"0,1,2,3,4,5,6,8,9,10,11,12,13",0,6554,1638
train,1061,8192,13,"0,1,2,3,4,5,6,8,9,10,11,12,13",0,6554,1638
train,1062,8192,13,"0,1,2,4,5,6,7,8,9,11,12,13,14",0,6554,1638
train,1063,8192,13,"0,1,2,4,5,6,7,8,9,11,12,13,14",0,6554,1638
train,1064,8192,15,"0,1,2,3,4,5,6,7,8,9,10,11,12,13,14",0,6554,1638
train,1065,8192,15,"0,1,2,3,4,5,6,7,8,9,10,11,12,13,14",0,6554,1638
train,1066,8192,13,"0,1,2,3,4,5,6,8,9,10,11,12,13",0,6554,1638
train,1067,8192,13,"0,1,2,3,4,5,6,8,9,10,11,12,13",0,6554,1638
train,1068,8192,15,"0,1,2,3,4,5,6,7,8,9,10,11,12,13,14",0,6554,1638
train,1069,8192,15,"0,1,2,3,4,5,6,7,8,9,10,11,12,13,14",0,6554,1638
train,1070,8192,15,"0,1,2,3,4,5,6,7,8,9,10,11,12,13,14",0,6554,1638
train,1071,8192,15,"0,1,2,3,4,5,6,7,8,9,10,11,12,13,14",0,6554,1638
train,1072,8192,14,"0,1,2,3,4,5,6,7,8,9,11,12,13,14",0,6554,1638
train,1073,8192,14,"0,1,2,3,4,5,6,7,8,9,11,12,13,14",0,6554,1638
train,1074,8192,15,"0,1,2,3,4,5,6,7,8,9,10,11,12,13,14",0,6554,1638
train,1075,8192,15,"0,1,2,3,4,5,6,7,8,9,10,11,12,13,14",0,6554,1638
train,1076,8192,15,"0,1,2,3,4,5,6,7,8,9,10,11,12,13,14",0,6554,1638
train,1077,8192,15,"0,1,2,3,4,5,6,7,8,9,10,11,12,13,14",0,6554,1638
train,1078,8192,12,"0,1,2,3,4,6,7,8,9,10,11,13",0,6554,1638
train,1079,8192,12,"0,1,2,3,4,6,7,8,9,10,11,13",0,6554,1638
train,1080,8192,15,"0,1,2,3,4,5,6,7,8,9,10,11,12,13,14",0,6554,1638
train,1081,8192,15,"0,1,2,3,4,5,6,7,8,9,10,11,12,13,14",0,6554,1638
train,1082,8192,15,"0,1,2,3,4,5,6,7,8,9,10,11,12,13,14",0,6554,1638
train,1083,8192,15,"0,1,2,3,4,5,6,7,8,9,10,11,12,13,14",0,6554,1638
train,1084,8192,13,"0,1,2,3,4,5,6,8,9,10,11,12,13",0,6554,1638
train,1085,8192,13,"0,1,2,3,4,5,6,8,9,10,11,12,13",0,6554,1638
train,1086,8192,15,"0,1,2,3,4,5,6,7,8,9,10,11,12,13,14",0,6554,1638
train,1087,8192,15,"0,1,2,3,4,5,6,7,8,9,10,11,12,13,14",0,6554,1638
train,1088,8192,15,"0,1,2,3,4,5,6,7,8,9,10,11,12,13,14",0,6554,1638
train,1089,8192,15,"0,1,2,3,4,5,6,7,8,9,10,11,12,13,14",0,6554,1638
train,1090,8192,14,"0,1,2,3,4,5,6,7,8,9,10,11,12,13",0,6554,1638
train,1091,8192,14,"0,1,2,3,4,5,6,7,8,9,10,11,12,13",0,6554,1638
train,1092,8192,13,"0,1,2,3,4,5,6,8,9,10,11,12,13",0,6554,1638
train,1093,8192,13,"0,1,2,3,4,5,6,8,9,10,11,12,13",0,6554,1638
train,1094,8192,15,"0,1,2,3,4,5,6,7,8,9,10,11,12,13,14",0,6554,1638
train,1095,8192,15,"0,1,2,3,4,5,6,7,8,9,10,11,12,13,14",0,6554,1638
train,1096,8192,13,"0,1,2,3,4,5,6,8,9,10,11,12,13",0,6554,1638
train,1097,8192,13,"0,1,2,3,4,5,6,8,9,10,11,12,13",0,6554,1638
train,1098,8192,15,"0,1,2,3,4,5,6,7,8,9,10,11,12,13,14",0,6554,1638
train,1099,8192,15,"0,1,2,3,4,5,6,7,8,9,10,11,12,13,14",0,6554,1638
train,1100,8192,14,"0,1,2,3,4,5,6,7,8,9,11,12,13,14",0,6554,1638
train,1101,8192,14,"0,1,2,3,4,5,6,7,8,9,11,12,13,14",0,6554,1638
train,1102,8192,15,"0,1,2,3,4,5,6,7,8,9,10,11,12,13,14",0,6554,1638
train,1103,8192,15,"0,1,2,3,4,5,6,7,8,9,10,11,12,13,14",0,6554,1638
train,1104,8192,15,"0,1,2,3,4,5,6,7,8,9,10,11,12,13,14",0,6554,1638
train,1105,8192,15,"0,1,2,3,4,5,6,7,8,9,10,11,12,13,14",0,6554,1638
train,1106,8192,13,"0,1,2,3,4,5,6,8,9,10,11,12,13",0,6554,1638
train,1107,8192,13,"0,1,2,3,4,5,6,8,9,10,11,12,13",0,6554,1638
train,1108,8192,13,"0,1,2,3,4,5,6,8,9,10,11,12,13",0,6554,1638
train,1109,8192,13,"0,1,2,3,4,5,6,8,9,10,11,12,13",0,6554,1638
train,1110,8192,11,"0,1,2,4,5,6,8,9,11,12,13",0,6554,1638
train,1111,8192,11,"0,1,2,4,5,6,8,9,11,12,13",0,6554,1638
train,1112,8192,15,"0,1,2,3,4,5,6,7,8,9,10,11,12,13,14",0,6554,1638
train,1113,8192,15,"0,1,2,3,4,5,6,7,8,9,10,11,12,13,14",0,6554,1638
train,1114,8192,15,"0,1,2,3,4,5,6,7,8,9,10,11,12,13,14",0,6554,1638
train,1115,8192,15,"0,1,2,3,4,5,6,7,8,9,10,11,12,13,14",0,6554,1638
train,1116,8192,15,"0,1,2,3,4,5,6,7,8,9,10,11,12,13,14",0,6554,1638
train,1117,8192,15,"0,1,2,3,4,5,6,7,8,9,10,11,12,13,14",0,6554,1638
train,1118,8192,1,0,1,8192,0
train,1119,8192,1,0,1,8192,0
train,1120,8192,14,"0,1,2,3,4,5,6,8,9,10,11,12,13,14",0,6554,1638
train,1121,8192,14,"0,1,2,3,4,5,6,8,9,10,11,12,13,14",0,6554,1638
train,1122,8192,15,"0,1,2,3,4,5,6,7,8,9,10,11,12,13,14",0,6554,1638
train,1123,8192,15,"0,1,2,3,4,5,6,7,8,9,10,11,12,13,14",0,6554,1638
train,1124,8192,15,"0,1,2,3,4,5,6,7,8,9,10,11,12,13,14",0,6554,1638
train,1125,8192,15,"0,1,2,3,4,5,6,7,8,9,10,11,12,13,14",0,6554,1638
train,1126,8192,15,"0,1,2,3,4,5,6,7,8,9,10,11,12,13,14",0,6554,1638
train,1127,8192,15,"0,1,2,3,4,5,6,7,8,9,10,11,12,13,14",0,6554,1638
train,1128,8192,12,"0,1,2,3,4,5,8,9,10,11,12,13",0,6554,1638
train,1129,8192,12,"0,1,2,3,4,5,8,9,10,11,12,13",0,6554,1638
train,1130,8192,1,0,1,8192,0
train,1131,8192,1,0,1,8192,0
train,1132,8192,15,"0,1,2,3,4,5,6,7,8,9,10,11,12,13,14",0,6554,1638
train,1133,8192,15,"0,1,2,3,4,5,6,7,8,9,10,11,12,13,14",0,6554,1638
train,1134,8192,14,"0,1,2,3,4,5,6,7,8,9,10,11,13,14",0,6554,1638
train,1135,8192,14,"0,1,2,3,4,5,6,7,8,9,10,11,13,14",0,6554,1638
train,1136,8192,15,"0,1,2,3,4,5,6,7,8,9,10,11,12,13,14",0,6554,1638
train,1137,8192,15,"0,1,2,3,4,5,6,7,8,9,10,11,12,13,14",0,6554,1638
train,1138,8192,15,"0,1,2,3,4,5,6,7,8,9,10,11,12,13,14",0,6554,1638
train,1139,8192,15,"0,1,2,3,4,5,6,7,8,9,10,11,12,13,14",0,6554,1638
train,1140,8192,13,"0,1,2,3,4,5,6,8,9,10,11,12,13",0,6554,1638
train,1141,8192,13,"0,1,2,3,4,5,6,8,9,10,11,12,13",0,6554,1638
train,1142,8192,15,"0,1,2,3,4,5,6,7,8,9,10,11,12,13,14",0,6554,1638
train,1143,8192,15,"0,1,2,3,4,5,6,7,8,9,10,11,12,13,14",0,6554,1638
train,1144,8192,15,"0,1,2,3,4,5,6,7,8,9,10,11,12,13,14",0,6554,1638
train,1145,8192,15,"0,1,2,3,4,5,6,7,8,9,10,11,12,13,14",0,6554,1638
train,1146,8192,14,"0,1,2,4,5,6,7,8,9,10,11,12,13,14",0,6554,1638
train,1147,8192,14,"0,1,2,4,5,6,7,8,9,10,11,12,13,14",0,6554,1638
train,1148,8192,14,"0,1,2,3,4,5,6,8,9,10,11,12,13,14",0,6554,1638
train,1149,8192,14,"0,1,2,3,4,5,6,8,9,10,11,12,13,14",0,6554,1638
train,1150,8192,15,"0,1,2,3,4,5,6,7,8,9,10,11,12,13,14",0,6554,1638
train,1151,8192,15,"0,1,2,3,4,5,6,7,8,9,10,11,12,13,14",0,6554,1638
train,1152,8192,14,"0,1,2,3,4,5,6,8,9,10,11,12,13,14",0,6554,1638
train,1153,8192,14,"0,1,2,3,4,5,6,8,9,10,11,12,13,14",0,6554,1638
train,1154,8192,15,"0,1,2,3,4,5,6,7,8,9,10,11,12,13,14",0,6554,1638
train,1155,8192,15,"0,1,2,3,4,5,6,7,8,9,10,11,12,13,14",0,6554,1638
train,1156,8192,15,"0,1,2,3,4,5,6,7,8,9,10,11,12,13,14",0,6554,1638
train,1157,8192,15,"0,1,2,3,4,5,6,7,8,9,10,11,12,13,14",0,6554,1638
train,1158,8192,13,"0,1,2,4,5,6,7,8,9,11,12,13,14",0,6554,1638
train,1159,8192,13,"0,1,2,4,5,6,7,8,9,11,12,13,14",0,6554,1638
train,1160,8192,13,"0,1,2,3,4,5,6,8,9,10,11,12,13",0,6554,1638
train,1161,8192,13,"0,1,2,3,4,5,6,8,9,10,11,12,13",0,6554,1638
train,1162,8192,15,"0,1,2,3,4,5,6,7,8,9,10,11,12,13,14",0,6554,1638
train,1163,8192,15,"0,1,2,3,4,5,6,7,8,9,10,11,12,13,14",0,6554,1638
train,1164,8192,15,"0,1,2,3,4,5,6,7,8,9,10,11,12,13,14",0,6554,1638
train,1165,8192,15,"0,1,2,3,4,5,6,7,8,9,10,11,12,13,14",0,6554,1638
train,1166,8192,12,"0,1,2,3,4,5,8,9,10,11,12,13",0,6554,1638
train,1167,8192,12,"0,1,2,3,4,5,8,9,10,11,12,13",0,6554,1638
train,1168,8192,15,"0,1,2,3,4,5,6,7,8,9,10,11,12,13,14",0,6554,1638
train,1169,8192,15,"0,1,2,3,4,5,6,7,8,9,10,11,12,13,14",0,6554,1638
train,1170,8192,15,"0,1,2,3,4,5,6,7,8,9,10,11,12,13,14",0,6554,1638
train,1171,8192,15,"0,1,2,3,4,5,6,7,8,9,10,11,12,13,14",0,6554,1638
train,1172,8192,15,"0,1,2,3,4,5,6,7,8,9,10,11,12,13,14",0,6554,1638
train,1173,8192,15,"0,1,2,3,4,5,6,7,8,9,10,11,12,13,14",0,6554,1638
train,1174,8192,15,"0,1,2,3,4,5,6,7,8,9,10,11,12,13,14",0,6554,1638
train,1175,8192,15,"0,1,2,3,4,5,6,7,8,9,10,11,12,13,14",0,6554,1638
train,1176,8192,13,"0,1,2,3,4,5,6,8,9,10,11,12,13",0,6554,1638
train,1177,8192,13,"0,1,2,3,4,5,6,8,9,10,11,12,13",0,6554,1638
train,1178,8192,12,"0,1,2,4,5,6,8,9,10,11,12,13",0,6554,1638
train,1179,8192,12,"0,1,2,4,5,6,8,9,10,11,12,13",0,6554,1638
train,1180,8192,1,0,1,8192,0
train,1181,8192,1,0,1,8192,0
train,1182,8192,13,"0,1,2,3,4,5,6,8,9,10,11,12,13",0,6554,1638
train,1183,8192,13,"0,1,2,3,4,5,6,8,9,10,11,12,13",0,6554,1638
train,1184,8192,15,"0,1,2,3,4,5,6,7,8,9,10,11,12,13,14",0,6554,1638
train,1185,8192,15,"0,1,2,3,4,5,6,7,8,9,10,11,12,13,14",0,6554,1638
train,1186,8192,15,"0,1,2,3,4,5,6,7,8,9,10,11,12,13,14",0,6554,1638
train,1187,8192,15,"0,1,2,3,4,5,6,7,8,9,10,11,12,13,14",0,6554,1638
train,1188,8192,15,"0,1,2,3,4,5,6,7,8,9,10,11,12,13,14",0,6554,1638
train,1189,8192,15,"0,1,2,3,4,5,6,7,8,9,10,11,12,13,14",0,6554,1638
train,1190,8192,15,"0,1,2,3,4,5,6,7,8,9,10,11,12,13,14",0,6554,1638
train,1191,8192,15,"0,1,2,3,4,5,6,7,8,9,10,11,12,13,14",0,6554,1638
train,1192,8192,13,"0,1,2,3,4,5,6,8,9,10,11,12,13",0,6554,1638
train,1193,8192,13,"0,1,2,3,4,5,6,8,9,10,11,12,13",0,6554,1638
train,1194,8192,10,"0,1,2,3,4,6,8,9,11,13",0,6554,1638
train,1195,8192,10,"0,1,2,3,4,6,8,9,11,13",0,6554,1638
train,1196,8192,15,"0,1,2,3,4,5,6,7,8,9,10,11,12,13,14",0,6554,1638
train,1197,8192,15,"0,1,2,3,4,5,6,7,8,9,10,11,12,13,14",0,6554,1638
train,1198,8192,13,"0,1,2,3,4,5,6,8,9,10,11,12,13",0,6554,1638
train,1199,8192,13,"0,1,2,3,4,5,6,8,9,10,11,12,13",0,6554,1638
train,1200,8192,14,"0,1,2,3,4,5,6,7,8,9,10,11,12,14",0,6554,1638
train,1201,8192,14,"0,1,2,3,4,5,6,7,8,9,10,11,12,14",0,6554,1638
train,1202,8192,13,"0,1,2,3,4,6,7,8,9,10,11,13,14",0,6554,1638
train,1203,8192,13,"0,1,2,3,4,6,7,8,9,10,11,13,14",0,6554,1638
train,1204,8192,15,"0,1,2,3,4,5,6,7,8,9,10,11,12,13,14",0,6554,1638
train,1205,8192,15,"0,1,2,3,4,5,6,7,8,9,10,11,12,13,14",0,6554,1638
train,1206,8192,15,"0,1,2,3,4,5,6,7,8,9,10,11,12,13,14",0,6554,1638
train,1207,8192,15,"0,1,2,3,4,5,6,7,8,9,10,11,12,13,14",0,6554,1638
train,1208,8192,15,"0,1,2,3,4,5,6,7,8,9,10,11,12,13,14",0,6554,1638
train,1209,8192,15,"0,1,2,3,4,5,6,7,8,9,10,11,12,13,14",0,6554,1638
train,1210,8192,15,"0,1,2,3,4,5,6,7,8,9,10,11,12,13,14",0,6554,1638
train,1211,8192,15,"0,1,2,3,4,5,6,7,8,9,10,11,12,13,14",0,6554,1638
train,1212,8192,14,"0,1,2,3,4,5,6,8,9,10,11,12,13,14",0,6554,1638
train,1213,8192,14,"0,1,2,3,4,5,6,8,9,10,11,12,13,14",0,6554,1638
train,1214,8192,15,"0,1,2,3,4,5,6,7,8,9,10,11,12,13,14",0,6554,1638
train,1215,8192,15,"0,1,2,3,4,5,6,7,8,9,10,11,12,13,14",0,6554,1638
train,1216,8192,15,"0,1,2,3,4,5,6,7,8,9,10,11,12,13,14",0,6554,1638
train,1217,8192,15,"0,1,2,3,4,5,6,7,8,9,10,11,12,13,14",0,6554,1638
train,1218,8192,15,"0,1,2,3,4,5,6,7,8,9,10,11,12,13,14",0,6554,1638
train,1219,8192,15,"0,1,2,3,4,5,6,7,8,9,10,11,12,13,14",0,6554,1638
train,1220,8192,13,"0,1,2,3,4,5,6,8,9,10,11,12,13",0,6554,1638
train,1221,8192,13,"0,1,2,3,4,5,6,8,9,10,11,12,13",0,6554,1638
train,1222,8192,15,"0,1,2,3,4,5,6,7,8,9,10,11,12,13,14",0,6554,1638
train,1223,8192,15,"0,1,2,3,4,5,6,7,8,9,10,11,12,13,14",0,6554,1638
train,1224,8192,15,"0,1,2,3,4,5,6,7,8,9,10,11,12,13,14",0,6554,1638
train,1225,8192,15,"0,1,2,3,4,5,6,7,8,9,10,11,12,13,14",0,6554,1638
train,1226,8192,12,"0,1,2,3,5,6,7,8,9,11,13,14",0,6554,1638
train,1227,8192,12,"0,1,2,3,5,6,7,8,9,11,13,14",0,6554,1638
train,1228,8192,13,"0,1,2,3,4,5,6,8,9,10,11,12,13",0,6554,1638
train,1229,8192,13,"0,1,2,3,4,5,6,8,9,10,11,12,13",0,6554,1638
train,1230,8192,11,"0,1,2,3,4,5,8,9,10,11,12",0,6554,1638
train,1231,8192,11,"0,1,2,3,4,5,8,9,10,11,12",0,6554,1638
train,1232,8192,15,"0,1,2,3,4,5,6,7,8,9,10,11,12,13,14",0,6554,1638
train,1233,8192,15,"0,1,2,3,4,5,6,7,8,9,10,11,12,13,14",0,6554,1638
train,1234,8192,13,"0,1,2,3,4,5,6,8,9,10,11,12,13",0,6554,1638
train,1235,8192,13,"0,1,2,3,4,5,6,8,9,10,11,12,13",0,6554,1638
train,1236,8192,13,"0,1,2,3,4,5,6,8,9,10,11,12,13",0,6554,1638
train,1237,8192,13,"0,1,2,3,4,5,6,8,9,10,11,12,13",0,6554,1638
train,1238,8192,15,"0,1,2,3,4,5,6,7,8,9,10,11,12,13,14",0,6554,1638
train,1239,8192,15,"0,1,2,3,4,5,6,7,8,9,10,11,12,13,14",0,6554,1638
train,1240,8192,15,"0,1,2,3,4,5,6,7,8,9,10,11,12,13,14",0,6554,1638
train,1241,8192,15,"0,1,2,3,4,5,6,7,8,9,10,11,12,13,14",0,6554,1638
train,1242,8192,15,"0,1,2,3,4,5,6,7,8,9,10,11,12,13,14",0,6554,1638
train,1243,8192,15,"0,1,2,3,4,5,6,7,8,9,10,11,12,13,14",0,6554,1638
train,1244,8192,15,"0,1,2,3,4,5,6,7,8,9,10,11,12,13,14",0,6554,1638
train,1245,8192,15,"0,1,2,3,4,5,6,7,8,9,10,11,12,13,14",0,6554,1638
train,1246,8192,15,"0,1,2,3,4,5,6,7,8,9,10,11,12,13,14",0,6554,1638
train,1247,8192,15,"0,1,2,3,4,5,6,7,8,9,10,11,12,13,14",0,6554,1638
train,1248,8192,15,"0,1,2,3,4,5,6,7,8,9,10,11,12,13,14",0,6554,1638
train,1249,8192,15,"0,1,2,3,4,5,6,7,8,9,10,11,12,13,14",0,6554,1638
train,1250,8192,14,"0,1,2,3,4,5,6,7,8,9,11,12,13,14",0,6554,1638
train,1251,8192,14,"0,1,2,3,4,5,6,7,8,9,11,12,13,14",0,6554,1638
train,1252,8192,15,"0,1,2,3,4,5,6,7,8,9,10,11,12,13,14",0,6554,1638
train,1253,8192,15,"0,1,2,3,4,5,6,7,8,9,10,11,12,13,14",0,6554,1638
train,1254,8192,13,"0,1,2,3,4,5,6,8,9,10,11,12,13",0,6554,1638
train,1255,8192,13,"0,1,2,3,4,5,6,8,9,10,11,12,13",0,6554,1638
train,1256,8192,1,0,1,8192,0
train,1257,8192,1,0,1,8192,0
train,1258,8192,15,"0,1,2,3,4,5,6,7,8,9,10,11,12,13,14",0,6554,1638
train,1259,8192,15,"0,1,2,3,4,5,6,7,8,9,10,11,12,13,14",0,6554,1638
train,1260,8192,15,"0,1,2,3,4,5,6,7,8,9,10,11,12,13,14",0,6554,1638
train,1261,8192,15,"0,1,2,3,4,5,6,7,8,9,10,11,12,13,14",0,6554,1638
train,1262,8192,15,"0,1,2,3,4,5,6,7,8,9,10,11,12,13,14",0,6554,1638
train,1263,8192,15,"0,1,2,3,4,5,6,7,8,9,10,11,12,13,14",0,6554,1638
train,1264,8192,15,"0,1,2,3,4,5,6,7,8,9,10,11,12,13,14",0,6554,1638
train,1265,8192,15,"0,1,2,3,4,5,6,7,8,9,10,11,12,13,14",0,6554,1638
train,1266,8192,13,"0,1,2,3,4,5,6,8,9,10,11,12,13",0,6554,1638
train,1267,8192,13,"0,1,2,3,4,5,6,8,9,10,11,12,13",0,6554,1638
train,1268,8192,15,"0,1,2,3,4,5,6,7,8,9,10,11,12,13,14",0,6554,1638
train,1269,8192,15,"0,1,2,3,4,5,6,7,8,9,10,11,12,13,14",0,6554,1638
train,1270,8192,14,"0,1,2,3,4,5,6,8,9,10,11,12,13,14",0,6554,1638
train,1271,8192,14,"0,1,2,3,4,5,6,8,9,10,11,12,13,14",0,6554,1638
train,1272,8192,15,"0,1,2,3,4,5,6,7,8,9,10,11,12,13,14",0,6554,1638
train,1273,8192,15,"0,1,2,3,4,5,6,7,8,9,10,11,12,13,14",0,6554,1638
train,1274,8192,15,"0,1,2,3,4,5,6,7,8,9,10,11,12,13,14",0,6554,1638
train,1275,8192,15,"0,1,2,3,4,5,6,7,8,9,10,11,12,13,14",0,6554,1638
train,1276,8192,13,"0,1,2,3,4,5,6,8,9,10,11,12,13",0,6554,1638
train,1277,8192,13,"0,1,2,3,4,5,6,8,9,10,11,12,13",0,6554,1638
train,1278,8192,12,"0,1,2,3,4,5,6,8,9,11,12,13",0,6554,1638
train,1279,8192,12,"0,1,2,3,4,5,6,8,9,11,12,13",0,6554,1638
train,1280,8192,13,"0,1,2,3,4,6,7,8,9,10,11,13,14",0,6554,1638
train,1281,8192,13,"0,1,2,3,4,6,7,8,9,10,11,13,14",0,6554,1638
train,1282,8192,1,0,1,8192,0
train,1283,8192,1,0,1,8192,0
train,1284,8192,15,"0,1,2,3,4,5,6,7,8,9,10,11,12,13,14",0,6554,1638
train,1285,8192,15,"0,1,2,3,4,5,6,7,8,9,10,11,12,13,14",0,6554,1638
train,1286,8192,13,"0,1,2,3,4,5,6,7,8,9,10,11,12",0,6554,1638
train,1287,8192,13,"0,1,2,3,4,5,6,7,8,9,10,11,12",0,6554,1638
train,1288,8192,14,"0,1,2,3,4,5,6,7,8,9,10,11,12,14",0,6554,1638
train,1289,8192,14,"0,1,2,3,4,5,6,7,8,9,10,11,12,14",0,6554,1638
train,1290,8192,15,"0,1,2,3,4,5,6,7,8,9,10,11,12,13,14",0,6554,1638
train,1291,8192,15,"0,1,2,3,4,5,6,7,8,9,10,11,12,13,14",0,6554,1638
train,1292,8192,1,0,1,8192,0
train,1293,8192,1,0,1,8192,0
train,1294,8192,14,"0,1,2,4,5,6,7,8,9,10,11,12,13,14",0,6554,1638
train,1295,8192,14,"0,1,2,4,5,6,7,8,9,10,11,12,13,14",0,6554,1638
train,1296,8192,13,"0,1,2,3,4,5,6,8,9,10,11,12,13",0,6554,1638
train,1297,8192,13,"0,1,2,3,4,5,6,8,9,10,11,12,13",0,6554,1638
train,1298,8192,13,"0,1,2,3,4,5,6,8,9,10,11,12,13",0,6554,1638
train,1299,8192,13,"0,1,2,3,4,5,6,8,9,10,11,12,13",0,6554,1638
train,1300,8192,15,"0,1,2,3,4,5,6,7,8,9,10,11,12,13,14",0,6554,1638
train,1301,8192,15,"0,1,2,3,4,5,6,7,8,9,10,11,12,13,14",0,6554,1638
train,1302,8192,13,"0,1,2,3,4,5,6,8,9,10,11,12,13",0,6554,1638
train,1303,8192,13,"0,1,2,3,4,5,6,8,9,10,11,12,13",0,6554,1638
train,1304,8192,15,"0,1,2,3,4,5,6,7,8,9,10,11,12,13,14",0,6554,1638
train,1305,8192,15,"0,1,2,3,4,5,6,7,8,9,10,11,12,13,14",0,6554,1638
train,1306,8192,1,0,1,8192,0
train,1307,8192,1,0,1,8192,0
train,1308,8192,15,"0,1,2,3,4,5,6,7,8,9,10,11,12,13,14",0,6554,1638
train,1309,8192,15,"0,1,2,3,4,5,6,7,8,9,10,11,12,13,14",0,6554,1638
train,1310,8192,13,"0,1,2,3,4,5,6,8,9,10,11,12,13",0,6554,1638
train,1311,8192,13,"0,1,2,3,4,5,6,8,9,10,11,12,13",0,6554,1638
train,1312,8192,15,"0,1,2,3,4,5,6,7,8,9,10,11,12,13,14",0,6554,1638
train,1313,8192,15,"0,1,2,3,4,5,6,7,8,9,10,11,12,13,14",0,6554,1638
train,1314,8192,13,"0,1,2,3,4,5,6,8,9,10,11,12,13",0,6554,1638
train,1315,8192,13,"0,1,2,3,4,5,6,8,9,10,11,12,13",0,6554,1638
train,1316,8192,15,"0,1,2,3,4,5,6,7,8,9,10,11,12,13,14",0,6554,1638
train,1317,8192,15,"0,1,2,3,4,5,6,7,8,9,10,11,12,13,14",0,6554,1638
train,1318,8192,11,"0,1,2,4,5,6,8,9,11,12,13",0,6554,1638
train,1319,8192,11,"0,1,2,4,5,6,8,9,11,12,13",0,6554,1638
train,1320,8192,15,"0,1,2,3,4,5,6,7,8,9,10,11,12,13,14",0,6554,1638
train,1321,8192,15,"0,1,2,3,4,5,6,7,8,9,10,11,12,13,14",0,6554,1638
train,1322,8192,15,"0,1,2,3,4,5,6,7,8,9,10,11,12,13,14",0,6554,1638
train,1323,8192,15,"0,1,2,3,4,5,6,7,8,9,10,11,12,13,14",0,6554,1638
train,1324,8192,15,"0,1,2,3,4,5,6,7,8,9,10,11,12,13,14",0,6554,1638
train,1325,8192,15,"0,1,2,3,4,5,6,7,8,9,10,11,12,13,14",0,6554,1638
train,1326,8192,13,"0,1,2,3,4,5,6,8,9,10,11,12,13",0,6554,1638
train,1327,8192,13,"0,1,2,3,4,5,6,8,9,10,11,12,13",0,6554,1638
train,1328,8192,13,"0,1,2,3,4,5,6,8,9,10,11,12,13",0,6554,1638
train,1329,8192,13,"0,1,2,3,4,5,6,8,9,10,11,12,13",0,6554,1638
train,1330,8192,15,"0,1,2,3,4,5,6,7,8,9,10,11,12,13,14",0,6554,1638
train,1331,8192,15,"0,1,2,3,4,5,6,7,8,9,10,11,12,13,14",0,6554,1638
train,1332,8192,14,"0,1,2,3,4,5,6,7,8,9,10,11,12,14",0,6554,1638
train,1333,8192,14,"0,1,2,3,4,5,6,7,8,9,10,11,12,14",0,6554,1638
train,1334,8192,11,"0,1,2,4,5,6,8,9,11,12,13",0,6554,1638
train,1335,8192,11,"0,1,2,4,5,6,8,9,11,12,13",0,6554,1638
train,1336,8192,13,"0,1,2,3,4,5,6,8,9,10,11,12,13",0,6554,1638
train,1337,8192,13,"0,1,2,3,4,5,6,8,9,10,11,12,13",0,6554,1638
train,1338,8192,14,"0,1,2,3,4,5,6,7,8,9,10,11,12,13",0,6554,1638
train,1339,8192,14,"0,1,2,3,4,5,6,7,8,9,10,11,12,13",0,6554,1638
train,1340,8192,13,"0,1,2,3,5,6,7,8,9,10,12,13,14",0,6554,1638
train,1341,8192,13,"0,1,2,3,5,6,7,8,9,10,12,13,14",0,6554,1638
train,1342,8192,13,"0,1,2,3,4,5,6,8,9,10,11,12,13",0,6554,1638
train,1343,8192,13,"0,1,2,3,4,5,6,8,9,10,11,12,13",0,6554,1638
train,1344,8192,15,"0,1,2,3,4,5,6,7,8,9,10,11,12,13,14",0,6554,1638
train,1345,8192,15,"0,1,2,3,4,5,6,7,8,9,10,11,12,13,14",0,6554,1638
train,1346,8192,13,"0,1,2,3,4,5,6,8,9,10,11,12,13",0,6554,1638
train,1347,8192,13,"0,1,2,3,4,5,6,8,9,10,11,12,13",0,6554,1638
train,1348,8192,12,"0,1,2,3,4,5,8,9,10,11,12,13",0,6554,1638
train,1349,8192,12,"0,1,2,3,4,5,8,9,10,11,12,13",0,6554,1638
train,1350,8192,13,"0,1,2,3,4,5,6,8,9,10,11,12,13",0,6554,1638
train,1351,8192,13,"0,1,2,3,4,5,6,8,9,10,11,12,13",0,6554,1638
train,1352,8192,14,"0,1,2,3,4,5,6,8,9,10,11,12,13,14",0,6554,1638
train,1353,8192,14,"0,1,2,3,4,5,6,8,9,10,11,12,13,14",0,6554,1638
train,1354,8192,15,"0,1,2,3,4,5,6,7,8,9,10,11,12,13,14",0,6554,1638
train,1355,8192,15,"0,1,2,3,4,5,6,7,8,9,10,11,12,13,14",0,6554,1638
train,1356,8192,14,"0,1,2,3,4,5,6,8,9,10,11,12,13,14",0,6554,1638
train,1357,8192,14,"0,1,2,3,4,5,6,8,9,10,11,12,13,14",0,6554,1638
train,1358,8192,13,"0,1,2,3,4,5,6,7,8,9,10,11,12",0,6554,1638
train,1359,8192,13,"0,1,2,3,4,5,6,7,8,9,10,11,12",0,6554,1638
train,1360,8192,15,"0,1,2,3,4,5,6,7,8,9,10,11,12,13,14",0,6554,1638
train,1361,8192,15,"0,1,2,3,4,5,6,7,8,9,10,11,12,13,14",0,6554,1638
train,1362,8192,12,"0,1,2,3,4,5,6,8,9,11,12,13",0,6554,1638
train,1363,8192,12,"0,1,2,3,4,5,6,8,9,11,12,13",0,6554,1638
train,1364,8192,15,"0,1,2,3,4,5,6,7,8,9,10,11,12,13,14",0,6554,1638
train,1365,8192,15,"0,1,2,3,4,5,6,7,8,9,10,11,12,13,14",0,6554,1638
train,1366,8192,12,"0,1,2,4,5,6,8,9,10,11,12,13",0,6554,1638
train,1367,8192,12,"0,1,2,4,5,6,8,9,10,11,12,13",0,6554,1638
train,1368,8192,13,"0,1,2,4,5,6,7,8,9,11,12,13,14",0,6554,1638
train,1369,8192,13,"0,1,2,4,5,6,7,8,9,11,12,13,14",0,6554,1638
train,1370,8192,15,"0,1,2,3,4,5,6,7,8,9,10,11,12,13,14",0,6554,1638
train,1371,8192,15,"0,1,2,3,4,5,6,7,8,9,10,11,12,13,14",0,6554,1638
train,1372,8192,15,"0,1,2,3,4,5,6,7,8,9,10,11,12,13,14",0,6554,1638
train,1373,8192,15,"0,1,2,3,4,5,6,7,8,9,10,11,12,13,14",0,6554,1638
train,1374,8192,15,"0,1,2,3,4,5,6,7,8,9,10,11,12,13,14",0,6554,1638
train,1375,8192,15,"0,1,2,3,4,5,6,7,8,9,10,11,12,13,14",0,6554,1638
train,1376,8192,15,"0,1,2,3,4,5,6,7,8,9,10,11,12,13,14",0,6554,1638
train,1377,8192,15,"0,1,2,3,4,5,6,7,8,9,10,11,12,13,14",0,6554,1638
train,1378,8192,15,"0,1,2,3,4,5,6,7,8,9,10,11,12,13,14",0,6554,1638
train,1379,8192,15,"0,1,2,3,4,5,6,7,8,9,10,11,12,13,14",0,6554,1638
train,1380,8192,15,"0,1,2,3,4,5,6,7,8,9,10,11,12,13,14",0,6554,1638
train,1381,8192,15,"0,1,2,3,4,5,6,7,8,9,10,11,12,13,14",0,6554,1638
train,1382,8192,15,"0,1,2,3,4,5,6,7,8,9,10,11,12,13,14",0,6554,1638
train,1383,8192,15,"0,1,2,3,4,5,6,7,8,9,10,11,12,13,14",0,6554,1638
train,1384,8192,13,"0,1,2,3,4,5,6,8,9,10,11,12,13",0,6554,1638
train,1385,8192,13,"0,1,2,3,4,5,6,8,9,10,11,12,13",0,6554,1638
train,1386,8192,15,"0,1,2,3,4,5,6,7,8,9,10,11,12,13,14",0,6554,1638
train,1387,8192,15,"0,1,2,3,4,5,6,7,8,9,10,11,12,13,14",0,6554,1638
train,1388,8192,15,"0,1,2,3,4,5,6,7,8,9,10,11,12,13,14",0,6554,1638
train,1389,8192,15,"0,1,2,3,4,5,6,7,8,9,10,11,12,13,14",0,6554,1638
train,1390,8192,15,"0,1,2,3,4,5,6,7,8,9,10,11,12,13,14",0,6554,1638
train,1391,8192,15,"0,1,2,3,4,5,6,7,8,9,10,11,12,13,14",0,6554,1638
train,1392,8192,14,"0,1,2,3,4,5,6,7,8,9,10,11,12,13",0,6554,1638
train,1393,8192,14,"0,1,2,3,4,5,6,7,8,9,10,11,12,13",0,6554,1638
train,1394,8192,13,"0,1,2,3,4,5,6,8,9,10,11,12,13",0,6554,1638
train,1395,8192,13,"0,1,2,3,4,5,6,8,9,10,11,12,13",0,6554,1638
train,1396,8192,15,"0,1,2,3,4,5,6,7,8,9,10,11,12,13,14",0,6554,1638
train,1397,8192,15,"0,1,2,3,4,5,6,7,8,9,10,11,12,13,14",0,6554,1638
train,1398,8192,1,0,1,8192,0
train,1399,8192,1,0,1,8192,0
train,1400,8192,15,"0,1,2,3,4,5,6,7,8,9,10,11,12,13,14",0,6554,1638
train,1401,8192,15,"0,1,2,3,4,5,6,7,8,9,10,11,12,13,14",0,6554,1638
train,1402,8192,15,"0,1,2,3,4,5,6,7,8,9,10,11,12,13,14",0,6554,1638
train,1403,8192,15,"0,1,2,3,4,5,6,7,8,9,10,11,12,13,14",0,6554,1638
train,1404,8192,1,0,1,8192,0
train,1405,8192,1,0,1,8192,0
train,1406,8192,15,"0,1,2,3,4,5,6,7,8,9,10,11,12,13,14",0,6554,1638
train,1407,8192,15,"0,1,2,3,4,5,6,7,8,9,10,11,12,13,14",0,6554,1638
train,1408,8192,14,"0,1,2,3,4,5,6,7,8,9,10,11,12,14",0,6554,1638
train,1409,8192,14,"0,1,2,3,4,5,6,7,8,9,10,11,12,14",0,6554,1638
train,1410,8192,12,"0,1,2,3,4,5,6,8,9,11,12,13",0,6554,1638
train,1411,8192,12,"0,1,2,3,4,5,6,8,9,11,12,13",0,6554,1638
train,1412,8192,1,0,1,8192,0
train,1413,8192,1,0,1,8192,0
train,1414,8192,15,"0,1,2,3,4,5,6,7,8,9,10,11,12,13,14",0,6554,1638
train,1415,8192,15,"0,1,2,3,4,5,6,7,8,9,10,11,12,13,14",0,6554,1638
train,1416,8192,13,"0,1,2,3,4,5,6,8,9,10,11,12,13",0,6554,1638
train,1417,8192,13,"0,1,2,3,4,5,6,8,9,10,11,12,13",0,6554,1638
train,1418,8192,15,"0,1,2,3,4,5,6,7,8,9,10,11,12,13,14",0,6554,1638
train,1419,8192,15,"0,1,2,3,4,5,6,7,8,9,10,11,12,13,14",0,6554,1638
train,1420,8192,15,"0,1,2,3,4,5,6,7,8,9,10,11,12,13,14",0,6554,1638
train,1421,8192,15,"0,1,2,3,4,5,6,7,8,9,10,11,12,13,14",0,6554,1638
train,1422,8192,11,"0,1,2,4,5,6,8,9,11,12,13",0,6554,1638
train,1423,8192,11,"0,1,2,4,5,6,8,9,11,12,13",0,6554,1638
train,1424,8192,15,"0,1,2,3,4,5,6,7,8,9,10,11,12,13,14",0,6554,1638
train,1425,8192,15,"0,1,2,3,4,5,6,7,8,9,10,11,12,13,14",0,6554,1638
train,1426,8192,13,"0,1,2,3,4,5,6,8,9,10,11,12,13",0,6554,1638
train,1427,8192,13,"0,1,2,3,4,5,6,8,9,10,11,12,13",0,6554,1638
train,1428,8192,15,"0,1,2,3,4,5,6,7,8,9,10,11,12,13,14",0,6554,1638
train,1429,8192,15,"0,1,2,3,4,5,6,7,8,9,10,11,12,13,14",0,6554,1638
train,1430,8192,15,"0,1,2,3,4,5,6,7,8,9,10,11,12,13,14",0,6554,1638
train,1431,8192,15,"0,1,2,3,4,5,6,7,8,9,10,11,12,13,14",0,6554,1638
train,1432,8192,15,"0,1,2,3,4,5,6,7,8,9,10,11,12,13,14",0,6554,1638
train,1433,8192,15,"0,1,2,3,4,5,6,7,8,9,10,11,12,13,14",0,6554,1638
train,1434,8192,15,"0,1,2,3,4,5,6,7,8,9,10,11,12,13,14",0,6554,1638
train,1435,8192,15,"0,1,2,3,4,5,6,7,8,9,10,11,12,13,14",0,6554,1638
train,1436,8192,15,"0,1,2,3,4,5,6,7,8,9,10,11,12,13,14",0,6554,1638
train,1437,8192,15,"0,1,2,3,4,5,6,7,8,9,10,11,12,13,14",0,6554,1638
train,1438,8192,15,"0,1,2,3,4,5,6,7,8,9,10,11,12,13,14",0,6554,1638
train,1439,8192,15,"0,1,2,3,4,5,6,7,8,9,10,11,12,13,14",0,6554,1638
train,1440,8192,13,"0,1,2,3,4,5,6,8,9,10,11,12,13",0,6554,1638
train,1441,8192,13,"0,1,2,3,4,5,6,8,9,10,11,12,13",0,6554,1638
train,1442,8192,13,"0,1,2,3,4,5,6,8,9,10,11,12,13",0,6554,1638
train,1443,8192,13,"0,1,2,3,4,5,6,8,9,10,11,12,13",0,6554,1638
train,1444,8192,15,"0,1,2,3,4,5,6,7,8,9,10,11,12,13,14",0,6554,1638
train,1445,8192,15,"0,1,2,3,4,5,6,7,8,9,10,11,12,13,14",0,6554,1638
train,1446,8192,13,"0,1,2,3,4,5,6,8,9,10,11,12,13",0,6554,1638
train,1447,8192,13,"0,1,2,3,4,5,6,8,9,10,11,12,13",0,6554,1638
train,1448,8192,15,"0,1,2,3,4,5,6,7,8,9,10,11,12,13,14",0,6554,1638
train,1449,8192,15,"0,1,2,3,4,5,6,7,8,9,10,11,12,13,14",0,6554,1638
train,1450,8192,15,"0,1,2,3,4,5,6,7,8,9,10,11,12,13,14",0,6554,1638
train,1451,8192,15,"0,1,2,3,4,5,6,7,8,9,10,11,12,13,14",0,6554,1638
train,1452,8192,1,0,1,8192,0
train,1453,8192,1,0,1,8192,0
train,1454,8192,13,"0,1,2,3,4,5,6,8,9,10,11,12,13",0,6554,1638
train,1455,8192,13,"0,1,2,3,4,5,6,8,9,10,11,12,13",0,6554,1638
train,1456,8192,15,"0,1,2,3,4,5,6,7,8,9,10,11,12,13,14",0,6554,1638
train,1457,8192,15,"0,1,2,3,4,5,6,7,8,9,10,11,12,13,14",0,6554,1638
train,1458,8192,13,"0,1,2,3,4,6,7,8,9,10,11,13,14",0,6554,1638
train,1459,8192,13,"0,1,2,3,4,6,7,8,9,10,11,13,14",0,6554,1638
train,1460,8192,15,"0,1,2,3,4,5,6,7,8,9,10,11,12,13,14",0,6554,1638
train,1461,8192,15,"0,1,2,3,4,5,6,7,8,9,10,11,12,13,14",0,6554,1638
train,1462,8192,13,"0,1,2,3,4,5,6,8,9,10,11,12,13",0,6554,1638
train,1463,8192,13,"0,1,2,3,4,5,6,8,9,10,11,12,13",0,6554,1638
train,1464,8192,15,"0,1,2,3,4,5,6,7,8,9,10,11,12,13,14",0,6554,1638
train,1465,8192,15,"0,1,2,3,4,5,6,7,8,9,10,11,12,13,14",0,6554,1638
train,1466,8192,13,"0,1,2,3,4,5,6,8,9,10,11,12,13",0,6554,1638
train,1467,8192,13,"0,1,2,3,4,5,6,8,9,10,11,12,13",0,6554,1638
train,1468,8192,15,"0,1,2,3,4,5,6,7,8,9,10,11,12,13,14",0,6554,1638
train,1469,8192,15,"0,1,2,3,4,5,6,7,8,9,10,11,12,13,14",0,6554,1638
train,1470,8192,15,"0,1,2,3,4,5,6,7,8,9,10,11,12,13,14",0,6554,1638
train,1471,8192,15,"0,1,2,3,4,5,6,7,8,9,10,11,12,13,14",0,6554,1638
train,1472,8192,15,"0,1,2,3,4,5,6,7,8,9,10,11,12,13,14",0,6554,1638
train,1473,8192,15,"0,1,2,3,4,5,6,7,8,9,10,11,12,13,14",0,6554,1638
train,1474,8192,15,"0,1,2,3,4,5,6,7,8,9,10,11,12,13,14",0,6554,1638
train,1475,8192,15,"0,1,2,3,4,5,6,7,8,9,10,11,12,13,14",0,6554,1638
train,1476,8192,1,0,1,8192,0
train,1477,8192,1,0,1,8192,0
train,1478,8192,15,"0,1,2,3,4,5,6,7,8,9,10,11,12,13,14",0,6554,1638
train,1479,8192,15,"0,1,2,3,4,5,6,7,8,9,10,11,12,13,14",0,6554,1638
train,1480,8192,13,"0,1,2,3,4,5,6,8,9,10,11,12,13",0,6554,1638
train,1481,8192,13,"0,1,2,3,4,5,6,8,9,10,11,12,13",0,6554,1638
train,1482,8192,1,0,1,8192,0
train,1483,8192,1,0,1,8192,0
train,1484,8192,14,"0,1,2,3,4,5,6,7,8,9,11,12,13,14",0,6554,1638
train,1485,8192,14,"0,1,2,3,4,5,6,7,8,9,11,12,13,14",0,6554,1638
train,1486,8192,1,0,1,8192,0
train,1487,8192,1,0,1,8192,0
train,1488,8192,15,"0,1,2,3,4,5,6,7,8,9,10,11,12,13,14",0,6554,1638
train,1489,8192,15,"0,1,2,3,4,5,6,7,8,9,10,11,12,13,14",0,6554,1638
train,1490,8192,15,"0,1,2,3,4,5,6,7,8,9,10,11,12,13,14",0,6554,1638
train,1491,8192,15,"0,1,2,3,4,5,6,7,8,9,10,11,12,13,14",0,6554,1638
train,1492,8192,15,"0,1,2,3,4,5,6,7,8,9,10,11,12,13,14",0,6554,1638
train,1493,8192,15,"0,1,2,3,4,5,6,7,8,9,10,11,12,13,14",0,6554,1638
train,1494,8192,15,"0,1,2,3,4,5,6,7,8,9,10,11,12,13,14",0,6554,1638
train,1495,8192,15,"0,1,2,3,4,5,6,7,8,9,10,11,12,13,14",0,6554,1638
train,1496,8192,13,"0,1,2,3,4,5,6,8,9,10,11,12,13",0,6554,1638
train,1497,8192,13,"0,1,2,3,4,5,6,8,9,10,11,12,13",0,6554,1638
train,1498,8192,15,"0,1,2,3,4,5,6,7,8,9,10,11,12,13,14",0,6554,1638
train,1499,8192,15,"0,1,2,3,4,5,6,7,8,9,10,11,12,13,14",0,6554,1638
train,1500,8192,12,"0,1,2,3,4,5,6,8,9,11,12,13",0,6554,1638
train,1501,8192,12,"0,1,2,3,4,5,6,8,9,11,12,13",0,6554,1638
train,1502,8192,13,"0,1,2,3,4,5,6,8,9,10,11,12,13",0,6554,1638
train,1503,8192,13,"0,1,2,3,4,5,6,8,9,10,11,12,13",0,6554,1638
train,1504,8192,14,"0,1,2,3,4,5,6,8,9,10,11,12,13,14",0,6554,1638
train,1505,8192,14,"0,1,2,3,4,5,6,8,9,10,11,12,13,14",0,6554,1638
train,1506,8192,15,"0,1,2,3,4,5,6,7,8,9,10,11,12,13,14",0,6554,1638
train,1507,8192,15,"0,1,2,3,4,5,6,7,8,9,10,11,12,13,14",0,6554,1638
train,1508,8192,15,"0,1,2,3,4,5,6,7,8,9,10,11,12,13,14",0,6554,1638
train,1509,8192,15,"0,1,2,3,4,5,6,7,8,9,10,11,12,13,14",0,6554,1638
train,1510,8192,15,"0,1,2,3,4,5,6,7,8,9,10,11,12,13,14",0,6554,1638
train,1511,8192,15,"0,1,2,3,4,5,6,7,8,9,10,11,12,13,14",0,6554,1638
train,1512,8192,13,"0,1,2,3,4,5,6,8,9,10,11,12,13",0,6554,1638
train,1513,8192,13,"0,1,2,3,4,5,6,8,9,10,11,12,13",0,6554,1638
train,1514,8192,15,"0,1,2,3,4,5,6,7,8,9,10,11,12,13,14",0,6554,1638
train,1515,8192,15,"0,1,2,3,4,5,6,7,8,9,10,11,12,13,14",0,6554,1638
train,1516,8192,14,"0,1,2,3,4,5,6,7,8,9,10,11,12,13",0,6554,1638
train,1517,8192,14,"0,1,2,3,4,5,6,7,8,9,10,11,12,13",0,6554,1638
train,1518,8192,15,"0,1,2,3,4,5,6,7,8,9,10,11,12,13,14",0,6554,1638
train,1519,8192,15,"0,1,2,3,4,5,6,7,8,9,10,11,12,13,14",0,6554,1638
train,1520,8192,13,"0,1,2,3,4,5,6,8,9,10,11,12,13",0,6554,1638
train,1521,8192,13,"0,1,2,3,4,5,6,8,9,10,11,12,13",0,6554,1638
train,1522,8192,13,"0,1,2,3,4,5,6,8,9,10,11,12,13",0,6554,1638
train,1523,8192,13,"0,1,2,3,4,5,6,8,9,10,11,12,13",0,6554,1638
train,1524,8192,15,"0,1,2,3,4,5,6,7,8,9,10,11,12,13,14",0,6554,1638
train,1525,8192,15,"0,1,2,3,4,5,6,7,8,9,10,11,12,13,14",0,6554,1638
train,1526,8192,15,"0,1,2,3,4,5,6,7,8,9,10,11,12,13,14",0,6554,1638
train,1527,8192,15,"0,1,2,3,4,5,6,7,8,9,10,11,12,13,14",0,6554,1638
train,1528,8192,15,"0,1,2,3,4,5,6,7,8,9,10,11,12,13,14",0,6554,1638
train,1529,8192,15,"0,1,2,3,4,5,6,7,8,9,10,11,12,13,14",0,6554,1638
train,1530,8192,13,"0,1,2,3,4,5,6,8,9,10,11,12,13",0,6554,1638
train,1531,8192,13,"0,1,2,3,4,5,6,8,9,10,11,12,13",0,6554,1638
train,1532,8192,14,"0,1,2,3,4,5,6,8,9,10,11,12,13,14",0,6554,1638
train,1533,8192,14,"0,1,2,3,4,5,6,8,9,10,11,12,13,14",0,6554,1638
train,1534,8192,15,"0,1,2,3,4,5,6,7,8,9,10,11,12,13,14",0,6554,1638
train,1535,8192,15,"0,1,2,3,4,5,6,7,8,9,10,11,12,13,14",0,6554,1638
train,1536,8192,15,"0,1,2,3,4,5,6,7,8,9,10,11,12,13,14",0,6554,1638
train,1537,8192,15,"0,1,2,3,4,5,6,7,8,9,10,11,12,13,14",0,6554,1638
train,1538,8192,15,"0,1,2,3,4,5,6,7,8,9,10,11,12,13,14",0,6554,1638
train,1539,8192,15,"0,1,2,3,4,5,6,7,8,9,10,11,12,13,14",0,6554,1638
train,1540,8192,15,"0,1,2,3,4,5,6,7,8,9,10,11,12,13,14",0,6554,1638
train,1541,8192,15,"0,1,2,3,4,5,6,7,8,9,10,11,12,13,14",0,6554,1638
train,1542,8192,15,"0,1,2,3,4,5,6,7,8,9,10,11,12,13,14",0,6554,1638
train,1543,8192,15,"0,1,2,3,4,5,6,7,8,9,10,11,12,13,14",0,6554,1638
train,1544,8192,15,"0,1,2,3,4,5,6,7,8,9,10,11,12,13,14",0,6554,1638
train,1545,8192,15,"0,1,2,3,4,5,6,7,8,9,10,11,12,13,14",0,6554,1638
train,1546,8192,12,"0,1,2,3,4,5,6,8,9,11,12,13",0,6554,1638
train,1547,8192,12,"0,1,2,3,4,5,6,8,9,11,12,13",0,6554,1638
train,1548,8192,15,"0,1,2,3,4,5,6,7,8,9,10,11,12,13,14",0,6554,1638
train,1549,8192,15,"0,1,2,3,4,5,6,7,8,9,10,11,12,13,14",0,6554,1638
train,1550,8192,1,0,1,8192,0
train,1551,8192,1,0,1,8192,0
train,1552,8192,15,"0,1,2,3,4,5,6,7,8,9,10,11,12,13,14",0,6554,1638
train,1553,8192,15,"0,1,2,3,4,5,6,7,8,9,10,11,12,13,14",0,6554,1638
train,1554,8192,11,"0,1,2,4,5,6,8,9,11,12,13",0,6554,1638
train,1555,8192,11,"0,1,2,4,5,6,8,9,11,12,13",0,6554,1638
train,1556,8192,1,0,1,8192,0
train,1557,8192,1,0,1,8192,0
train,1558,8192,14,"0,1,2,3,4,5,6,8,9,10,11,12,13,14",0,6554,1638
train,1559,8192,14,"0,1,2,3,4,5,6,8,9,10,11,12,13,14",0,6554,1638
train,1560,8192,12,"0,1,3,4,5,6,8,9,10,11,12,13",0,6554,1638
train,1561,8192,12,"0,1,3,4,5,6,8,9,10,11,12,13",0,6554,1638
train,1562,8192,15,"0,1,2,3,4,5,6,7,8,9,10,11,12,13,14",0,6554,1638
train,1563,8192,15,"0,1,2,3,4,5,6,7,8,9,10,11,12,13,14",0,6554,1638
train,1564,8192,15,"0,1,2,3,4,5,6,7,8,9,10,11,12,13,14",0,6554,1638
train,1565,8192,15,"0,1,2,3,4,5,6,7,8,9,10,11,12,13,14",0,6554,1638
train,1566,8192,15,"0,1,2,3,4,5,6,7,8,9,10,11,12,13,14",0,6554,1638
train,1567,8192,15,"0,1,2,3,4,5,6,7,8,9,10,11,12,13,14",0,6554,1638
train,1568,8192,15,"0,1,2,3,4,5,6,7,8,9,10,11,12,13,14",0,6554,1638
train,1569,8192,15,"0,1,2,3,4,5,6,7,8,9,10,11,12,13,14",0,6554,1638
train,1570,8192,13,"0,1,2,3,4,5,6,8,9,10,11,12,13",0,6554,1638
train,1571,8192,13,"0,1,2,3,4,5,6,8,9,10,11,12,13",0,6554,1638
train,1572,8192,15,"0,1,2,3,4,5,6,7,8,9,10,11,12,13,14",0,6554,1638
train,1573,8192,15,"0,1,2,3,4,5,6,7,8,9,10,11,12,13,14",0,6554,1638
train,1574,8192,15,"0,1,2,3,4,5,6,7,8,9,10,11,12,13,14",0,6554,1638
train,1575,8192,15,"0,1,2,3,4,5,6,7,8,9,10,11,12,13,14",0,6554,1638
train,1576,8192,15,"0,1,2,3,4,5,6,7,8,9,10,11,12,13,14",0,6554,1638
train,1577,8192,15,"0,1,2,3,4,5,6,7,8,9,10,11,12,13,14",0,6554,1638
train,1578,8192,13,"0,1,2,3,4,5,6,8,9,10,11,12,13",0,6554,1638
train,1579,8192,13,"0,1,2,3,4,5,6,8,9,10,11,12,13",0,6554,1638
train,1580,8192,13,"0,1,2,3,4,5,6,8,9,10,11,12,13",0,6554,1638
train,1581,8192,13,"0,1,2,3,4,5,6,8,9,10,11,12,13",0,6554,1638
train,1582,8192,15,"0,1,2,3,4,5,6,7,8,9,10,11,12,13,14",0,6554,1638
train,1583,8192,15,"0,1,2,3,4,5,6,7,8,9,10,11,12,13,14",0,6554,1638
train,1584,8192,15,"0,1,2,3,4,5,6,7,8,9,10,11,12,13,14",0,6554,1638
train,1585,8192,15,"0,1,2,3,4,5,6,7,8,9,10,11,12,13,14",0,6554,1638
train,1586,8192,15,"0,1,2,3,4,5,6,7,8,9,10,11,12,13,14",0,6554,1638
train,1587,8192,15,"0,1,2,3,4,5,6,7,8,9,10,11,12,13,14",0,6554,1638
train,1588,8192,14,"0,1,2,3,4,5,6,8,9,10,11,12,13,14",0,6554,1638
train,1589,8192,14,"0,1,2,3,4,5,6,8,9,10,11,12,13,14",0,6554,1638
train,1590,8192,15,"0,1,2,3,4,5,6,7,8,9,10,11,12,13,14",0,6554,1638
train,1591,8192,15,"0,1,2,3,4,5,6,7,8,9,10,11,12,13,14",0,6554,1638
train,1592,8192,15,"0,1,2,3,4,5,6,7,8,9,10,11,12,13,14",0,6554,1638
train,1593,8192,15,"0,1,2,3,4,5,6,7,8,9,10,11,12,13,14",0,6554,1638
train,1594,8192,15,"0,1,2,3,4,5,6,7,8,9,10,11,12,13,14",0,6554,1638
train,1595,8192,15,"0,1,2,3,4,5,6,7,8,9,10,11,12,13,14",0,6554,1638
train,1596,8192,11,"0,1,2,4,5,6,8,9,11,12,13",0,6554,1638
train,1597,8192,11,"0,1,2,4,5,6,8,9,11,12,13",0,6554,1638
train,1598,8192,15,"0,1,2,3,4,5,6,7,8,9,10,11,12,13,14",0,6554,1638
train,1599,8192,15,"0,1,2,3,4,5,6,7,8,9,10,11,12,13,14",0,6554,1638
train,1600,8192,14,"0,1,2,3,4,5,6,7,8,9,10,11,13,14",0,6554,1638
train,1601,8192,14,"0,1,2,3,4,5,6,7,8,9,10,11,13,14",0,6554,1638
train,1602,8192,15,"0,1,2,3,4,5,6,7,8,9,10,11,12,13,14",0,6554,1638
train,1603,8192,15,"0,1,2,3,4,5,6,7,8,9,10,11,12,13,14",0,6554,1638
train,1604,8192,14,"0,1,2,3,4,5,6,8,9,10,11,12,13,14",0,6554,1638
train,1605,8192,14,"0,1,2,3,4,5,6,8,9,10,11,12,13,14",0,6554,1638
train,1606,8192,14,"0,1,2,3,4,5,6,7,8,9,10,11,12,13",0,6554,1638
train,1607,8192,14,"0,1,2,3,4,5,6,7,8,9,10,11,12,13",0,6554,1638
train,1608,8192,10,"0,1,2,4,6,8,9,11,12,13",0,6554,1638
train,1609,8192,10,"0,1,2,4,6,8,9,11,12,13",0,6554,1638
train,1610,8192,13,"0,1,2,3,4,5,6,8,9,10,11,12,13",0,6554,1638
train,1611,8192,13,"0,1,2,3,4,5,6,8,9,10,11,12,13",0,6554,1638
train,1612,8192,13,"0,1,2,3,4,5,6,8,9,10,11,12,13",0,6554,1638
train,1613,8192,13,"0,1,2,3,4,5,6,8,9,10,11,12,13",0,6554,1638
train,1614,8192,1,0,1,8192,0
train,1615,8192,1,0,1,8192,0
train,1616,8192,14,"0,1,2,3,4,5,6,7,8,9,10,12,13,14",0,6554,1638
train,1617,8192,14,"0,1,2,3,4,5,6,7,8,9,10,12,13,14",0,6554,1638
train,1618,8192,15,"0,1,2,3,4,5,6,7,8,9,10,11,12,13,14",0,6554,1638
train,1619,8192,15,"0,1,2,3,4,5,6,7,8,9,10,11,12,13,14",0,6554,1638
train,1620,8192,15,"0,1,2,3,4,5,6,7,8,9,10,11,12,13,14",0,6554,1638
train,1621,8192,15,"0,1,2,3,4,5,6,7,8,9,10,11,12,13,14",0,6554,1638
train,1622,8192,13,"0,1,2,3,4,5,6,8,9,10,11,12,13",0,6554,1638
train,1623,8192,13,"0,1,2,3,4,5,6,8,9,10,11,12,13",0,6554,1638
train,1624,8192,14,"0,1,2,3,4,5,6,7,8,9,10,11,12,13",0,6554,1638
train,1625,8192,14,"0,1,2,3,4,5,6,7,8,9,10,11,12,13",0,6554,1638
train,1626,8192,15,"0,1,2,3,4,5,6,7,8,9,10,11,12,13,14",0,6554,1638
train,1627,8192,15,"0,1,2,3,4,5,6,7,8,9,10,11,12,13,14",0,6554,1638
train,1628,8192,15,"0,1,2,3,4,5,6,7,8,9,10,11,12,13,14",0,6554,1638
train,1629,8192,15,"0,1,2,3,4,5,6,7,8,9,10,11,12,13,14",0,6554,1638
train,1630,8192,15,"0,1,2,3,4,5,6,7,8,9,10,11,12,13,14",0,6554,1638
train,1631,8192,15,"0,1,2,3,4,5,6,7,8,9,10,11,12,13,14",0,6554,1638
train,1632,8192,15,"0,1,2,3,4,5,6,7,8,9,10,11,12,13,14",0,6554,1638
train,1633,8192,15,"0,1,2,3,4,5,6,7,8,9,10,11,12,13,14",0,6554,1638
train,1634,8192,15,"0,1,2,3,4,5,6,7,8,9,10,11,12,13,14",0,6554,1638
train,1635,8192,15,"0,1,2,3,4,5,6,7,8,9,10,11,12,13,14",0,6554,1638
train,1636,8192,15,"0,1,2,3,4,5,6,7,8,9,10,11,12,13,14",0,6554,1638
train,1637,8192,15,"0,1,2,3,4,5,6,7,8,9,10,11,12,13,14",0,6554,1638
train,1638,8192,13,"0,1,2,3,4,5,6,8,9,10,11,12,13",0,6554,1638
train,1639,8192,13,"0,1,2,3,4,5,6,8,9,10,11,12,13",0,6554,1638
train,1640,8192,15,"0,1,2,3,4,5,6,7,8,9,10,11,12,13,14",0,6554,1638
train,1641,8192,15,"0,1,2,3,4,5,6,7,8,9,10,11,12,13,14",0,6554,1638
train,1642,8192,15,"0,1,2,3,4,5,6,7,8,9,10,11,12,13,14",0,6554,1638
train,1643,8192,15,"0,1,2,3,4,5,6,7,8,9,10,11,12,13,14",0,6554,1638
train,1644,8192,15,"0,1,2,3,4,5,6,7,8,9,10,11,12,13,14",0,6554,1638
train,1645,8192,15,"0,1,2,3,4,5,6,7,8,9,10,11,12,13,14",0,6554,1638
train,1646,8192,15,"0,1,2,3,4,5,6,7,8,9,10,11,12,13,14",0,6554,1638
train,1647,8192,15,"0,1,2,3,4,5,6,7,8,9,10,11,12,13,14",0,6554,1638
train,1648,8192,14,"0,1,2,3,4,5,6,8,9,10,11,12,13,14",0,6554,1638
train,1649,8192,14,"0,1,2,3,4,5,6,8,9,10,11,12,13,14",0,6554,1638
train,1650,8192,1,0,1,8192,0
train,1651,8192,1,0,1,8192,0
train,1652,8192,14,"0,1,2,3,4,5,6,8,9,10,11,12,13,14",0,6554,1638
train,1653,8192,14,"0,1,2,3,4,5,6,8,9,10,11,12,13,14",0,6554,1638
train,1654,8192,15,"0,1,2,3,4,5,6,7,8,9,10,11,12,13,14",0,6554,1638
train,1655,8192,15,"0,1,2,3,4,5,6,7,8,9,10,11,12,13,14",0,6554,1638
train,1656,8192,15,"0,1,2,3,4,5,6,7,8,9,10,11,12,13,14",0,6554,1638
train,1657,8192,15,"0,1,2,3,4,5,6,7,8,9,10,11,12,13,14",0,6554,1638
train,1658,8192,13,"0,1,2,3,4,5,7,8,9,10,11,12,13",0,6554,1638
train,1659,8192,13,"0,1,2,3,4,5,7,8,9,10,11,12,13",0,6554,1638
train,1660,8192,15,"0,1,2,3,4,5,6,7,8,9,10,11,12,13,14",0,6554,1638
train,1661,8192,15,"0,1,2,3,4,5,6,7,8,9,10,11,12,13,14",0,6554,1638
train,1662,8192,13,"0,1,2,3,4,5,6,8,9,10,11,13,14",0,6554,1638
train,1663,8192,13,"0,1,2,3,4,5,6,8,9,10,11,13,14",0,6554,1638
train,1664,8192,15,"0,1,2,3,4,5,6,7,8,9,10,11,12,13,14",0,6554,1638
train,1665,8192,15,"0,1,2,3,4,5,6,7,8,9,10,11,12,13,14",0,6554,1638
train,1666,8192,15,"0,1,2,3,4,5,6,7,8,9,10,11,12,13,14",0,6554,1638
train,1667,8192,15,"0,1,2,3,4,5,6,7,8,9,10,11,12,13,14",0,6554,1638
train,1668,8192,15,"0,1,2,3,4,5,6,7,8,9,10,11,12,13,14",0,6554,1638
train,1669,8192,15,"0,1,2,3,4,5,6,7,8,9,10,11,12,13,14",0,6554,1638
train,1670,8192,12,"0,1,2,3,5,6,8,9,10,11,12,13",0,6554,1638
train,1671,8192,12,"0,1,2,3,5,6,8,9,10,11,12,13",0,6554,1638
train,1672,8192,15,"0,1,2,3,4,5,6,7,8,9,10,11,12,13,14",0,6554,1638
train,1673,8192,15,"0,1,2,3,4,5,6,7,8,9,10,11,12,13,14",0,6554,1638
train,1674,8192,12,"0,1,2,4,5,6,8,9,10,11,12,13",0,6554,1638
train,1675,8192,12,"0,1,2,4,5,6,8,9,10,11,12,13",0,6554,1638
train,1676,8192,14,"0,1,2,3,4,5,6,8,9,10,11,12,13,14",0,6554,1638
train,1677,8192,14,"0,1,2,3,4,5,6,8,9,10,11,12,13,14",0,6554,1638
train,1678,8192,15,"0,1,2,3,4,5,6,7,8,9,10,11,12,13,14",0,6554,1638
train,1679,8192,15,"0,1,2,3,4,5,6,7,8,9,10,11,12,13,14",0,6554,1638
train,1680,8192,15,"0,1,2,3,4,5,6,7,8,9,10,11,12,13,14",0,6554,1638
train,1681,8192,15,"0,1,2,3,4,5,6,7,8,9,10,11,12,13,14",0,6554,1638
train,1682,8192,14,"0,1,2,3,4,5,6,7,8,9,10,11,12,13",0,6554,1638
train,1683,8192,14,"0,1,2,3,4,5,6,7,8,9,10,11,12,13",0,6554,1638
train,1684,8192,15,"0,1,2,3,4,5,6,7,8,9,10,11,12,13,14",0,6554,1638
train,1685,8192,15,"0,1,2,3,4,5,6,7,8,9,10,11,12,13,14",0,6554,1638
train,1686,8192,13,"0,1,2,3,4,5,6,8,9,10,11,12,13",0,6554,1638
train,1687,8192,13,"0,1,2,3,4,5,6,8,9,10,11,12,13",0,6554,1638
train,1688,8192,12,"0,1,2,4,5,6,8,9,10,11,12,13",0,6554,1638
train,1689,8192,12,"0,1,2,4,5,6,8,9,10,11,12,13",0,6554,1638
train,1690,8192,13,"0,1,2,4,5,6,8,9,10,11,12,13,14",0,6554,1638
train,1691,8192,13,"0,1,2,4,5,6,8,9,10,11,12,13,14",0,6554,1638
train,1692,8192,13,"0,1,2,4,5,6,7,8,9,10,11,12,13",0,6554,1638
train,1693,8192,13,"0,1,2,4,5,6,7,8,9,10,11,12,13",0,6554,1638
train,1694,8192,15,"0,1,2,3,4,5,6,7,8,9,10,11,12,13,14",0,6554,1638
train,1695,8192,15,"0,1,2,3,4,5,6,7,8,9,10,11,12,13,14",0,6554,1638
train,1696,8192,15,"0,1,2,3,4,5,6,7,8,9,10,11,12,13,14",0,6554,1638
train,1697,8192,15,"0,1,2,3,4,5,6,7,8,9,10,11,12,13,14",0,6554,1638
train,1698,8192,15,"0,1,2,3,4,5,6,7,8,9,10,11,12,13,14",0,6554,1638
train,1699,8192,15,"0,1,2,3,4,5,6,7,8,9,10,11,12,13,14",0,6554,1638
train,1700,8192,15,"0,1,2,3,4,5,6,7,8,9,10,11,12,13,14",0,6554,1638
train,1701,8192,15,"0,1,2,3,4,5,6,7,8,9,10,11,12,13,14",0,6554,1638
train,1702,8192,15,"0,1,2,3,4,5,6,7,8,9,10,11,12,13,14",0,6554,1638
train,1703,8192,15,"0,1,2,3,4,5,6,7,8,9,10,11,12,13,14",0,6554,1638
train,1704,8192,15,"0,1,2,3,4,5,6,7,8,9,10,11,12,13,14",0,6554,1638
train,1705,8192,15,"0,1,2,3,4,5,6,7,8,9,10,11,12,13,14",0,6554,1638
train,1706,8192,12,"0,1,2,3,4,6,8,9,10,11,12,13",0,6554,1638
train,1707,8192,12,"0,1,2,3,4,6,8,9,10,11,12,13",0,6554,1638
train,1708,8192,13,"0,1,2,3,4,5,6,8,9,10,11,12,13",0,6554,1638
train,1709,8192,13,"0,1,2,3,4,5,6,8,9,10,11,12,13",0,6554,1638
train,1710,8192,15,"0,1,2,3,4,5,6,7,8,9,10,11,12,13,14",0,6554,1638
train,1711,8192,15,"0,1,2,3,4,5,6,7,8,9,10,11,12,13,14",0,6554,1638
train,1712,8192,15,"0,1,2,3,4,5,6,7,8,9,10,11,12,13,14",0,6554,1638
train,1713,8192,15,"0,1,2,3,4,5,6,7,8,9,10,11,12,13,14",0,6554,1638
train,1714,8192,13,"0,1,2,3,4,5,6,7,8,9,10,11,12",0,6554,1638
train,1715,8192,13,"0,1,2,3,4,5,6,7,8,9,10,11,12",0,6554,1638
train,1716,8192,15,"0,1,2,3,4,5,6,7,8,9,10,11,12,13,14",0,6554,1638
train,1717,8192,15,"0,1,2,3,4,5,6,7,8,9,10,11,12,13,14",0,6554,1638
train,1718,8192,15,"0,1,2,3,4,5,6,7,8,9,10,11,12,13,14",0,6554,1638
train,1719,8192,15,"0,1,2,3,4,5,6,7,8,9,10,11,12,13,14",0,6554,1638
train,1720,8192,15,"0,1,2,3,4,5,6,7,8,9,10,11,12,13,14",0,6554,1638
train,1721,8192,15,"0,1,2,3,4,5,6,7,8,9,10,11,12,13,14",0,6554,1638
train,1722,8192,15,"0,1,2,3,4,5,6,7,8,9,10,11,12,13,14",0,6554,1638
train,1723,8192,15,"0,1,2,3,4,5,6,7,8,9,10,11,12,13,14",0,6554,1638
train,1724,8192,15,"0,1,2,3,4,5,6,7,8,9,10,11,12,13,14",0,6554,1638
train,1725,8192,15,"0,1,2,3,4,5,6,7,8,9,10,11,12,13,14",0,6554,1638
train,1726,8192,15,"0,1,2,3,4,5,6,7,8,9,10,11,12,13,14",0,6554,1638
train,1727,8192,15,"0,1,2,3,4,5,6,7,8,9,10,11,12,13,14",0,6554,1638
train,1728,8192,15,"0,1,2,3,4,5,6,7,8,9,10,11,12,13,14",0,6554,1638
train,1729,8192,15,"0,1,2,3,4,5,6,7,8,9,10,11,12,13,14",0,6554,1638
train,1730,8192,15,"0,1,2,3,4,5,6,7,8,9,10,11,12,13,14",0,6554,1638
train,1731,8192,15,"0,1,2,3,4,5,6,7,8,9,10,11,12,13,14",0,6554,1638
train,1732,8192,15,"0,1,2,3,4,5,6,7,8,9,10,11,12,13,14",0,6554,1638
train,1733,8192,15,"0,1,2,3,4,5,6,7,8,9,10,11,12,13,14",0,6554,1638
train,1734,8192,15,"0,1,2,3,4,5,6,7,8,9,10,11,12,13,14",0,6554,1638
train,1735,8192,15,"0,1,2,3,4,5,6,7,8,9,10,11,12,13,14",0,6554,1638
train,1736,8192,13,"0,1,2,3,4,5,6,8,9,10,11,12,13",0,6554,1638
train,1737,8192,13,"0,1,2,3,4,5,6,8,9,10,11,12,13",0,6554,1638
train,1738,8192,14,"0,1,2,3,4,5,6,8,9,10,11,12,13,14",0,6554,1638
train,1739,8192,14,"0,1,2,3,4,5,6,8,9,10,11,12,13,14",0,6554,1638
train,1740,8192,13,"0,1,2,3,4,5,6,8,9,10,11,12,13",0,6554,1638
train,1741,8192,13,"0,1,2,3,4,5,6,8,9,10,11,12,13",0,6554,1638
train,1742,8192,1,0,1,8192,0
train,1743,8192,1,0,1,8192,0
train,1744,8192,15,"0,1,2,3,4,5,6,7,8,9,10,11,12,13,14",0,6554,1638
train,1745,8192,15,"0,1,2,3,4,5,6,7,8,9,10,11,12,13,14",0,6554,1638
train,1746,8192,15,"0,1,2,3,4,5,6,7,8,9,10,11,12,13,14",0,6554,1638
train,1747,8192,15,"0,1,2,3,4,5,6,7,8,9,10,11,12,13,14",0,6554,1638
train,1748,8192,14,"0,1,2,3,4,5,6,7,8,9,10,11,12,13",0,6554,1638
train,1749,8192,14,"0,1,2,3,4,5,6,7,8,9,10,11,12,13",0,6554,1638
train,1750,8192,10,"0,1,3,5,6,7,8,11,13,14",0,6554,1638
train,1751,8192,10,"0,1,3,5,6,7,8,11,13,14",0,6554,1638
train,1752,8192,15,"0,1,2,3,4,5,6,7,8,9,10,11,12,13,14",0,6554,1638
train,1753,8192,15,"0,1,2,3,4,5,6,7,8,9,10,11,12,13,14",0,6554,1638
train,1754,8192,15,"0,1,2,3,4,5,6,7,8,9,10,11,12,13,14",0,6554,1638
train,1755,8192,15,"0,1,2,3,4,5,6,7,8,9,10,11,12,13,14",0,6554,1638
train,1756,8192,1,0,1,8192,0
train,1757,8192,1,0,1,8192,0
train,1758,8192,15,"0,1,2,3,4,5,6,7,8,9,10,11,12,13,14",0,6554,1638
train,1759,8192,15,"0,1,2,3,4,5,6,7,8,9,10,11,12,13,14",0,6554,1638
train,1760,8192,11,"0,1,2,4,5,6,8,9,10,11,13",0,6554,1638
train,1761,8192,11,"0,1,2,4,5,6,8,9,10,11,13",0,6554,1638
train,1762,8192,11,"0,1,2,3,4,6,8,9,11,12,13",0,6554,1638
train,1763,8192,11,"0,1,2,3,4,6,8,9,11,12,13",0,6554,1638
train,1764,8192,12,"0,1,2,4,5,6,8,9,10,11,12,13",0,6554,1638
train,1765,8192,12,"0,1,2,4,5,6,8,9,10,11,12,13",0,6554,1638
train,1766,8192,14,"0,1,2,3,4,5,6,7,8,9,11,12,13,14",0,6554,1638
train,1767,8192,14,"0,1,2,3,4,5,6,7,8,9,11,12,13,14",0,6554,1638
train,1768,8192,15,"0,1,2,3,4,5,6,7,8,9,10,11,12,13,14",0,6554,1638
train,1769,8192,15,"0,1,2,3,4,5,6,7,8,9,10,11,12,13,14",0,6554,1638
train,1770,8192,15,"0,1,2,3,4,5,6,7,8,9,10,11,12,13,14",0,6554,1638
train,1771,8192,15,"0,1,2,3,4,5,6,7,8,9,10,11,12,13,14",0,6554,1638
train,1772,8192,15,"0,1,2,3,4,5,6,7,8,9,10,11,12,13,14",0,6554,1638
train,1773,8192,15,"0,1,2,3,4,5,6,7,8,9,10,11,12,13,14",0,6554,1638
train,1774,8192,13,"0,1,2,3,4,5,6,8,9,10,11,12,13",0,6554,1638
train,1775,8192,13,"0,1,2,3,4,5,6,8,9,10,11,12,13",0,6554,1638
train,1776,8192,15,"0,1,2,3,4,5,6,7,8,9,10,11,12,13,14",0,6554,1638
train,1777,8192,15,"0,1,2,3,4,5,6,7,8,9,10,11,12,13,14",0,6554,1638
train,1778,8192,15,"0,1,2,3,4,5,6,7,8,9,10,11,12,13,14",0,6554,1638
train,1779,8192,15,"0,1,2,3,4,5,6,7,8,9,10,11,12,13,14",0,6554,1638
train,1780,8192,15,"0,1,2,3,4,5,6,7,8,9,10,11,12,13,14",0,6554,1638
train,1781,8192,15,"0,1,2,3,4,5,6,7,8,9,10,11,12,13,14",0,6554,1638
train,1782,8192,14,"0,1,2,3,4,5,6,7,8,9,11,12,13,14",0,6554,1638
train,1783,8192,14,"0,1,2,3,4,5,6,7,8,9,11,12,13,14",0,6554,1638
train,1784,8192,13,"0,1,2,3,4,5,6,8,9,10,11,12,13",0,6554,1638
train,1785,8192,13,"0,1,2,3,4,5,6,8,9,10,11,12,13",0,6554,1638
train,1786,8192,15,"0,1,2,3,4,5,6,7,8,9,10,11,12,13,14",0,6554,1638
train,1787,8192,15,"0,1,2,3,4,5,6,7,8,9,10,11,12,13,14",0,6554,1638
train,1788,8192,15,"0,1,2,3,4,5,6,7,8,9,10,11,12,13,14",0,6554,1638
train,1789,8192,15,"0,1,2,3,4,5,6,7,8,9,10,11,12,13,14",0,6554,1638
train,1790,8192,15,"0,1,2,3,4,5,6,7,8,9,10,11,12,13,14",0,6554,1638
train,1791,8192,15,"0,1,2,3,4,5,6,7,8,9,10,11,12,13,14",0,6554,1638
train,1792,8192,15,"0,1,2,3,4,5,6,7,8,9,10,11,12,13,14",0,6554,1638
train,1793,8192,15,"0,1,2,3,4,5,6,7,8,9,10,11,12,13,14",0,6554,1638
train,1794,8192,15,"0,1,2,3,4,5,6,7,8,9,10,11,12,13,14",0,6554,1638
train,1795,8192,15,"0,1,2,3,4,5,6,7,8,9,10,11,12,13,14",0,6554,1638
train,1796,8192,14,"0,1,2,3,4,5,6,7,8,9,10,11,12,13",0,6554,1638
train,1797,8192,14,"0,1,2,3,4,5,6,7,8,9,10,11,12,13",0,6554,1638
train,1798,8192,13,"0,1,2,3,5,6,7,8,9,10,11,13,14",0,6554,1638
train,1799,8192,13,"0,1,2,3,5,6,7,8,9,10,11,13,14",0,6554,1638
train,1800,8192,15,"0,1,2,3,4,5,6,7,8,9,10,11,12,13,14",0,6554,1638
train,1801,8192,15,"0,1,2,3,4,5,6,7,8,9,10,11,12,13,14",0,6554,1638
train,1802,8192,13,"0,1,2,3,4,5,6,8,9,10,11,12,13",0,6554,1638
train,1803,8192,13,"0,1,2,3,4,5,6,8,9,10,11,12,13",0,6554,1638
train,1804,8192,15,"0,1,2,3,4,5,6,7,8,9,10,11,12,13,14",0,6554,1638
train,1805,8192,15,"0,1,2,3,4,5,6,7,8,9,10,11,12,13,14",0,6554,1638
train,1806,8192,15,"0,1,2,3,4,5,6,7,8,9,10,11,12,13,14",0,6554,1638
train,1807,8192,15,"0,1,2,3,4,5,6,7,8,9,10,11,12,13,14",0,6554,1638
train,1808,8192,13,"0,1,2,3,4,5,6,8,9,10,11,12,13",0,6554,1638
train,1809,8192,13,"0,1,2,3,4,5,6,8,9,10,11,12,13",0,6554,1638
train,1810,8192,15,"0,1,2,3,4,5,6,7,8,9,10,11,12,13,14",0,6554,1638
train,1811,8192,15,"0,1,2,3,4,5,6,7,8,9,10,11,12,13,14",0,6554,1638
train,1812,8192,11,"0,1,2,4,5,6,8,9,11,12,13",0,6554,1638
train,1813,8192,11,"0,1,2,4,5,6,8,9,11,12,13",0,6554,1638
train,1814,8192,15,"0,1,2,3,4,5,6,7,8,9,10,11,12,13,14",0,6554,1638
train,1815,8192,15,"0,1,2,3,4,5,6,7,8,9,10,11,12,13,14",0,6554,1638
train,1816,8192,11,"0,1,2,4,5,6,8,9,11,12,13",0,6554,1638
train,1817,8192,11,"0,1,2,4,5,6,8,9,11,12,13",0,6554,1638
train,1818,8192,14,"0,1,3,4,5,6,7,8,9,10,11,12,13,14",0,6554,1638
train,1819,8192,14,"0,1,3,4,5,6,7,8,9,10,11,12,13,14",0,6554,1638
train,1820,8192,15,"0,1,2,3,4,5,6,7,8,9,10,11,12,13,14",0,6554,1638
train,1821,8192,15,"0,1,2,3,4,5,6,7,8,9,10,11,12,13,14",0,6554,1638
train,1822,8192,15,"0,1,2,3,4,5,6,7,8,9,10,11,12,13,14",0,6554,1638
train,1823,8192,15,"0,1,2,3,4,5,6,7,8,9,10,11,12,13,14",0,6554,1638
train,1824,8192,14,"0,1,2,3,4,5,6,7,8,9,10,11,12,13",0,6554,1638
train,1825,8192,14,"0,1,2,3,4,5,6,7,8,9,10,11,12,13",0,6554,1638
train,1826,8192,15,"0,1,2,3,4,5,6,7,8,9,10,11,12,13,14",0,6554,1638
train,1827,8192,15,"0,1,2,3,4,5,6,7,8,9,10,11,12,13,14",0,6554,1638
train,1828,8192,15,"0,1,2,3,4,5,6,7,8,9,10,11,12,13,14",0,6554,1638
train,1829,8192,15,"0,1,2,3,4,5,6,7,8,9,10,11,12,13,14",0,6554,1638
train,1830,8192,14,"0,1,2,3,4,5,6,7,8,9,10,11,12,13",0,6554,1638
train,1831,8192,14,"0,1,2,3,4,5,6,7,8,9,10,11,12,13",0,6554,1638
train,1832,8192,15,"0,1,2,3,4,5,6,7,8,9,10,11,12,13,14",0,6554,1638
train,1833,8192,15,"0,1,2,3,4,5,6,7,8,9,10,11,12,13,14",0,6554,1638
train,1834,8192,15,"0,1,2,3,4,5,6,7,8,9,10,11,12,13,14",0,6554,1638
train,1835,8192,15,"0,1,2,3,4,5,6,7,8,9,10,11,12,13,14",0,6554,1638
train,1836,8192,15,"0,1,2,3,4,5,6,7,8,9,10,11,12,13,14",0,6554,1638
train,1837,8192,15,"0,1,2,3,4,5,6,7,8,9,10,11,12,13,14",0,6554,1638
train,1838,8192,13,"0,1,2,3,4,5,6,8,9,10,11,12,13",0,6554,1638
train,1839,8192,13,"0,1,2,3,4,5,6,8,9,10,11,12,13",0,6554,1638
train,1840,8192,15,"0,1,2,3,4,5,6,7,8,9,10,11,12,13,14",0,6554,1638
train,1841,8192,15,"0,1,2,3,4,5,6,7,8,9,10,11,12,13,14",0,6554,1638
train,1842,8192,13,"0,1,2,3,4,5,6,8,9,10,11,12,13",0,6554,1638
train,1843,8192,13,"0,1,2,3,4,5,6,8,9,10,11,12,13",0,6554,1638
train,1844,8192,10,"0,1,2,3,5,6,8,9,12,13",0,6554,1638
train,1845,8192,10,"0,1,2,3,5,6,8,9,12,13",0,6554,1638
train,1846,8192,13,"0,1,2,3,4,5,6,8,9,10,11,12,13",0,6554,1638
train,1847,8192,13,"0,1,2,3,4,5,6,8,9,10,11,12,13",0,6554,1638
train,1848,8192,13,"0,1,2,3,4,5,6,8,9,10,11,12,13",0,6554,1638
train,1849,8192,13,"0,1,2,3,4,5,6,8,9,10,11,12,13",0,6554,1638
train,1850,8192,13,"0,1,2,3,4,5,6,8,9,10,11,12,13",0,6554,1638
train,1851,8192,13,"0,1,2,3,4,5,6,8,9,10,11,12,13",0,6554,1638
train,1852,8192,15,"0,1,2,3,4,5,6,7,8,9,10,11,12,13,14",0,6554,1638
train,1853,8192,15,"0,1,2,3,4,5,6,7,8,9,10,11,12,13,14",0,6554,1638
train,1854,8192,13,"0,1,2,3,4,5,6,8,9,10,11,12,13",0,6554,1638
train,1855,8192,13,"0,1,2,3,4,5,6,8,9,10,11,12,13",0,6554,1638
train,1856,8192,15,"0,1,2,3,4,5,6,7,8,9,10,11,12,13,14",0,6554,1638
train,1857,8192,15,"0,1,2,3,4,5,6,7,8,9,10,11,12,13,14",0,6554,1638
train,1858,8192,15,"0,1,2,3,4,5,6,7,8,9,10,11,12,13,14",0,6554,1638
train,1859,8192,15,"0,1,2,3,4,5,6,7,8,9,10,11,12,13,14",0,6554,1638
train,1860,8192,15,"0,1,2,3,4,5,6,7,8,9,10,11,12,13,14",0,6554,1638
train,1861,8192,15,"0,1,2,3,4,5,6,7,8,9,10,11,12,13,14",0,6554,1638
train,1862,8192,13,"0,1,2,3,4,5,6,8,9,10,11,12,13",0,6554,1638
train,1863,8192,13,"0,1,2,3,4,5,6,8,9,10,11,12,13",0,6554,1638
train,1864,8192,13,"0,1,2,3,4,5,6,8,9,10,11,12,13",0,6554,1638
train,1865,8192,13,"0,1,2,3,4,5,6,8,9,10,11,12,13",0,6554,1638
train,1866,8192,10,"0,1,3,4,6,8,9,11,12,13",0,6554,1638
train,1867,8192,10,"0,1,3,4,6,8,9,11,12,13",0,6554,1638
train,1868,8192,13,"0,1,2,3,4,5,6,8,9,10,11,12,13",0,6554,1638
train,1869,8192,13,"0,1,2,3,4,5,6,8,9,10,11,12,13",0,6554,1638
train,1870,8192,15,"0,1,2,3,4,5,6,7,8,9,10,11,12,13,14",0,6554,1638
train,1871,8192,15,"0,1,2,3,4,5,6,7,8,9,10,11,12,13,14",0,6554,1638
train,1872,8192,14,"0,1,2,3,4,5,6,8,9,10,11,12,13,14",0,6554,1638
train,1873,8192,14,"0,1,2,3,4,5,6,8,9,10,11,12,13,14",0,6554,1638
train,1874,8192,15,"0,1,2,3,4,5,6,7,8,9,10,11,12,13,14",0,6554,1638
train,1875,8192,15,"0,1,2,3,4,5,6,7,8,9,10,11,12,13,14",0,6554,1638
train,1876,8192,14,"0,1,2,4,5,6,7,8,9,10,11,12,13,14",0,6554,1638
train,1877,8192,14,"0,1,2,4,5,6,7,8,9,10,11,12,13,14",0,6554,1638
train,1878,8192,13,"0,1,2,3,4,5,6,8,9,10,11,12,13",0,6554,1638
train,1879,8192,13,"0,1,2,3,4,5,6,8,9,10,11,12,13",0,6554,1638
train,1880,8192,13,"0,1,2,3,4,5,6,8,9,10,11,12,13",0,6554,1638
train,1881,8192,13,"0,1,2,3,4,5,6,8,9,10,11,12,13",0,6554,1638
train,1882,8192,15,"0,1,2,3,4,5,6,7,8,9,10,11,12,13,14",0,6554,1638
train,1883,8192,15,"0,1,2,3,4,5,6,7,8,9,10,11,12,13,14",0,6554,1638
train,1884,8192,15,"0,1,2,3,4,5,6,7,8,9,10,11,12,13,14",0,6554,1638
train,1885,8192,15,"0,1,2,3,4,5,6,7,8,9,10,11,12,13,14",0,6554,1638
train,1886,8192,11,"0,1,4,6,7,8,9,10,11,13,14",0,6554,1638
train,1887,8192,11,"0,1,4,6,7,8,9,10,11,13,14",0,6554,1638
train,1888,8192,13,"0,1,2,3,4,5,6,8,9,10,11,12,13",0,6554,1638
train,1889,8192,13,"0,1,2,3,4,5,6,8,9,10,11,12,13",0,6554,1638
train,1890,8192,15,"0,1,2,3,4,5,6,7,8,9,10,11,12,13,14",0,6554,1638
train,1891,8192,15,"0,1,2,3,4,5,6,7,8,9,10,11,12,13,14",0,6554,1638
train,1892,8192,15,"0,1,2,3,4,5,6,7,8,9,10,11,12,13,14",0,6554,1638
train,1893,8192,15,"0,1,2,3,4,5,6,7,8,9,10,11,12,13,14",0,6554,1638
train,1894,8192,15,"0,1,2,3,4,5,6,7,8,9,10,11,12,13,14",0,6554,1638
train,1895,8192,15,"0,1,2,3,4,5,6,7,8,9,10,11,12,13,14",0,6554,1638
train,1896,8192,12,"0,1,2,4,5,6,8,9,10,11,12,13",0,6554,1638
train,1897,8192,12,"0,1,2,4,5,6,8,9,10,11,12,13",0,6554,1638
train,1898,8192,15,"0,1,2,3,4,5,6,7,8,9,10,11,12,13,14",0,6554,1638
train,1899,8192,15,"0,1,2,3,4,5,6,7,8,9,10,11,12,13,14",0,6554,1638
train,1900,8192,13,"0,1,2,3,4,5,6,8,9,10,11,12,13",0,6554,1638
train,1901,8192,13,"0,1,2,3,4,5,6,8,9,10,11,12,13",0,6554,1638
train,1902,8192,15,"0,1,2,3,4,5,6,7,8,9,10,11,12,13,14",0,6554,1638
train,1903,8192,15,"0,1,2,3,4,5,6,7,8,9,10,11,12,13,14",0,6554,1638
train,1904,8192,14,"0,1,2,3,4,5,6,7,8,9,10,11,12,13",0,6554,1638
train,1905,8192,14,"0,1,2,3,4,5,6,7,8,9,10,11,12,13",0,6554,1638
train,1906,8192,15,"0,1,2,3,4,5,6,7,8,9,10,11,12,13,14",0,6554,1638
train,1907,8192,15,"0,1,2,3,4,5,6,7,8,9,10,11,12,13,14",0,6554,1638
train,1908,8192,15,"0,1,2,3,4,5,6,7,8,9,10,11,12,13,14",0,6554,1638
train,1909,8192,15,"0,1,2,3,4,5,6,7,8,9,10,11,12,13,14",0,6554,1638
train,1910,8192,15,"0,1,2,3,4,5,6,7,8,9,10,11,12,13,14",0,6554,1638
train,1911,8192,15,"0,1,2,3,4,5,6,7,8,9,10,11,12,13,14",0,6554,1638
train,1912,8192,13,"0,1,2,3,4,5,6,8,9,10,11,12,13",0,6554,1638
train,1913,8192,13,"0,1,2,3,4,5,6,8,9,10,11,12,13",0,6554,1638
train,1914,8192,12,"0,1,2,3,5,6,8,9,10,11,12,13",0,6554,1638
train,1915,8192,12,"0,1,2,3,5,6,8,9,10,11,12,13",0,6554,1638
train,1916,8192,14,"0,1,2,4,5,6,7,8,9,10,11,12,13,14",0,6554,1638
train,1917,8192,14,"0,1,2,4,5,6,7,8,9,10,11,12,13,14",0,6554,1638
train,1918,8192,15,"0,1,2,3,4,5,6,7,8,9,10,11,12,13,14",0,6554,1638
train,1919,8192,15,"0,1,2,3,4,5,6,7,8,9,10,11,12,13,14",0,6554,1638
train,1920,8192,15,"0,1,2,3,4,5,6,7,8,9,10,11,12,13,14",0,6554,1638
train,1921,8192,15,"0,1,2,3,4,5,6,7,8,9,10,11,12,13,14",0,6554,1638
train,1922,8192,15,"0,1,2,3,4,5,6,7,8,9,10,11,12,13,14",0,6554,1638
train,1923,8192,15,"0,1,2,3,4,5,6,7,8,9,10,11,12,13,14",0,6554,1638
train,1924,8192,15,"0,1,2,3,4,5,6,7,8,9,10,11,12,13,14",0,6554,1638
train,1925,8192,15,"0,1,2,3,4,5,6,7,8,9,10,11,12,13,14",0,6554,1638
train,1926,8192,15,"0,1,2,3,4,5,6,7,8,9,10,11,12,13,14",0,6554,1638
train,1927,8192,15,"0,1,2,3,4,5,6,7,8,9,10,11,12,13,14",0,6554,1638
train,1928,8192,15,"0,1,2,3,4,5,6,7,8,9,10,11,12,13,14",0,6554,1638
train,1929,8192,15,"0,1,2,3,4,5,6,7,8,9,10,11,12,13,14",0,6554,1638
train,1930,8192,15,"0,1,2,3,4,5,6,7,8,9,10,11,12,13,14",0,6554,1638
train,1931,8192,15,"0,1,2,3,4,5,6,7,8,9,10,11,12,13,14",0,6554,1638
train,1932,8192,15,"0,1,2,3,4,5,6,7,8,9,10,11,12,13,14",0,6554,1638
train,1933,8192,15,"0,1,2,3,4,5,6,7,8,9,10,11,12,13,14",0,6554,1638
train,1934,8192,15,"0,1,2,3,4,5,6,7,8,9,10,11,12,13,14",0,6554,1638
train,1935,8192,15,"0,1,2,3,4,5,6,7,8,9,10,11,12,13,14",0,6554,1638
train,1936,8192,14,"0,1,2,3,4,5,6,8,9,10,11,12,13,14",0,6554,1638
train,1937,8192,14,"0,1,2,3,4,5,6,8,9,10,11,12,13,14",0,6554,1638
train,1938,8192,14,"0,1,2,3,4,5,6,8,9,10,11,12,13,14",0,6554,1638
train,1939,8192,14,"0,1,2,3,4,5,6,8,9,10,11,12,13,14",0,6554,1638
train,1940,8192,15,"0,1,2,3,4,5,6,7,8,9,10,11,12,13,14",0,6554,1638
train,1941,8192,15,"0,1,2,3,4,5,6,7,8,9,10,11,12,13,14",0,6554,1638
train,1942,8192,15,"0,1,2,3,4,5,6,7,8,9,10,11,12,13,14",0,6554,1638
train,1943,8192,15,"0,1,2,3,4,5,6,7,8,9,10,11,12,13,14",0,6554,1638
train,1944,8192,15,"0,1,2,3,4,5,6,7,8,9,10,11,12,13,14",0,6554,1638
train,1945,8192,15,"0,1,2,3,4,5,6,7,8,9,10,11,12,13,14",0,6554,1638
train,1946,8192,15,"0,1,2,3,4,5,6,7,8,9,10,11,12,13,14",0,6554,1638
train,1947,8192,15,"0,1,2,3,4,5,6,7,8,9,10,11,12,13,14",0,6554,1638
train,1948,8192,15,"0,1,2,3,4,5,6,7,8,9,10,11,12,13,14",0,6554,1638
train,1949,8192,15,"0,1,2,3,4,5,6,7,8,9,10,11,12,13,14",0,6554,1638
train,1950,8192,15,"0,1,2,3,4,5,6,7,8,9,10,11,12,13,14",0,6554,1638
train,1951,8192,15,"0,1,2,3,4,5,6,7,8,9,10,11,12,13,14",0,6554,1638
train,1952,8192,11,"0,1,2,4,5,6,8,9,11,12,13",0,6554,1638
train,1953,8192,11,"0,1,2,4,5,6,8,9,11,12,13",0,6554,1638
train,1954,8192,13,"0,1,2,3,4,5,6,8,9,10,11,12,13",0,6554,1638
train,1955,8192,13,"0,1,2,3,4,5,6,8,9,10,11,12,13",0,6554,1638
train,1956,8192,15,"0,1,2,3,4,5,6,7,8,9,10,11,12,13,14",0,6554,1638
train,1957,8192,15,"0,1,2,3,4,5,6,7,8,9,10,11,12,13,14",0,6554,1638
train,1958,8192,15,"0,1,2,3,4,5,6,7,8,9,10,11,12,13,14",0,6554,1638
train,1959,8192,15,"0,1,2,3,4,5,6,7,8,9,10,11,12,13,14",0,6554,1638
train,1960,8192,15,"0,1,2,3,4,5,6,7,8,9,10,11,12,13,14",0,6554,1638
train,1961,8192,15,"0,1,2,3,4,5,6,7,8,9,10,11,12,13,14",0,6554,1638
train,1962,8192,14,"0,1,2,3,4,5,6,8,9,10,11,12,13,14",0,6554,1638
train,1963,8192,14,"0,1,2,3,4,5,6,8,9,10,11,12,13,14",0,6554,1638
train,1964,8192,15,"0,1,2,3,4,5,6,7,8,9,10,11,12,13,14",0,6554,1638
train,1965,8192,15,"0,1,2,3,4,5,6,7,8,9,10,11,12,13,14",0,6554,1638
train,1966,8192,13,"0,1,2,3,4,5,6,8,9,10,11,12,13",0,6554,1638
train,1967,8192,13,"0,1,2,3,4,5,6,8,9,10,11,12,13",0,6554,1638
train,1968,8192,11,"0,1,2,4,5,6,8,9,10,11,13",0,6554,1638
train,1969,8192,11,"0,1,2,4,5,6,8,9,10,11,13",0,6554,1638
train,1970,8192,13,"0,1,2,4,5,6,7,8,9,11,12,13,14",0,6554,1638
train,1971,8192,13,"0,1,2,4,5,6,7,8,9,11,12,13,14",0,6554,1638
train,1972,8192,15,"0,1,2,3,4,5,6,7,8,9,10,11,12,13,14",0,6554,1638
train,1973,8192,15,"0,1,2,3,4,5,6,7,8,9,10,11,12,13,14",0,6554,1638
train,1974,8192,15,"0,1,2,3,4,5,6,7,8,9,10,11,12,13,14",0,6554,1638
train,1975,8192,15,"0,1,2,3,4,5,6,7,8,9,10,11,12,13,14",0,6554,1638
train,1976,8192,13,"0,1,2,3,4,5,6,8,9,10,11,12,13",0,6554,1638
train,1977,8192,13,"0,1,2,3,4,5,6,8,9,10,11,12,13",0,6554,1638
train,1978,8192,14,"0,1,2,3,4,5,6,7,8,9,10,11,12,14",0,6554,1638
train,1979,8192,14,"0,1,2,3,4,5,6,7,8,9,10,11,12,14",0,6554,1638
train,1980,8192,15,"0,1,2,3,4,5,6,7,8,9,10,11,12,13,14",0,6554,1638
train,1981,8192,15,"0,1,2,3,4,5,6,7,8,9,10,11,12,13,14",0,6554,1638
train,1982,8192,14,"0,1,2,3,4,5,6,7,8,9,10,11,12,13",0,6554,1638
train,1983,8192,14,"0,1,2,3,4,5,6,7,8,9,10,11,12,13",0,6554,1638
train,1984,8192,15,"0,1,2,3,4,5,6,7,8,9,10,11,12,13,14",0,6554,1638
train,1985,8192,15,"0,1,2,3,4,5,6,7,8,9,10,11,12,13,14",0,6554,1638
train,1986,8192,15,"0,1,2,3,4,5,6,7,8,9,10,11,12,13,14",0,6554,1638
train,1987,8192,15,"0,1,2,3,4,5,6,7,8,9,10,11,12,13,14",0,6554,1638
train,1988,8192,15,"0,1,2,3,4,5,6,7,8,9,10,11,12,13,14",0,6554,1638
train,1989,8192,15,"0,1,2,3,4,5,6,7,8,9,10,11,12,13,14",0,6554,1638
train,1990,8192,15,"0,1,2,3,4,5,6,7,8,9,10,11,12,13,14",0,6554,1638
train,1991,8192,15,"0,1,2,3,4,5,6,7,8,9,10,11,12,13,14",0,6554,1638
train,1992,8192,15,"0,1,2,3,4,5,6,7,8,9,10,11,12,13,14",0,6554,1638
train,1993,8192,15,"0,1,2,3,4,5,6,7,8,9,10,11,12,13,14",0,6554,1638
train,1994,8192,15,"0,1,2,3,4,5,6,7,8,9,10,11,12,13,14",0,6554,1638
train,1995,8192,15,"0,1,2,3,4,5,6,7,8,9,10,11,12,13,14",0,6554,1638
train,1996,8192,13,"0,1,2,3,4,5,6,8,9,10,11,12,13",0,6554,1638
train,1997,8192,13,"0,1,2,3,4,5,6,8,9,10,11,12,13",0,6554,1638
train,1998,8192,15,"0,1,2,3,4,5,6,7,8,9,10,11,12,13,14",0,6554,1638
train,1999,8192,15,"0,1,2,3,4,5,6,7,8,9,10,11,12,13,14",0,6554,1638
train,2000,8192,15,"0,1,2,3,4,5,6,7,8,9,10,11,12,13,14",0,6554,1638
train,2001,8192,15,"0,1,2,3,4,5,6,7,8,9,10,11,12,13,14",0,6554,1638
train,2002,8192,15,"0,1,2,3,4,5,6,7,8,9,10,11,12,13,14",0,6554,1638
train,2003,8192,15,"0,1,2,3,4,5,6,7,8,9,10,11,12,13,14",0,6554,1638
train,2004,8192,12,"0,1,2,4,5,6,8,9,10,11,12,13",0,6554,1638
train,2005,8192,12,"0,1,2,4,5,6,8,9,10,11,12,13",0,6554,1638
train,2006,8192,15,"0,1,2,3,4,5,6,7,8,9,10,11,12,13,14",0,6554,1638
train,2007,8192,15,"0,1,2,3,4,5,6,7,8,9,10,11,12,13,14",0,6554,1638
train,2008,8192,12,"0,1,2,4,5,6,8,9,10,11,12,13",0,6554,1638
train,2009,8192,12,"0,1,2,4,5,6,8,9,10,11,12,13",0,6554,1638
train,2010,8192,15,"0,1,2,3,4,5,6,7,8,9,10,11,12,13,14",0,6554,1638
train,2011,8192,15,"0,1,2,3,4,5,6,7,8,9,10,11,12,13,14",0,6554,1638
train,2012,8192,13,"0,1,2,3,4,5,6,8,9,10,11,12,13",0,6554,1638
train,2013,8192,13,"0,1,2,3,4,5,6,8,9,10,11,12,13",0,6554,1638
train,2014,8192,15,"0,1,2,3,4,5,6,7,8,9,10,11,12,13,14",0,6554,1638
train,2015,8192,15,"0,1,2,3,4,5,6,7,8,9,10,11,12,13,14",0,6554,1638
train,2016,8192,15,"0,1,2,3,4,5,6,7,8,9,10,11,12,13,14",0,6554,1638
train,2017,8192,15,"0,1,2,3,4,5,6,7,8,9,10,11,12,13,14",0,6554,1638
train,2018,8192,15,"0,1,2,3,4,5,6,7,8,9,10,11,12,13,14",0,6554,1638
train,2019,8192,15,"0,1,2,3,4,5,6,7,8,9,10,11,12,13,14",0,6554,1638
train,2020,8192,14,"0,1,2,3,4,5,6,8,9,10,11,12,13,14",0,6554,1638
train,2021,8192,14,"0,1,2,3,4,5,6,8,9,10,11,12,13,14",0,6554,1638
train,2022,8192,14,"0,1,2,3,4,5,6,7,8,9,10,11,12,13",0,6554,1638
train,2023,8192,14,"0,1,2,3,4,5,6,7,8,9,10,11,12,13",0,6554,1638
train,2024,8192,13,"0,1,2,3,4,5,6,8,9,10,11,12,13",0,6554,1638
train,2025,8192,13,"0,1,2,3,4,5,6,8,9,10,11,12,13",0,6554,1638
train,2026,8192,13,"0,1,2,3,4,5,6,8,9,10,11,12,13",0,6554,1638
train,2027,8192,13,"0,1,2,3,4,5,6,8,9,10,11,12,13",0,6554,1638
train,2028,8192,13,"0,1,2,3,4,5,6,8,9,10,11,12,13",0,6554,1638
train,2029,8192,13,"0,1,2,3,4,5,6,8,9,10,11,12,13",0,6554,1638
train,2030,8192,12,"0,1,2,3,4,5,6,8,9,10,11,13",0,6554,1638
train,2031,8192,12,"0,1,2,3,4,5,6,8,9,10,11,13",0,6554,1638
train,2032,8192,15,"0,1,2,3,4,5,6,7,8,9,10,11,12,13,14",0,6554,1638
train,2033,8192,15,"0,1,2,3,4,5,6,7,8,9,10,11,12,13,14",0,6554,1638
train,2034,8192,13,"0,1,2,3,5,6,7,8,9,10,11,12,13",0,6554,1638
train,2035,8192,13,"0,1,2,3,5,6,7,8,9,10,11,12,13",0,6554,1638
train,2036,8192,15,"0,1,2,3,4,5,6,7,8,9,10,11,12,13,14",0,6554,1638
train,2037,8192,15,"0,1,2,3,4,5,6,7,8,9,10,11,12,13,14",0,6554,1638
train,2038,8192,15,"0,1,2,3,4,5,6,7,8,9,10,11,12,13,14",0,6554,1638
train,2039,8192,15,"0,1,2,3,4,5,6,7,8,9,10,11,12,13,14",0,6554,1638
train,2040,8192,15,"0,1,2,3,4,5,6,7,8,9,10,11,12,13,14",0,6554,1638
train,2041,8192,15,"0,1,2,3,4,5,6,7,8,9,10,11,12,13,14",0,6554,1638
train,2042,8192,15,"0,1,2,3,4,5,6,7,8,9,10,11,12,13,14",0,6554,1638
train,2043,8192,15,"0,1,2,3,4,5,6,7,8,9,10,11,12,13,14",0,6554,1638
train,2044,8192,15,"0,1,2,3,4,5,6,7,8,9,10,11,12,13,14",0,6554,1638
train,2045,8192,15,"0,1,2,3,4,5,6,7,8,9,10,11,12,13,14",0,6554,1638
train,2046,8192,15,"0,1,2,3,4,5,6,7,8,9,10,11,12,13,14",0,6554,1638
train,2047,8192,15,"0,1,2,3,4,5,6,7,8,9,10,11,12,13,14",0,6554,1638
train,2048,8192,14,"0,1,2,3,4,5,6,7,8,9,10,11,12,13",0,6554,1638
train,2049,8192,14,"0,1,2,3,4,5,6,7,8,9,10,11,12,13",0,6554,1638
train,2050,8192,1,0,1,8192,0
train,2051,8192,1,0,1,8192,0
train,2052,8192,13,"0,1,2,3,4,5,6,8,9,10,11,12,13",0,6554,1638
train,2053,8192,13,"0,1,2,3,4,5,6,8,9,10,11,12,13",0,6554,1638
train,2054,8192,15,"0,1,2,3,4,5,6,7,8,9,10,11,12,13,14",0,6554,1638
train,2055,8192,15,"0,1,2,3,4,5,6,7,8,9,10,11,12,13,14",0,6554,1638
train,2056,8192,11,"0,1,2,4,5,6,8,9,11,12,13",0,6554,1638
train,2057,8192,11,"0,1,2,4,5,6,8,9,11,12,13",0,6554,1638
train,2058,8192,15,"0,1,2,3,4,5,6,7,8,9,10,11,12,13,14",0,6554,1638
train,2059,8192,15,"0,1,2,3,4,5,6,7,8,9,10,11,12,13,14",0,6554,1638
train,2060,8192,15,"0,1,2,3,4,5,6,7,8,9,10,11,12,13,14",0,6554,1638
train,2061,8192,15,"0,1,2,3,4,5,6,7,8,9,10,11,12,13,14",0,6554,1638
train,2062,8192,15,"0,1,2,3,4,5,6,7,8,9,10,11,12,13,14",0,6554,1638
train,2063,8192,15,"0,1,2,3,4,5,6,7,8,9,10,11,12,13,14",0,6554,1638
train,2064,8192,15,"0,1,2,3,4,5,6,7,8,9,10,11,12,13,14",0,6554,1638
train,2065,8192,15,"0,1,2,3,4,5,6,7,8,9,10,11,12,13,14",0,6554,1638
train,2066,8192,15,"0,1,2,3,4,5,6,7,8,9,10,11,12,13,14",0,6554,1638
train,2067,8192,15,"0,1,2,3,4,5,6,7,8,9,10,11,12,13,14",0,6554,1638
train,2068,8192,13,"0,1,2,3,4,5,6,8,9,10,11,12,13",0,6554,1638
train,2069,8192,13,"0,1,2,3,4,5,6,8,9,10,11,12,13",0,6554,1638
train,2070,8192,15,"0,1,2,3,4,5,6,7,8,9,10,11,12,13,14",0,6554,1638
train,2071,8192,15,"0,1,2,3,4,5,6,7,8,9,10,11,12,13,14",0,6554,1638
train,2072,8192,15,"0,1,2,3,4,5,6,7,8,9,10,11,12,13,14",0,6554,1638
train,2073,8192,15,"0,1,2,3,4,5,6,7,8,9,10,11,12,13,14",0,6554,1638
train,2074,8192,1,0,1,8192,0
train,2075,8192,1,0,1,8192,0
train,2076,8192,13,"0,1,2,3,4,5,6,8,9,10,11,12,13",0,6554,1638
train,2077,8192,13,"0,1,2,3,4,5,6,8,9,10,11,12,13",0,6554,1638
train,2078,8192,15,"0,1,2,3,4,5,6,7,8,9,10,11,12,13,14",0,6554,1638
train,2079,8192,15,"0,1,2,3,4,5,6,7,8,9,10,11,12,13,14",0,6554,1638
train,2080,8192,13,"0,1,2,3,4,5,6,8,9,10,11,12,13",0,6554,1638
train,2081,8192,13,"0,1,2,3,4,5,6,8,9,10,11,12,13",0,6554,1638
train,2082,8192,15,"0,1,2,3,4,5,6,7,8,9,10,11,12,13,14",0,6554,1638
train,2083,8192,15,"0,1,2,3,4,5,6,7,8,9,10,11,12,13,14",0,6554,1638
train,2084,8192,1,0,1,8192,0
train,2085,8192,1,0,1,8192,0
train,2086,8192,15,"0,1,2,3,4,5,6,7,8,9,10,11,12,13,14",0,6554,1638
train,2087,8192,15,"0,1,2,3,4,5,6,7,8,9,10,11,12,13,14",0,6554,1638
train,2088,8192,14,"0,1,2,3,4,5,6,7,8,9,10,11,12,13",0,6554,1638
train,2089,8192,14,"0,1,2,3,4,5,6,7,8,9,10,11,12,13",0,6554,1638
train,2090,8192,14,"0,1,2,3,4,5,6,7,8,9,10,11,12,13",0,6554,1638
train,2091,8192,14,"0,1,2,3,4,5,6,7,8,9,10,11,12,13",0,6554,1638
train,2092,8192,15,"0,1,2,3,4,5,6,7,8,9,10,11,12,13,14",0,6554,1638
train,2093,8192,15,"0,1,2,3,4,5,6,7,8,9,10,11,12,13,14",0,6554,1638
train,2094,8192,15,"0,1,2,3,4,5,6,7,8,9,10,11,12,13,14",0,6554,1638
train,2095,8192,15,"0,1,2,3,4,5,6,7,8,9,10,11,12,13,14",0,6554,1638
train,2096,8192,15,"0,1,2,3,4,5,6,7,8,9,10,11,12,13,14",0,6554,1638
train,2097,8192,15,"0,1,2,3,4,5,6,7,8,9,10,11,12,13,14",0,6554,1638
train,2098,8192,12,"0,1,2,4,5,6,8,9,10,11,12,13",0,6554,1638
train,2099,8192,12,"0,1,2,4,5,6,8,9,10,11,12,13",0,6554,1638
train,2100,8192,14,"0,1,2,3,4,5,6,8,9,10,11,12,13,14",0,6554,1638
train,2101,8192,14,"0,1,2,3,4,5,6,8,9,10,11,12,13,14",0,6554,1638
train,2102,8192,13,"0,1,2,3,4,5,6,8,9,10,11,12,13",0,6554,1638
train,2103,8192,13,"0,1,2,3,4,5,6,8,9,10,11,12,13",0,6554,1638
train,2104,8192,14,"0,1,3,4,5,6,7,8,9,10,11,12,13,14",0,6554,1638
train,2105,8192,14,"0,1,3,4,5,6,7,8,9,10,11,12,13,14",0,6554,1638
train,2106,8192,15,"0,1,2,3,4,5,6,7,8,9,10,11,12,13,14",0,6554,1638
train,2107,8192,15,"0,1,2,3,4,5,6,7,8,9,10,11,12,13,14",0,6554,1638
train,2108,8192,15,"0,1,2,3,4,5,6,7,8,9,10,11,12,13,14",0,6554,1638
train,2109,8192,15,"0,1,2,3,4,5,6,7,8,9,10,11,12,13,14",0,6554,1638
train,2110,8192,15,"0,1,2,3,4,5,6,7,8,9,10,11,12,13,14",0,6554,1638
train,2111,8192,15,"0,1,2,3,4,5,6,7,8,9,10,11,12,13,14",0,6554,1638
train,2112,8192,15,"0,1,2,3,4,5,6,7,8,9,10,11,12,13,14",0,6554,1638
train,2113,8192,15,"0,1,2,3,4,5,6,7,8,9,10,11,12,13,14",0,6554,1638
train,2114,8192,15,"0,1,2,3,4,5,6,7,8,9,10,11,12,13,14",0,6554,1638
train,2115,8192,15,"0,1,2,3,4,5,6,7,8,9,10,11,12,13,14",0,6554,1638
train,2116,8192,1,0,1,8192,0
train,2117,8192,1,0,1,8192,0
train,2118,8192,13,"0,1,2,3,4,5,6,8,9,10,11,12,13",0,6554,1638
train,2119,8192,13,"0,1,2,3,4,5,6,8,9,10,11,12,13",0,6554,1638
train,2120,8192,15,"0,1,2,3,4,5,6,7,8,9,10,11,12,13,14",0,6554,1638
train,2121,8192,15,"0,1,2,3,4,5,6,7,8,9,10,11,12,13,14",0,6554,1638
train,2122,8192,15,"0,1,2,3,4,5,6,7,8,9,10,11,12,13,14",0,6554,1638
train,2123,8192,15,"0,1,2,3,4,5,6,7,8,9,10,11,12,13,14",0,6554,1638
train,2124,8192,15,"0,1,2,3,4,5,6,7,8,9,10,11,12,13,14",0,6554,1638
train,2125,8192,15,"0,1,2,3,4,5,6,7,8,9,10,11,12,13,14",0,6554,1638
train,2126,8192,15,"0,1,2,3,4,5,6,7,8,9,10,11,12,13,14",0,6554,1638
train,2127,8192,15,"0,1,2,3,4,5,6,7,8,9,10,11,12,13,14",0,6554,1638
train,2128,8192,15,"0,1,2,3,4,5,6,7,8,9,10,11,12,13,14",0,6554,1638
train,2129,8192,15,"0,1,2,3,4,5,6,7,8,9,10,11,12,13,14",0,6554,1638
train,2130,8192,13,"0,1,2,3,4,5,6,7,8,9,11,12,13",0,6554,1638
train,2131,8192,13,"0,1,2,3,4,5,6,7,8,9,11,12,13",0,6554,1638
train,2132,8192,13,"0,1,2,4,5,6,7,8,9,11,12,13,14",0,6554,1638
train,2133,8192,13,"0,1,2,4,5,6,7,8,9,11,12,13,14",0,6554,1638
train,2134,8192,13,"0,1,2,3,4,5,6,8,9,10,11,12,13",0,6554,1638
train,2135,8192,13,"0,1,2,3,4,5,6,8,9,10,11,12,13",0,6554,1638
train,2136,8192,13,"0,1,2,5,6,7,8,9,10,11,12,13,14",0,6554,1638
train,2137,8192,13,"0,1,2,5,6,7,8,9,10,11,12,13,14",0,6554,1638
train,2138,8192,15,"0,1,2,3,4,5,6,7,8,9,10,11,12,13,14",0,6554,1638
train,2139,8192,15,"0,1,2,3,4,5,6,7,8,9,10,11,12,13,14",0,6554,1638
train,2140,8192,15,"0,1,2,3,4,5,6,7,8,9,10,11,12,13,14",0,6554,1638
train,2141,8192,15,"0,1,2,3,4,5,6,7,8,9,10,11,12,13,14",0,6554,1638
train,2142,8192,14,"0,1,2,3,4,5,6,8,9,10,11,12,13,14",0,6554,1638
train,2143,8192,14,"0,1,2,3,4,5,6,8,9,10,11,12,13,14",0,6554,1638
train,2144,8192,13,"0,1,2,3,4,5,6,8,9,10,11,12,13",0,6554,1638
train,2145,8192,13,"0,1,2,3,4,5,6,8,9,10,11,12,13",0,6554,1638
train,2146,8192,13,"0,1,2,3,4,5,6,8,9,10,11,12,13",0,6554,1638
train,2147,8192,13,"0,1,2,3,4,5,6,8,9,10,11,12,13",0,6554,1638
train,2148,8192,15,"0,1,2,3,4,5,6,7,8,9,10,11,12,13,14",0,6554,1638
train,2149,8192,15,"0,1,2,3,4,5,6,7,8,9,10,11,12,13,14",0,6554,1638
train,2150,8192,14,"0,1,2,3,4,5,6,8,9,10,11,12,13,14",0,6554,1638
train,2151,8192,14,"0,1,2,3,4,5,6,8,9,10,11,12,13,14",0,6554,1638
train,2152,8192,13,"0,1,2,4,5,6,7,8,9,11,12,13,14",0,6554,1638
train,2153,8192,13,"0,1,2,4,5,6,7,8,9,11,12,13,14",0,6554,1638
train,2154,8192,15,"0,1,2,3,4,5,6,7,8,9,10,11,12,13,14",0,6554,1638
train,2155,8192,15,"0,1,2,3,4,5,6,7,8,9,10,11,12,13,14",0,6554,1638
train,2156,8192,15,"0,1,2,3,4,5,6,7,8,9,10,11,12,13,14",0,6554,1638
train,2157,8192,15,"0,1,2,3,4,5,6,7,8,9,10,11,12,13,14",0,6554,1638
train,2158,8192,1,0,1,8192,0
train,2159,8192,1,0,1,8192,0
train,2160,8192,14,"0,1,2,3,4,6,7,8,9,10,11,12,13,14",0,6554,1638
train,2161,8192,14,"0,1,2,3,4,6,7,8,9,10,11,12,13,14",0,6554,1638
train,2162,8192,13,"0,1,2,3,4,5,6,8,9,10,11,12,13",0,6554,1638
train,2163,8192,13,"0,1,2,3,4,5,6,8,9,10,11,12,13",0,6554,1638
train,2164,8192,15,"0,1,2,3,4,5,6,7,8,9,10,11,12,13,14",0,6554,1638
train,2165,8192,15,"0,1,2,3,4,5,6,7,8,9,10,11,12,13,14",0,6554,1638
train,2166,8192,15,"0,1,2,3,4,5,6,7,8,9,10,11,12,13,14",0,6554,1638
train,2167,8192,15,"0,1,2,3,4,5,6,7,8,9,10,11,12,13,14",0,6554,1638
train,2168,8192,1,0,1,8192,0
train,2169,8192,1,0,1,8192,0
train,2170,8192,15,"0,1,2,3,4,5,6,7,8,9,10,11,12,13,14",0,6554,1638
train,2171,8192,15,"0,1,2,3,4,5,6,7,8,9,10,11,12,13,14",0,6554,1638
train,2172,8192,13,"0,1,2,3,4,5,6,8,9,10,11,12,13",0,6554,1638
train,2173,8192,13,"0,1,2,3,4,5,6,8,9,10,11,12,13",0,6554,1638
train,2174,8192,13,"0,1,2,3,4,5,6,8,9,10,11,12,13",0,6554,1638
train,2175,8192,13,"0,1,2,3,4,5,6,8,9,10,11,12,13",0,6554,1638
train,2176,8192,11,"0,1,2,4,5,6,8,9,11,12,13",0,6554,1638
train,2177,8192,11,"0,1,2,4,5,6,8,9,11,12,13",0,6554,1638
train,2178,8192,15,"0,1,2,3,4,5,6,7,8,9,10,11,12,13,14",0,6554,1638
train,2179,8192,15,"0,1,2,3,4,5,6,7,8,9,10,11,12,13,14",0,6554,1638
train,2180,8192,15,"0,1,2,3,4,5,6,7,8,9,10,11,12,13,14",0,6554,1638
train,2181,8192,15,"0,1,2,3,4,5,6,7,8,9,10,11,12,13,14",0,6554,1638
train,2182,8192,15,"0,1,2,3,4,5,6,7,8,9,10,11,12,13,14",0,6554,1638
train,2183,8192,15,"0,1,2,3,4,5,6,7,8,9,10,11,12,13,14",0,6554,1638
train,2184,8192,15,"0,1,2,3,4,5,6,7,8,9,10,11,12,13,14",0,6554,1638
train,2185,8192,15,"0,1,2,3,4,5,6,7,8,9,10,11,12,13,14",0,6554,1638
train,2186,8192,14,"0,1,2,3,4,5,6,8,9,10,11,12,13,14",0,6554,1638
train,2187,8192,14,"0,1,2,3,4,5,6,8,9,10,11,12,13,14",0,6554,1638
train,2188,8192,14,"0,1,2,3,4,5,6,8,9,10,11,12,13,14",0,6554,1638
train,2189,8192,14,"0,1,2,3,4,5,6,8,9,10,11,12,13,14",0,6554,1638
train,2190,8192,14,"0,1,2,3,4,5,6,8,9,10,11,12,13,14",0,6554,1638
train,2191,8192,14,"0,1,2,3,4,5,6,8,9,10,11,12,13,14",0,6554,1638
train,2192,8192,15,"0,1,2,3,4,5,6,7,8,9,10,11,12,13,14",0,6554,1638
train,2193,8192,15,"0,1,2,3,4,5,6,7,8,9,10,11,12,13,14",0,6554,1638
train,2194,8192,15,"0,1,2,3,4,5,6,7,8,9,10,11,12,13,14",0,6554,1638
train,2195,8192,15,"0,1,2,3,4,5,6,7,8,9,10,11,12,13,14",0,6554,1638
train,2196,8192,14,"0,1,2,3,4,5,6,8,9,10,11,12,13,14",0,6554,1638
train,2197,8192,14,"0,1,2,3,4,5,6,8,9,10,11,12,13,14",0,6554,1638
train,2198,8192,13,"0,1,2,3,4,5,6,8,9,10,11,12,13",0,6554,1638
train,2199,8192,13,"0,1,2,3,4,5,6,8,9,10,11,12,13",0,6554,1638
train,2200,8192,15,"0,1,2,3,4,5,6,7,8,9,10,11,12,13,14",0,6554,1638
train,2201,8192,15,"0,1,2,3,4,5,6,7,8,9,10,11,12,13,14",0,6554,1638
train,2202,8192,15,"0,1,2,3,4,5,6,7,8,9,10,11,12,13,14",0,6554,1638
train,2203,8192,15,"0,1,2,3,4,5,6,7,8,9,10,11,12,13,14",0,6554,1638
train,2204,8192,13,"0,1,3,4,5,6,8,9,10,11,12,13,14",0,6554,1638
train,2205,8192,13,"0,1,3,4,5,6,8,9,10,11,12,13,14",0,6554,1638
train,2206,8192,14,"0,1,2,3,4,5,6,8,9,10,11,12,13,14",0,6554,1638
train,2207,8192,14,"0,1,2,3,4,5,6,8,9,10,11,12,13,14",0,6554,1638
train,2208,8192,13,"0,1,2,3,5,6,7,8,9,10,11,13,14",0,6554,1638
train,2209,8192,13,"0,1,2,3,5,6,7,8,9,10,11,13,14",0,6554,1638
train,2210,8192,13,"0,1,2,3,4,5,6,8,9,10,11,12,13",0,6554,1638
train,2211,8192,13,"0,1,2,3,4,5,6,8,9,10,11,12,13",0,6554,1638
train,2212,8192,15,"0,1,2,3,4,5,6,7,8,9,10,11,12,13,14",0,6554,1638
train,2213,8192,15,"0,1,2,3,4,5,6,7,8,9,10,11,12,13,14",0,6554,1638
train,2214,8192,13,"0,1,2,3,4,5,6,8,9,10,11,12,13",0,6554,1638
train,2215,8192,13,"0,1,2,3,4,5,6,8,9,10,11,12,13",0,6554,1638
train,2216,8192,13,"0,1,2,3,4,5,7,8,9,10,11,13,14",0,6554,1638
train,2217,8192,13,"0,1,2,3,4,5,7,8,9,10,11,13,14",0,6554,1638
train,2218,8192,15,"0,1,2,3,4,5,6,7,8,9,10,11,12,13,14",0,6554,1638
train,2219,8192,15,"0,1,2,3,4,5,6,7,8,9,10,11,12,13,14",0,6554,1638
train,2220,8192,13,"0,1,2,3,4,5,6,8,9,10,11,12,13",0,6554,1638
train,2221,8192,13,"0,1,2,3,4,5,6,8,9,10,11,12,13",0,6554,1638
train,2222,8192,15,"0,1,2,3,4,5,6,7,8,9,10,11,12,13,14",0,6554,1638
train,2223,8192,15,"0,1,2,3,4,5,6,7,8,9,10,11,12,13,14",0,6554,1638
train,2224,8192,15,"0,1,2,3,4,5,6,7,8,9,10,11,12,13,14",0,6554,1638
train,2225,8192,15,"0,1,2,3,4,5,6,7,8,9,10,11,12,13,14",0,6554,1638
train,2226,8192,15,"0,1,2,3,4,5,6,7,8,9,10,11,12,13,14",0,6554,1638
train,2227,8192,15,"0,1,2,3,4,5,6,7,8,9,10,11,12,13,14",0,6554,1638
train,2228,8192,14,"0,1,2,3,4,5,6,8,9,10,11,12,13,14",0,6554,1638
train,2229,8192,14,"0,1,2,3,4,5,6,8,9,10,11,12,13,14",0,6554,1638
train,2230,8192,15,"0,1,2,3,4,5,6,7,8,9,10,11,12,13,14",0,6554,1638
train,2231,8192,15,"0,1,2,3,4,5,6,7,8,9,10,11,12,13,14",0,6554,1638
train,2232,8192,12,"0,1,2,3,4,5,6,8,10,11,12,13",0,6554,1638
train,2233,8192,12,"0,1,2,3,4,5,6,8,10,11,12,13",0,6554,1638
train,2234,8192,13,"0,1,2,3,4,6,7,8,9,10,11,13,14",0,6554,1638
train,2235,8192,13,"0,1,2,3,4,6,7,8,9,10,11,13,14",0,6554,1638
train,2236,8192,15,"0,1,2,3,4,5,6,7,8,9,10,11,12,13,14",0,6554,1638
train,2237,8192,15,"0,1,2,3,4,5,6,7,8,9,10,11,12,13,14",0,6554,1638
train,2238,8192,13,"0,1,2,3,4,5,6,8,9,10,11,12,13",0,6554,1638
train,2239,8192,13,"0,1,2,3,4,5,6,8,9,10,11,12,13",0,6554,1638
train,2240,8192,15,"0,1,2,3,4,5,6,7,8,9,10,11,12,13,14",0,6554,1638
train,2241,8192,15,"0,1,2,3,4,5,6,7,8,9,10,11,12,13,14",0,6554,1638
train,2242,8192,14,"0,1,2,3,4,5,6,8,9,10,11,12,13,14",0,6554,1638
train,2243,8192,14,"0,1,2,3,4,5,6,8,9,10,11,12,13,14",0,6554,1638
train,2244,8192,15,"0,1,2,3,4,5,6,7,8,9,10,11,12,13,14",0,6554,1638
train,2245,8192,15,"0,1,2,3,4,5,6,7,8,9,10,11,12,13,14",0,6554,1638
train,2246,8192,13,"0,1,2,3,4,5,6,8,9,10,11,12,13",0,6554,1638
train,2247,8192,13,"0,1,2,3,4,5,6,8,9,10,11,12,13",0,6554,1638
train,2248,8192,15,"0,1,2,3,4,5,6,7,8,9,10,11,12,13,14",0,6554,1638
train,2249,8192,15,"0,1,2,3,4,5,6,7,8,9,10,11,12,13,14",0,6554,1638
train,2250,8192,15,"0,1,2,3,4,5,6,7,8,9,10,11,12,13,14",0,6554,1638
train,2251,8192,15,"0,1,2,3,4,5,6,7,8,9,10,11,12,13,14",0,6554,1638
train,2252,8192,14,"0,1,2,3,4,5,6,7,8,9,11,12,13,14",0,6554,1638
train,2253,8192,14,"0,1,2,3,4,5,6,7,8,9,11,12,13,14",0,6554,1638
train,2254,8192,15,"0,1,2,3,4,5,6,7,8,9,10,11,12,13,14",0,6554,1638
train,2255,8192,15,"0,1,2,3,4,5,6,7,8,9,10,11,12,13,14",0,6554,1638
train,2256,8192,15,"0,1,2,3,4,5,6,7,8,9,10,11,12,13,14",0,6554,1638
train,2257,8192,15,"0,1,2,3,4,5,6,7,8,9,10,11,12,13,14",0,6554,1638
train,2258,8192,15,"0,1,2,3,4,5,6,7,8,9,10,11,12,13,14",0,6554,1638
train,2259,8192,15,"0,1,2,3,4,5,6,7,8,9,10,11,12,13,14",0,6554,1638
train,2260,8192,12,"0,1,3,4,5,6,8,9,10,11,12,13",0,6554,1638
train,2261,8192,12,"0,1,3,4,5,6,8,9,10,11,12,13",0,6554,1638
train,2262,8192,13,"0,1,2,3,4,5,6,8,9,10,11,12,13",0,6554,1638
train,2263,8192,13,"0,1,2,3,4,5,6,8,9,10,11,12,13",0,6554,1638
train,2264,8192,15,"0,1,2,3,4,5,6,7,8,9,10,11,12,13,14",0,6554,1638
train,2265,8192,15,"0,1,2,3,4,5,6,7,8,9,10,11,12,13,14",0,6554,1638
train,2266,8192,15,"0,1,2,3,4,5,6,7,8,9,10,11,12,13,14",0,6554,1638
train,2267,8192,15,"0,1,2,3,4,5,6,7,8,9,10,11,12,13,14",0,6554,1638
train,2268,8192,15,"0,1,2,3,4,5,6,7,8,9,10,11,12,13,14",0,6554,1638
train,2269,8192,15,"0,1,2,3,4,5,6,7,8,9,10,11,12,13,14",0,6554,1638
train,2270,8192,15,"0,1,2,3,4,5,6,7,8,9,10,11,12,13,14",0,6554,1638
train,2271,8192,15,"0,1,2,3,4,5,6,7,8,9,10,11,12,13,14",0,6554,1638
train,2272,8192,15,"0,1,2,3,4,5,6,7,8,9,10,11,12,13,14",0,6554,1638
train,2273,8192,15,"0,1,2,3,4,5,6,7,8,9,10,11,12,13,14",0,6554,1638
train,2274,8192,12,"0,1,2,3,4,5,6,8,9,11,12,13",0,6554,1638
train,2275,8192,12,"0,1,2,3,4,5,6,8,9,11,12,13",0,6554,1638
train,2276,8192,13,"0,1,2,3,4,5,6,8,9,10,11,12,13",0,6554,1638
train,2277,8192,13,"0,1,2,3,4,5,6,8,9,10,11,12,13",0,6554,1638
train,2278,8192,14,"0,1,2,3,4,5,6,8,9,10,11,12,13,14",0,6554,1638
train,2279,8192,14,"0,1,2,3,4,5,6,8,9,10,11,12,13,14",0,6554,1638
val,0,8192,1,0,1,8192,0
val,1,8192,15,"0,1,2,3,4,5,6,7,8,9,10,11,12,13,14",0,6554,1638
val,2,8192,1,0,1,8192,0
val,3,8192,1,0,1,8192,0
val,4,8192,13,"0,1,2,3,4,5,6,8,9,10,11,12,13",0,6554,1638
val,5,8192,14,"0,1,2,4,5,6,7,8,9,10,11,12,13,14",0,6554,1638
val,6,8192,15,"0,1,2,3,4,5,6,7,8,9,10,11,12,13,14",0,6554,1638
val,7,8192,14,"0,1,2,4,5,6,7,8,9,10,11,12,13,14",0,6554,1638
val,8,8192,15,"0,1,2,3,4,5,6,7,8,9,10,11,12,13,14",0,6554,1638
val,9,8192,15,"0,1,2,3,4,5,6,7,8,9,10,11,12,13,14",0,6554,1638
val,10,8192,15,"0,1,2,3,4,5,6,7,8,9,10,11,12,13,14",0,6554,1638
val,11,8192,15,"0,1,2,3,4,5,6,7,8,9,10,11,12,13,14",0,6554,1638
val,12,8192,15,"0,1,2,3,4,5,6,7,8,9,10,11,12,13,14",0,6554,1638
val,13,8192,15,"0,1,2,3,4,5,6,7,8,9,10,11,12,13,14",0,6554,1638
val,14,8192,15,"0,1,2,3,4,5,6,7,8,9,10,11,12,13,14",0,6554,1638
val,15,8192,14,"0,1,2,3,4,5,6,8,9,10,11,12,13,14",0,6554,1638
val,16,8192,15,"0,1,2,3,4,5,6,7,8,9,10,11,12,13,14",0,6554,1638
val,17,8192,14,"0,1,3,4,5,6,7,8,9,10,11,12,13,14",0,6554,1638
val,18,8192,15,"0,1,2,3,4,5,6,7,8,9,10,11,12,13,14",0,6554,1638
val,19,8192,14,"0,1,2,3,4,5,6,7,8,9,10,11,12,14",0,6554,1638
val,20,8192,13,"0,1,2,3,4,5,6,8,9,10,11,12,13",0,6554,1638
val,21,8192,15,"0,1,2,3,4,5,6,7,8,9,10,11,12,13,14",0,6554,1638
val,22,8192,12,"0,1,2,4,5,6,8,9,10,11,12,13",0,6554,1638
val,23,8192,15,"0,1,2,3,4,5,6,7,8,9,10,11,12,13,14",0,6554,1638
val,24,8192,15,"0,1,2,3,4,5,6,7,8,9,10,11,12,13,14",0,6554,1638
val,25,8192,13,"0,1,2,3,4,5,6,8,9,10,11,12,13",0,6554,1638
val,26,8192,13,"0,1,2,3,4,5,6,8,9,10,11,12,13",0,6554,1638
val,27,8192,15,"0,1,2,3,4,5,6,7,8,9,10,11,12,13,14",0,6554,1638
val,28,8192,15,"0,1,2,3,4,5,6,7,8,9,10,11,12,13,14",0,6554,1638
val,29,8192,1,0,1,8192,0
val,30,8192,13,"0,1,2,3,4,6,7,8,9,10,12,13,14",0,6554,1638
val,31,8192,13,"0,1,2,3,4,5,6,8,9,10,11,12,13",0,6554,1638
val,32,8192,15,"0,1,2,3,4,5,6,7,8,9,10,11,12,13,14",0,6554,1638
val,33,8192,13,"0,1,2,3,4,5,6,8,9,10,11,12,13",0,6554,1638
val,34,8192,13,"0,1,2,4,5,6,7,8,9,10,11,13,14",0,6554,1638
val,35,8192,13,"0,1,2,3,4,5,6,8,9,10,11,12,13",0,6554,1638
val,36,8192,14,"0,1,2,3,4,5,6,8,9,10,11,12,13,14",0,6554,1638
val,37,8192,15,"0,1,2,3,4,5,6,7,8,9,10,11,12,13,14",0,6554,1638
val,38,8192,13,"0,1,2,3,5,6,7,8,9,10,12,13,14",0,6554,1638
val,39,8192,10,"0,1,3,4,6,8,9,11,12,13",0,6554,1638
val,40,8192,15,"0,1,2,3,4,5,6,7,8,9,10,11,12,13,14",0,6554,1638
val,41,8192,15,"0,1,2,3,4,5,6,7,8,9,10,11,12,13,14",0,6554,1638
val,42,8192,15,"0,1,2,3,4,5,6,7,8,9,10,11,12,13,14",0,6554,1638
val,43,8192,15,"0,1,2,3,4,5,6,7,8,9,10,11,12,13,14",0,6554,1638
val,44,8192,15,"0,1,2,3,4,5,6,7,8,9,10,11,12,13,14",0,6554,1638
val,45,8192,15,"0,1,2,3,4,5,6,7,8,9,10,11,12,13,14",0,6554,1638
val,46,8192,1,0,1,8192,0
val,47,8192,15,"0,1,2,3,4,5,6,7,8,9,10,11,12,13,14",0,6554,1638
val,48,8192,15,"0,1,2,3,4,5,6,7,8,9,10,11,12,13,14",0,6554,1638
val,49,8192,15,"0,1,2,3,4,5,6,7,8,9,10,11,12,13,14",0,6554,1638
val,50,8192,15,"0,1,2,3,4,5,6,7,8,9,10,11,12,13,14",0,6554,1638
val,51,8192,13,"0,1,2,3,4,5,6,8,9,10,11,12,13",0,6554,1638
val,52,8192,13,"0,1,2,3,4,5,6,8,9,10,11,12,13",0,6554,1638
val,53,8192,15,"0,1,2,3,4,5,6,7,8,9,10,11,12,13,14",0,6554,1638
val,54,8192,13,"0,1,2,3,4,5,6,8,9,10,11,12,13",0,6554,1638
val,55,8192,15,"0,1,2,3,4,5,6,7,8,9,10,11,12,13,14",0,6554,1638
val,56,8192,14,"0,1,2,3,4,5,6,7,8,9,10,11,12,13",0,6554,1638
val,57,8192,8,"0,3,4,5,7,9,10,13",0,6554,1638
val,58,8192,15,"0,1,2,3,4,5,6,7,8,9,10,11,12,13,14",0,6554,1638
val,59,8192,15,"0,1,2,3,4,5,6,7,8,9,10,11,12,13,14",0,6554,1638
val,60,8192,13,"0,1,2,3,4,5,6,8,9,10,11,12,13",0,6554,1638
val,61,8192,15,"0,1,2,3,4,5,6,7,8,9,10,11,12,13,14",0,6554,1638
val,62,8192,1,0,1,8192,0
val,63,8192,15,"0,1,2,3,4,5,6,7,8,9,10,11,12,13,14",0,6554,1638
val,64,8192,13,"0,1,2,4,5,6,7,8,9,10,11,12,13",0,6554,1638
val,65,8192,15,"0,1,2,3,4,5,6,7,8,9,10,11,12,13,14",0,6554,1638
val,66,8192,15,"0,1,2,3,4,5,6,7,8,9,10,11,12,13,14",0,6554,1638
val,67,8192,15,"0,1,2,3,4,5,6,7,8,9,10,11,12,13,14",0,6554,1638
val,68,8192,13,"0,1,2,3,4,5,6,8,9,10,11,12,13",0,6554,1638
val,69,8192,15,"0,1,2,3,4,5,6,7,8,9,10,11,12,13,14",0,6554,1638
val,70,8192,15,"0,1,2,3,4,5,6,7,8,9,10,11,12,13,14",0,6554,1638
val,71,8192,15,"0,1,2,3,4,5,6,7,8,9,10,11,12,13,14",0,6554,1638
val,72,8192,15,"0,1,2,3,4,5,6,7,8,9,10,11,12,13,14",0,6554,1638
val,73,8192,13,"0,1,2,3,4,5,6,8,9,10,11,12,13",0,6554,1638
val,74,8192,15,"0,1,2,3,4,5,6,7,8,9,10,11,12,13,14",0,6554,1638
val,75,8192,13,"0,1,2,3,4,5,6,8,9,10,11,12,13",0,6554,1638
val,76,8192,15,"0,1,2,3,4,5,6,7,8,9,10,11,12,13,14",0,6554,1638
val,77,8192,15,"0,1,2,3,4,5,6,7,8,9,10,11,12,13,14",0,6554,1638
val,78,8192,13,"0,1,2,3,4,5,6,8,9,10,11,12,13",0,6554,1638
val,79,8192,15,"0,1,2,3,4,5,6,7,8,9,10,11,12,13,14",0,6554,1638
val,80,8192,13,"0,1,2,3,4,5,6,8,9,10,11,12,13",0,6554,1638
val,81,8192,15,"0,1,2,3,4,5,6,7,8,9,10,11,12,13,14",0,6554,1638
val,82,8192,15,"0,1,2,3,4,5,6,7,8,9,10,11,12,13,14",0,6554,1638
val,83,8192,15,"0,1,2,3,4,5,6,7,8,9,10,11,12,13,14",0,6554,1638
val,84,8192,12,"0,1,2,3,6,7,8,9,10,11,13,14",0,6554,1638
val,85,8192,15,"0,1,2,3,4,5,6,7,8,9,10,11,12,13,14",0,6554,1638
val,86,8192,15,"0,1,2,3,4,5,6,7,8,9,10,11,12,13,14",0,6554,1638
val,87,8192,15,"0,1,2,3,4,5,6,7,8,9,10,11,12,13,14",0,6554,1638
val,88,8192,15,"0,1,2,3,4,5,6,7,8,9,10,11,12,13,14",0,6554,1638
val,89,8192,13,"0,1,2,3,4,5,6,8,9,10,11,12,13",0,6554,1638
val,90,8192,11,"0,1,2,4,5,6,8,9,11,12,13",0,6554,1638
val,91,8192,1,0,1,8192,0
val,92,8192,15,"0,1,2,3,4,5,6,7,8,9,10,11,12,13,14",0,6554,1638
val,93,8192,15,"0,1,2,3,4,5,6,7,8,9,10,11,12,13,14",0,6554,1638
val,94,8192,13,"0,1,2,3,4,5,6,8,9,10,11,12,13",0,6554,1638
test,0,8192,13,"0,1,2,3,4,5,6,8,9,10,11,12,13",0,6554,1638
test,1,8192,12,"0,1,2,4,5,6,8,9,10,11,12,13",0,6554,1638
test,2,8192,15,"0,1,2,3,4,5,6,7,8,9,10,11,12,13,14",0,6554,1638
test,3,8192,1,0,1,8192,0
test,4,8192,10,"0,1,2,5,6,8,9,10,12,13",0,6554,1638
test,5,8192,15,"0,1,2,3,4,5,6,7,8,9,10,11,12,13,14",0,6554,1638
test,6,8192,15,"0,1,2,3,4,5,6,7,8,9,10,11,12,13,14",0,6554,1638
test,7,8192,15,"0,1,2,3,4,5,6,7,8,9,10,11,12,13,14",0,6554,1638
test,8,8192,13,"0,1,2,3,4,5,6,8,9,10,11,12,13",0,6554,1638
test,9,8192,15,"0,1,2,3,4,5,6,7,8,9,10,11,12,13,14",0,6554,1638
test,10,8192,14,"0,1,2,3,4,5,6,7,8,9,10,11,12,13",0,6554,1638
test,11,8192,15,"0,1,2,3,4,5,6,7,8,9,10,11,12,13,14",0,6554,1638
test,12,8192,15,"0,1,2,3,4,5,6,7,8,9,10,11,12,13,14",0,6554,1638
test,13,8192,15,"0,1,2,3,4,5,6,7,8,9,10,11,12,13,14",0,6554,1638
test,14,8192,15,"0,1,2,3,4,5,6,7,8,9,10,11,12,13,14",0,6554,1638
test,15,8192,15,"0,1,2,3,4,5,6,7,8,9,10,11,12,13,14",0,6554,1638
test,16,8192,12,"0,1,2,4,5,6,8,9,10,11,12,13",0,6554,1638
test,17,8192,13,"0,1,2,3,4,5,6,8,9,10,11,12,13",0,6554,1638
test,18,8192,15,"0,1,2,3,4,5,6,7,8,9,10,11,12,13,14",0,6554,1638
test,19,8192,15,"0,1,2,3,4,5,6,7,8,9,10,11,12,13,14",0,6554,1638
test,20,8192,1,0,1,8192,0
test,21,8192,15,"0,1,2,3,4,5,6,7,8,9,10,11,12,13,14",0,6554,1638
test,22,8192,15,"0,1,2,3,4,5,6,7,8,9,10,11,12,13,14",0,6554,1638
test,23,8192,14,"0,1,2,3,4,5,7,8,9,10,11,12,13,14",0,6554,1638
test,24,8192,15,"0,1,2,3,4,5,6,7,8,9,10,11,12,13,14",0,6554,1638
test,25,8192,11,"0,1,4,5,6,7,8,11,12,13,14",0,6554,1638
test,26,8192,1,0,1,8192,0
test,27,8192,15,"0,1,2,3,4,5,6,7,8,9,10,11,12,13,14",0,6554,1638
test,28,8192,1,0,1,8192,0
test,29,8192,13,"0,1,2,3,4,5,6,8,9,10,11,13,14",0,6554,1638
test,30,8192,15,"0,1,2,3,4,5,6,7,8,9,10,11,12,13,14",0,6554,1638
test,31,8192,15,"0,1,2,3,4,5,6,7,8,9,10,11,12,13,14",0,6554,1638
test,32,8192,15,"0,1,2,3,4,5,6,7,8,9,10,11,12,13,14",0,6554,1638
test,33,8192,15,"0,1,2,3,4,5,6,7,8,9,10,11,12,13,14",0,6554,1638
test,34,8192,12,"0,1,2,4,5,6,8,9,10,11,12,13",0,6554,1638
test,35,8192,12,"0,1,2,3,4,5,8,9,10,11,12,13",0,6554,1638
test,36,8192,13,"0,1,2,3,4,5,6,8,9,10,11,12,13",0,6554,1638
test,37,8192,13,"0,1,2,3,4,5,6,8,9,10,11,12,13",0,6554,1638
test,38,8192,15,"0,1,2,3,4,5,6,7,8,9,10,11,12,13,14",0,6554,1638
test,39,8192,15,"0,1,2,3,4,5,6,7,8,9,10,11,12,13,14",0,6554,1638
test,40,8192,15,"0,1,2,3,4,5,6,7,8,9,10,11,12,13,14",0,6554,1638
test,41,8192,15,"0,1,2,3,4,5,6,7,8,9,10,11,12,13,14",0,6554,1638
test,42,8192,13,"0,1,2,3,4,5,6,8,9,10,11,12,13",0,6554,1638
test,43,8192,15,"0,1,2,3,4,5,6,7,8,9,10,11,12,13,14",0,6554,1638
test,44,8192,15,"0,1,2,3,4,5,6,7,8,9,10,11,12,13,14",0,6554,1638
test,45,8192,1,0,1,8192,0
test,46,8192,15,"0,1,2,3,4,5,6,7,8,9,10,11,12,13,14",0,6554,1638
test,47,8192,14,"0,1,2,3,4,5,6,8,9,10,11,12,13,14",0,6554,1638
test,48,8192,15,"0,1,2,3,4,5,6,7,8,9,10,11,12,13,14",0,6554,1638
test,49,8192,14,"0,1,2,3,4,5,6,7,8,9,11,12,13,14",0,6554,1638
test,50,8192,13,"0,1,2,3,4,5,6,8,9,10,11,12,13",0,6554,1638
test,51,8192,15,"0,1,2,3,4,5,6,7,8,9,10,11,12,13,14",0,6554,1638
test,52,8192,15,"0,1,2,3,4,5,6,7,8,9,10,11,12,13,14",0,6554,1638
test,53,8192,15,"0,1,2,3,4,5,6,7,8,9,10,11,12,13,14",0,6554,1638
test,54,8192,15,"0,1,2,3,4,5,6,7,8,9,10,11,12,13,14",0,6554,1638
test,55,8192,13,"0,1,2,3,4,5,6,8,9,10,11,12,13",0,6554,1638
test,56,8192,12,"0,1,2,3,6,7,8,9,10,12,13,14",0,6554,1638
test,57,8192,13,"0,1,2,3,4,5,6,8,9,10,11,12,13",0,6554,1638
test,58,8192,15,"0,1,2,3,4,5,6,7,8,9,10,11,12,13,14",0,6554,1638
test,59,8192,15,"0,1,2,3,4,5,6,7,8,9,10,11,12,13,14",0,6554,1638
test,60,8192,15,"0,1,2,3,4,5,6,7,8,9,10,11,12,13,14",0,6554,1638
test,61,8192,13,"0,1,2,3,4,5,6,8,9,10,11,12,13",0,6554,1638
test,62,8192,13,"0,1,2,3,4,5,6,8,9,10,11,12,13",0,6554,1638
test,63,8192,15,"0,1,2,3,4,5,6,7,8,9,10,11,12,13,14",0,6554,1638
test,64,8192,15,"0,1,2,3,4,5,6,7,8,9,10,11,12,13,14",0,6554,1638
test,65,8192,13,"0,1,2,3,4,5,6,8,9,10,11,13,14",0,6554,1638
test,66,8192,12,"0,1,2,3,4,5,6,8,9,11,12,13",0,6554,1638
test,67,8192,15,"0,1,2,3,4,5,6,7,8,9,10,11,12,13,14",0,6554,1638
test,68,8192,12,"0,1,2,4,5,6,8,9,10,11,12,13",0,6554,1638
test,69,8192,15,"0,1,2,3,4,5,6,7,8,9,10,11,12,13,14",0,6554,1638
test,70,8192,15,"0,1,2,3,4,5,6,7,8,9,10,11,12,13,14",0,6554,1638
test,71,8192,14,"0,1,2,3,4,5,6,7,8,9,11,12,13,14",0,6554,1638
test,72,8192,14,"0,1,2,3,4,5,6,8,9,10,11,12,13,14",0,6554,1638
test,73,8192,12,"0,1,2,4,5,6,8,9,10,11,12,13",0,6554,1638
test,74,8192,15,"0,1,2,3,4,5,6,7,8,9,10,11,12,13,14",0,6554,1638
test,75,8192,15,"0,1,2,3,4,5,6,7,8,9,10,11,12,13,14",0,6554,1638
test,76,8192,15,"0,1,2,3,4,5,6,7,8,9,10,11,12,13,14",0,6554,1638
test,77,8192,15,"0,1,2,3,4,5,6,7,8,9,10,11,12,13,14",0,6554,1638
test,78,8192,15,"0,1,2,3,4,5,6,7,8,9,10,11,12,13,14",0,6554,1638
test,79,8192,14,"0,1,2,4,5,6,7,8,9,10,11,12,13,14",0,6554,1638
test,80,8192,15,"0,1,2,3,4,5,6,7,8,9,10,11,12,13,14",0,6554,1638
test,81,8192,15,"0,1,2,3,4,5,6,7,8,9,10,11,12,13,14",0,6554,1638
test,82,8192,15,"0,1,2,3,4,5,6,7,8,9,10,11,12,13,14",0,6554,1638
test,83,8192,13,"0,1,2,3,4,5,6,8,9,10,11,12,13",0,6554,1638
test,84,8192,14,"0,1,2,3,4,5,6,7,8,9,10,11,12,13",0,6554,1638
test,85,8192,15,"0,1,2,3,4,5,6,7,8,9,10,11,12,13,14",0,6554,1638
test,86,8192,15,"0,1,2,3,4,5,6,7,8,9,10,11,12,13,14",0,6554,1638
test,87,8192,12,"0,1,2,4,5,6,8,9,11,12,13,14",0,6554,1638
test,88,8192,15,"0,1,2,3,4,5,6,7,8,9,10,11,12,13,14",0,6554,1638
test,89,8192,14,"0,1,2,3,4,5,6,8,9,10,11,12,13,14",0,6554,1638
test,90,8192,15,"0,1,2,3,4,5,6,7,8,9,10,11,12,13,14",0,6554,1638
test,91,8192,13,"0,1,2,3,4,5,6,8,9,10,11,12,13",0,6554,1638
test,92,8192,14,"0,1,2,3,4,5,6,8,9,10,11,12,13,14",0,6554,1638
test,93,8192,1,0,1,8192,0
test,94,8192,12,"0,1,2,4,5,6,7,8,9,11,12,13",0,6554,1638
