{
  "best_f1": 0.26664549172192004,
  "best_thr": 0.7,
  "test": {
    "acc": 0.8206244574652778,
    "f1": 0.2431179534138385,
    "recall": 0.2204691716836205,
    "iou": 0.13838035051143396
  }
}