{
  "train_loss": [
    2.2954536692676117,
    2.2128978063983302,
    2.1721948283186028,
    2.1317213041610814,
    2.0985927423531603,
    2.0674138361999472,
    2.0383748366282535,
    2.0169131282541355,
    1.9888903262005846,
    1.9685286993424296,
    1.9497130248446026,
    1.9116337887998254,
    1.8888215879648553,
    1.8697545560950382,
    1.844214883099123,
    1.8131250614859626,
    1.7785203243899286,
    1.760317279594412,
    1.7200082675103219,
    1.6985438174704464,
    1.663343197802456,
    1.6487051776561785,
    1.6129711345762532,
    1.5734544664103696,
    1.5538448907305527,
    1.5228522106376534,
    1.5088371391923492,
    1.4115924993460587,
    1.3758829267090071,
    1.3539265204156303,
    1.33152544838619,
    1.315795199598923,
    1.3017522893088036,
    1.2956886386161406,
    1.2677911159862063,
    1.261314155150288,
    1.2371232349138994,
    1.2390282723507278,
    1.2275788233090867,
    1.2137873063312274,
    1.189410141842537,
    1.18590608498003,
    1.1736504955415985,
    1.1227932237365996,
    1.103938266819819,
    1.1125159753907112
  ],
  "train_acc": [
    0.24325692653656006,
    0.26099130511283875,
    0.2631644308567047,
    0.26777753233909607,
    0.27078378200531006,
    0.27939707040786743,
    0.2849780321121216,
    0.2887159585952759,
    0.2953673303127289,
    0.29707470536231995,
    0.29817894101142883,
    0.3094004988670349,
    0.312389612197876,
    0.31619104743003845,
    0.31809717416763306,
    0.3265177309513092,
    0.3344965875148773,
    0.34006962180137634,
    0.3465196490287781,
    0.35259148478507996,
    0.35959020256996155,
    0.3629671633243561,
    0.36959320306777954,
    0.38035792112350464,
    0.3839973509311676,
    0.3871282935142517,
    0.39342573285102844,
    0.41606229543685913,
    0.4198889136314392,
    0.4220696985721588,
    0.42930498719215393,
    0.4320847988128662,
    0.43611449003219604,
    0.43545055389404297,
    0.4377937614917755,
    0.44107452034950256,
    0.4432188868522644,
    0.4442913830280304,
    0.4469589591026306,
    0.44880446791648865,
    0.45275333523750305,
    0.4527958333492279,
    0.45395615696907043,
    0.4639589488506317,
    0.46465033292770386,
    0.465288907289505
  ],
  "train_prec": [
    0.05337610840797424,
    0.0634537860751152,
    0.06467139720916748,
    0.08072429150342941,
    0.07359074056148529,
    0.09283638000488281,
    0.09731284528970718,
    0.11581677198410034,
    0.12050162255764008,
    0.12805546820163727,
    0.13723424077033997,
    0.16144272685050964,
    0.16352470219135284,
    0.1793409138917923,
    0.1785137951374054,
    0.1955588310956955,
    0.20975807309150696,
    0.21683919429779053,
    0.2314768135547638,
    0.22811003029346466,
    0.23963558673858643,
    0.24726921319961548,
    0.2590700685977936,
    0.2809388339519501,
    0.2842402756214142,
    0.29995596408843994,
    0.31624218821525574,
    0.3349591791629791,
    0.3217589557170868,
    0.33111509680747986,
    0.3559253215789795,
    0.36363622546195984,
    0.37278831005096436,
    0.368547260761261,
    0.3723008334636688,
    0.36163660883903503,
    0.3753219246864319,
    0.37675052881240845,
    0.36889293789863586,
    0.3924075961112976,
    0.38966307044029236,
    0.3994324207305908,
    0.3936613202095032,
    0.40665408968925476,
    0.4050920605659485,
    0.41826876997947693
  ],
  "train_rec": [
    0.051850948482751846,
    0.06218573451042175,
    0.06623958796262741,
    0.07239437848329544,
    0.07568205893039703,
    0.08339083939790726,
    0.09524855762720108,
    0.10052505880594254,
    0.10660594701766968,
    0.1143198013305664,
    0.12204232066869736,
    0.1421150416135788,
    0.14996099472045898,
    0.16413767635822296,
    0.16454237699508667,
    0.18242140114307404,
    0.19689954817295074,
    0.2061290591955185,
    0.21037575602531433,
    0.22488471865653992,
    0.23162145912647247,
    0.23681040108203888,
    0.24930740892887115,
    0.25861069560050964,
    0.2663671672344208,
    0.2793165147304535,
    0.28870517015457153,
    0.3159562349319458,
    0.31411078572273254,
    0.32018667459487915,
    0.3317450284957886,
    0.34370529651641846,
    0.35151207447052,
    0.3537815809249878,
    0.3563472628593445,
    0.35128170251846313,
    0.363147109746933,
    0.373518168926239,
    0.3636748790740967,
    0.3768787384033203,
    0.3735109865665436,
    0.3878997564315796,
    0.3805406391620636,
    0.39837074279785156,
    0.40425026416778564,
    0.414386123418808
  ],
  "train_f1": [
    0.040525611490011215,
    0.04060013219714165,
    0.040080294013023376,
    0.05164625123143196,
    0.05273983255028725,
    0.06383306533098221,
    0.07384537160396576,
    0.07982458174228668,
    0.08887141197919846,
    0.09591978043317795,
    0.10580145567655563,
    0.12555024027824402,
    0.13322466611862183,
    0.14866620302200317,
    0.15134839713573456,
    0.16826918721199036,
    0.18457497656345367,
    0.19365112483501434,
    0.19953890144824982,
    0.21283350884914398,
    0.22180373966693878,
    0.22736500203609467,
    0.24005018174648285,
    0.2503429651260376,
    0.2575353682041168,
    0.2711654007434845,
    0.2833859920501709,
    0.3090222179889679,
    0.30543288588523865,
    0.31309425830841064,
    0.3253180980682373,
    0.34134408831596375,
    0.3482227027416229,
    0.35225528478622437,
    0.35246214270591736,
    0.34843406081199646,
    0.3595108091831207,
    0.36711838841438293,
    0.3595624268054962,
    0.37548506259918213,
    0.37201663851737976,
    0.38540515303611755,
    0.3790120780467987,
    0.3923167586326599,
    0.3970578610897064,
    0.41183847188949585
  ],
  "train_iou": [
    0.0229986310005188,
    0.023390188813209534,
    0.023253677412867546,
    0.029579369351267815,
    0.03031998686492443,
    0.03655548393726349,
    0.04240057244896889,
    0.04578205570578575,
    0.051198337227106094,
    0.055412277579307556,
    0.06100088730454445,
    0.07304742932319641,
    0.07755734026432037,
    0.08708906918764114,
    0.08835214376449585,
    0.09874635189771652,
    0.10937745124101639,
    0.11545253545045853,
    0.1187465488910675,
    0.12791596353054047,
    0.13388504087924957,
    0.13780516386032104,
    0.1464550942182541,
    0.15358076989650726,
    0.1582886427640915,
    0.16731074452400208,
    0.17480510473251343,
    0.19426631927490234,
    0.19321300089359283,
    0.19773276150226593,
    0.20689469575881958,
    0.21698836982250214,
    0.22170116007328033,
    0.22375456988811493,
    0.2252179980278015,
    0.22200721502304077,
    0.2298302799463272,
    0.235567107796669,
    0.2313234955072403,
    0.24075374007225037,
    0.23908185958862305,
    0.2488766759634018,
    0.2433965653181076,
    0.2552291452884674,
    0.2581388056278229,
    0.26831284165382385
  ],
  "val_loss": [
    2.431324928998947,
    2.446196456750234,
    2.3344346086184182,
    2.3674136896928153,
    2.342854936917623,
    2.3021455506483712,
    2.3163654804229736,
    2.5149302780628204,
    2.4508807361125946,
    2.3444326519966125,
    2.1966894567012787,
    2.2989234228928885,
    2.3251897394657135,
    2.4376164178053537,
    2.2765714526176453,
    2.713921914498011,
    2.606824298699697,
    2.4522188305854797,
    2.554453800121943,
    2.500284045934677,
    2.4925490617752075,
    2.7135362525780997,
    2.5943849186102548,
    2.8830721775690713,
    2.69782163699468,
    2.3312379320462546,
    2.9888934195041656,
    2.6564695636431375,
    2.7349503437678018,
    2.993868092695872,
    2.619354029496511,
    2.4367185731728873,
    3.465392271677653,
    2.7255755166212716,
    2.5853551228841147,
    2.6995514929294586,
    3.16287832458814,
    2.6625581979751587,
    2.8096406956513724,
    2.84991717338562,
    2.7375857134660087,
    3.0527328054110208,
    2.6468320886294046,
    2.5317896604537964,
    2.6564351518948874,
    2.867916524410248
  ],