{
  "best_epoch": 11,
  "best_val_loss": 2.1966894567012787,
  "test_loss": 2.298656702041626,
  "test_acc": 0.2598298192024231,
  "test_prec": 0.07979664206504822,
  "test_rec": 0.08336177468299866,
  "test_f1": 0.06283564865589142,
  "test_iou": 0.03735388070344925,
  "overall_accuracy_test": 0.2598298192024231,
  "tooth_21": {
    "class_id": 9,
    "class_name": "Diente 21",
    "precision": 0.1666666716337204,
    "recall": 0.5378010272979736,
    "f1": 0.2544716000556946,
    "iou": 0.14578483998775482
  }
}