{
  "class_weights": {
    "0": 0.005993998143821955,
    "1": 0.2821507751941681,
    "2": 0.44190531969070435,
    "3": 0.4248282015323639,
    "4": 0.35912108421325684,
    "5": 0.35533228516578674,
    "6": 0.21196971833705902,
    "7": 0.3929475247859955,
    "8": 6.334244728088379,
    "9": 0.27921560406684875,
    "10": 0.4341033101081848,
    "11": 0.4236292243003845,
    "12": 0.361003041267395,
    "13": 0.35852277278900146,
    "14": 0.2155471295118332,
    "15": 0.37464049458503723,
    "16": 7.156317234039307,
    "17": 0.47361260652542114,
    "18": 0.426131010055542,
    "19": 0.36895060539245605,
    "20": 0.3712034225463867,
    "21": 0.3365790843963623,
    "22": 0.20085543394088745,
    "23": 0.3260285556316376,
    "24": 4.759672164916992,
    "25": 0.47661092877388,
    "26": 0.4272991120815277,
    "27": 0.3742945194244385,
    "28": 0.36800140142440796,
    "29": 0.34234100580215454,
    "30": 0.20405784249305725,
    "31": 0.32259440422058105,
    "32": 4.809566020965576
  },
  "hist_train": {
    "0": 12170757,
    "1": 258555,
    "2": 165084,
    "3": 171720,
    "4": 203139,
    "5": 205305,
    "6": 344160,
    "7": 185652,
    "8": 11517,
    "9": 261273,
    "10": 168051,
    "11": 172206,
    "12": 202080,
    "13": 203478,
    "14": 338448,
    "15": 194724,
    "16": 10194,
    "17": 154032,
    "18": 171195,
    "19": 197727,
    "20": 196527,
    "21": 216744,
    "22": 363204,
    "23": 223758,
    "24": 15327,
    "25": 153063,
    "26": 170727,
    "27": 194904,
    "28": 198237,
    "29": 213096,
    "30": 357504,
    "31": 226140,
    "32": 15168
  }
}